{
"type": "FeatureCollection",
"name": "network",
"crs": { "type": "name", "properties": { "name": "urn:ogc:def:crs:OGC:1.3:CRS84" } },
"features": [
{ "type": "Feature", "properties": { "type": "node", "id": 4.0, "source": null, "target": null }, "geometry": { "type": "Point", "coordinates": [ -77.271261730729734, 39.232633973217993 ] } },
{ "type": "Feature", "properties": { "type": "node", "id": 125.0, "source": null, "target": null }, "geometry": { "type": "Point", "coordinates": [ -77.228752175411785, 39.105297934338367 ] } },
{ "type": "Feature", "properties": { "type": "node", "id": 2.0, "source": null, "target": null }, "geometry": { "type": "Point", "coordinates": [ -77.223556247497342, 39.179364065840879 ] } },
{ "type": "Feature", "properties": { "type": "node", "id": 3.0, "source": null, "target": null }, "geometry": { "type": "Point", "coordinates": [ -77.240295837816518, 39.124020116864649 ] } },
{ "type": "Feature", "properties": { "type": "node", "id": 455.0, "source": null, "target": null }, "geometry": { "type": "Point", "coordinates": [ -77.007485957020293, 38.995805597606171 ] } },
{ "type": "Feature", "properties": { "type": "node", "id": 22.0, "source": null, "target": null }, "geometry": { "type": "Point", "coordinates": [ -77.02533063658808, 38.993631858135338 ] } },
{ "type": "Feature", "properties": { "type": "node", "id": 31.0, "source": null, "target": null }, "geometry": { "type": "Point", "coordinates": [ -77.063148176988932, 39.091435098531086 ] } },
{ "type": "Feature", "properties": { "type": "node", "id": 11.0, "source": null, "target": null }, "geometry": { "type": "Point", "coordinates": [ -77.032924896861871, 38.995193405937783 ] } },
{ "type": "Feature", "properties": { "type": "node", "id": 137.0, "source": null, "target": null }, "geometry": { "type": "Point", "coordinates": [ -76.960944404777919, 38.937927580366051 ] } },
{ "type": "Feature", "properties": { "type": "node", "id": 57.0, "source": null, "target": null }, "geometry": { "type": "Point", "coordinates": [ -76.879445913576333, 38.955561522477069 ] } },
{ "type": "Feature", "properties": { "type": "node", "id": 139.0, "source": null, "target": null }, "geometry": { "type": "Point", "coordinates": [ -76.878884225760515, 38.971619941766662 ] } },
{ "type": "Feature", "properties": { "type": "node", "id": 15.0, "source": null, "target": null }, "geometry": { "type": "Point", "coordinates": [ -77.252288799703862, 39.2038648777689 ] } },
{ "type": "Feature", "properties": { "type": "node", "id": 45.0, "source": null, "target": null }, "geometry": { "type": "Point", "coordinates": [ -77.069161225715618, 39.153940474537663 ] } },
{ "type": "Feature", "properties": { "type": "node", "id": 18.0, "source": null, "target": null }, "geometry": { "type": "Point", "coordinates": [ -77.013420012961774, 39.099906897952586 ] } },
{ "type": "Feature", "properties": { "type": "node", "id": 19.0, "source": null, "target": null }, "geometry": { "type": "Point", "coordinates": [ -77.096056833312275, 38.988676296661829 ] } },
{ "type": "Feature", "properties": { "type": "node", "id": 21.0, "source": null, "target": null }, "geometry": { "type": "Point", "coordinates": [ -77.034394837084648, 38.988269856763694 ] } },
{ "type": "Feature", "properties": { "type": "node", "id": 219.0, "source": null, "target": null }, "geometry": { "type": "Point", "coordinates": [ -76.853897316902135, 38.918480287305663 ] } },
{ "type": "Feature", "properties": { "type": "node", "id": 24.0, "source": null, "target": null }, "geometry": { "type": "Point", "coordinates": [ -76.844488215000069, 38.89947132921116 ] } },
{ "type": "Feature", "properties": { "type": "node", "id": 29.0, "source": null, "target": null }, "geometry": { "type": "Point", "coordinates": [ -77.089871502326062, 38.963937453170878 ] } },
{ "type": "Feature", "properties": { "type": "node", "id": 40.0, "source": null, "target": null }, "geometry": { "type": "Point", "coordinates": [ -77.104627054374731, 38.962779351326311 ] } },
{ "type": "Feature", "properties": { "type": "node", "id": 120.0, "source": null, "target": null }, "geometry": { "type": "Point", "coordinates": [ -77.018209570212761, 38.976244987024458 ] } },
{ "type": "Feature", "properties": { "type": "node", "id": 34.0, "source": null, "target": null }, "geometry": { "type": "Point", "coordinates": [ -76.990738601604164, 38.974083726571266 ] } },
{ "type": "Feature", "properties": { "type": "node", "id": 240.0, "source": null, "target": null }, "geometry": { "type": "Point", "coordinates": [ -76.896295897455289, 38.969906677504653 ] } },
{ "type": "Feature", "properties": { "type": "node", "id": 50.0, "source": null, "target": null }, "geometry": { "type": "Point", "coordinates": [ -76.955130035799797, 38.972935543566003 ] } },
{ "type": "Feature", "properties": { "type": "node", "id": 43.0, "source": null, "target": null }, "geometry": { "type": "Point", "coordinates": [ -76.882735096769977, 38.915728201306834 ] } },
{ "type": "Feature", "properties": { "type": "node", "id": 44.0, "source": null, "target": null }, "geometry": { "type": "Point", "coordinates": [ -76.93852335865337, 38.867647716860716 ] } },
{ "type": "Feature", "properties": { "type": "node", "id": 105.0, "source": null, "target": null }, "geometry": { "type": "Point", "coordinates": [ -77.265652904556447, 39.169551696025415 ] } },
{ "type": "Feature", "properties": { "type": "node", "id": 70.0, "source": null, "target": null }, "geometry": { "type": "Point", "coordinates": [ -76.892231083776991, 38.920923132398613 ] } },
{ "type": "Feature", "properties": { "type": "node", "id": 357.0, "source": null, "target": null }, "geometry": { "type": "Point", "coordinates": [ -76.740241473444357, 38.934724143439169 ] } },
{ "type": "Feature", "properties": { "type": "node", "id": 53.0, "source": null, "target": null }, "geometry": { "type": "Point", "coordinates": [ -77.436729780821267, 38.843578662307642 ] } },
{ "type": "Feature", "properties": { "type": "node", "id": 368.0, "source": null, "target": null }, "geometry": { "type": "Point", "coordinates": [ -77.234251446769633, 38.868130740250848 ] } },
{ "type": "Feature", "properties": { "type": "node", "id": 67.0, "source": null, "target": null }, "geometry": { "type": "Point", "coordinates": [ -77.374012106256799, 38.863719929693872 ] } },
{ "type": "Feature", "properties": { "type": "node", "id": 87.0, "source": null, "target": null }, "geometry": { "type": "Point", "coordinates": [ -77.358338317423616, 38.934339829416487 ] } },
{ "type": "Feature", "properties": { "type": "node", "id": 436.0, "source": null, "target": null }, "geometry": { "type": "Point", "coordinates": [ -77.228126574190227, 38.790742112626376 ] } },
{ "type": "Feature", "properties": { "type": "node", "id": 65.0, "source": null, "target": null }, "geometry": { "type": "Point", "coordinates": [ -77.221755117627566, 38.709238251440432 ] } },
{ "type": "Feature", "properties": { "type": "node", "id": 80.0, "source": null, "target": null }, "geometry": { "type": "Point", "coordinates": [ -77.229229978863259, 38.843908912471427 ] } },
{ "type": "Feature", "properties": { "type": "node", "id": 149.0, "source": null, "target": null }, "geometry": { "type": "Point", "coordinates": [ -77.225733068857721, 38.930581039509391 ] } },
{ "type": "Feature", "properties": { "type": "node", "id": 81.0, "source": null, "target": null }, "geometry": { "type": "Point", "coordinates": [ -77.347820122517035, 38.853790796910125 ] } },
{ "type": "Feature", "properties": { "type": "node", "id": 88.0, "source": null, "target": null }, "geometry": { "type": "Point", "coordinates": [ -77.362212043403233, 38.957915210560763 ] } },
{ "type": "Feature", "properties": { "type": "node", "id": 69.0, "source": null, "target": null }, "geometry": { "type": "Point", "coordinates": [ -77.303181895509113, 38.874701499928818 ] } },
{ "type": "Feature", "properties": { "type": "node", "id": 148.0, "source": null, "target": null }, "geometry": { "type": "Point", "coordinates": [ -77.244650850913573, 38.792199948861132 ] } },
{ "type": "Feature", "properties": { "type": "node", "id": 107.0, "source": null, "target": null }, "geometry": { "type": "Point", "coordinates": [ -77.419215849016638, 38.924486428895662 ] } },
{ "type": "Feature", "properties": { "type": "node", "id": 312.0, "source": null, "target": null }, "geometry": { "type": "Point", "coordinates": [ -77.327262179024586, 38.855563783471133 ] } },
{ "type": "Feature", "properties": { "type": "node", "id": 79.0, "source": null, "target": null }, "geometry": { "type": "Point", "coordinates": [ -77.368770661891077, 38.978123394060532 ] } },
{ "type": "Feature", "properties": { "type": "node", "id": 425.0, "source": null, "target": null }, "geometry": { "type": "Point", "coordinates": [ -77.307448948885266, 38.840759445071406 ] } },
{ "type": "Feature", "properties": { "type": "node", "id": 422.0, "source": null, "target": null }, "geometry": { "type": "Point", "coordinates": [ -77.222807439506795, 38.776996618354751 ] } },
{ "type": "Feature", "properties": { "type": "node", "id": 86.0, "source": null, "target": null }, "geometry": { "type": "Point", "coordinates": [ -77.396765557428822, 38.966584418349292 ] } },
{ "type": "Feature", "properties": { "type": "node", "id": 426.0, "source": null, "target": null }, "geometry": { "type": "Point", "coordinates": [ -77.202537770117928, 38.862885502283397 ] } },
{ "type": "Feature", "properties": { "type": "node", "id": 320.0, "source": null, "target": null }, "geometry": { "type": "Point", "coordinates": [ -77.204675183209716, 38.924486718694588 ] } },
{ "type": "Feature", "properties": { "type": "node", "id": 92.0, "source": null, "target": null }, "geometry": { "type": "Point", "coordinates": [ -77.250622871853579, 38.750115965153888 ] } },
{ "type": "Feature", "properties": { "type": "node", "id": 430.0, "source": null, "target": null }, "geometry": { "type": "Point", "coordinates": [ -77.297885202105945, 38.826191618639633 ] } },
{ "type": "Feature", "properties": { "type": "node", "id": 457.0, "source": null, "target": null }, "geometry": { "type": "Point", "coordinates": [ -77.33801783793173, 38.967488316043969 ] } },
{ "type": "Feature", "properties": { "type": "node", "id": 288.0, "source": null, "target": null }, "geometry": { "type": "Point", "coordinates": [ -77.220556241959301, 38.823510586692244 ] } },
{ "type": "Feature", "properties": { "type": "node", "id": 432.0, "source": null, "target": null }, "geometry": { "type": "Point", "coordinates": [ -77.190336358696271, 38.924632828090573 ] } },
{ "type": "Feature", "properties": { "type": "node", "id": 97.0, "source": null, "target": null }, "geometry": { "type": "Point", "coordinates": [ -77.22459055671365, 39.021139334681394 ] } },
{ "type": "Feature", "properties": { "type": "node", "id": 99.0, "source": null, "target": null }, "geometry": { "type": "Point", "coordinates": [ -77.527479216655763, 39.110845291658862 ] } },
{ "type": "Feature", "properties": { "type": "node", "id": 100.0, "source": null, "target": null }, "geometry": { "type": "Point", "coordinates": [ -77.54036645544852, 38.926475950780919 ] } },
{ "type": "Feature", "properties": { "type": "node", "id": 111.0, "source": null, "target": null }, "geometry": { "type": "Point", "coordinates": [ -77.306384499469573, 39.14015412551953 ] } },
{ "type": "Feature", "properties": { "type": "node", "id": 103.0, "source": null, "target": null }, "geometry": { "type": "Point", "coordinates": [ -77.469638473606381, 39.051785529680039 ] } },
{ "type": "Feature", "properties": { "type": "node", "id": 108.0, "source": null, "target": null }, "geometry": { "type": "Point", "coordinates": [ -77.298901366038393, 38.860399215755017 ] } },
{ "type": "Feature", "properties": { "type": "node", "id": 160.0, "source": null, "target": null }, "geometry": { "type": "Point", "coordinates": [ -77.4870111149135, 39.001488305308584 ] } },
{ "type": "Feature", "properties": { "type": "node", "id": 115.0, "source": null, "target": null }, "geometry": { "type": "Point", "coordinates": [ -77.007723046288334, 38.917778434695819 ] } },
{ "type": "Feature", "properties": { "type": "node", "id": 354.0, "source": null, "target": null }, "geometry": { "type": "Point", "coordinates": [ -76.992916409188936, 38.900822358657685 ] } },
{ "type": "Feature", "properties": { "type": "node", "id": 365.0, "source": null, "target": null }, "geometry": { "type": "Point", "coordinates": [ -77.017679869789845, 38.895514294458152 ] } },
{ "type": "Feature", "properties": { "type": "node", "id": 256.0, "source": null, "target": null }, "geometry": { "type": "Point", "coordinates": [ -77.013780435657097, 38.952599617974791 ] } },
{ "type": "Feature", "properties": { "type": "node", "id": 392.0, "source": null, "target": null }, "geometry": { "type": "Point", "coordinates": [ -77.018659637382598, 38.918843915881077 ] } },
{ "type": "Feature", "properties": { "type": "node", "id": 330.0, "source": null, "target": null }, "geometry": { "type": "Point", "coordinates": [ -76.955024906747511, 38.864812158671342 ] } },
{ "type": "Feature", "properties": { "type": "node", "id": 136.0, "source": null, "target": null }, "geometry": { "type": "Point", "coordinates": [ -77.006714579952174, 38.911508594202452 ] } },
{ "type": "Feature", "properties": { "type": "node", "id": 128.0, "source": null, "target": null }, "geometry": { "type": "Point", "coordinates": [ -77.011062907152422, 38.876106238334806 ] } },
{ "type": "Feature", "properties": { "type": "node", "id": 226.0, "source": null, "target": null }, "geometry": { "type": "Point", "coordinates": [ -77.030795743449133, 38.919139591340617 ] } },
{ "type": "Feature", "properties": { "type": "node", "id": 351.0, "source": null, "target": null }, "geometry": { "type": "Point", "coordinates": [ -77.010177666734933, 38.90262310366775 ] } },
{ "type": "Feature", "properties": { "type": "node", "id": 458.0, "source": null, "target": null }, "geometry": { "type": "Point", "coordinates": [ -76.950417918858676, 38.894435044639216 ] } },
{ "type": "Feature", "properties": { "type": "node", "id": 131.0, "source": null, "target": null }, "geometry": { "type": "Point", "coordinates": [ -76.997567246299681, 38.923297837851187 ] } },
{ "type": "Feature", "properties": { "type": "node", "id": 132.0, "source": null, "target": null }, "geometry": { "type": "Point", "coordinates": [ -77.021158070882095, 38.928880008904954 ] } },
{ "type": "Feature", "properties": { "type": "node", "id": 306.0, "source": null, "target": null }, "geometry": { "type": "Point", "coordinates": [ -76.968234927901008, 38.875930632313192 ] } },
{ "type": "Feature", "properties": { "type": "node", "id": 242.0, "source": null, "target": null }, "geometry": { "type": "Point", "coordinates": [ -76.931948895886563, 38.907926470259106 ] } },
{ "type": "Feature", "properties": { "type": "node", "id": 204.0, "source": null, "target": null }, "geometry": { "type": "Point", "coordinates": [ -76.994041997913826, 38.938694401744542 ] } },
{ "type": "Feature", "properties": { "type": "node", "id": 151.0, "source": null, "target": null }, "geometry": { "type": "Point", "coordinates": [ -77.022133457094952, 38.88386287483948 ] } },
{ "type": "Feature", "properties": { "type": "node", "id": 211.0, "source": null, "target": null }, "geometry": { "type": "Point", "coordinates": [ -77.042118964576446, 38.922312928934282 ] } },
{ "type": "Feature", "properties": { "type": "node", "id": 227.0, "source": null, "target": null }, "geometry": { "type": "Point", "coordinates": [ -76.99784280025159, 38.916689849963426 ] } },
{ "type": "Feature", "properties": { "type": "node", "id": 210.0, "source": null, "target": null }, "geometry": { "type": "Point", "coordinates": [ -76.979490630540838, 38.91818062953147 ] } },
{ "type": "Feature", "properties": { "type": "node", "id": 190.0, "source": null, "target": null }, "geometry": { "type": "Point", "coordinates": [ -77.019834194376557, 38.909846557674321 ] } },
{ "type": "Feature", "properties": { "type": "node", "id": 153.0, "source": null, "target": null }, "geometry": { "type": "Point", "coordinates": [ -77.098670977840996, 38.926417612873841 ] } },
{ "type": "Feature", "properties": { "type": "node", "id": 150.0, "source": null, "target": null }, "geometry": { "type": "Point", "coordinates": [ -77.033218510414784, 38.96157824235015 ] } },
{ "type": "Feature", "properties": { "type": "node", "id": 154.0, "source": null, "target": null }, "geometry": { "type": "Point", "coordinates": [ -77.04885273445214, 38.915099581154614 ] } },
{ "type": "Feature", "properties": { "type": "node", "id": 225.0, "source": null, "target": null }, "geometry": { "type": "Point", "coordinates": [ -76.994336478599749, 38.885624779736304 ] } },
{ "type": "Feature", "properties": { "type": "node", "id": 167.0, "source": null, "target": null }, "geometry": { "type": "Point", "coordinates": [ -77.023888294929208, 38.966228290847262 ] } },
{ "type": "Feature", "properties": { "type": "node", "id": 178.0, "source": null, "target": null }, "geometry": { "type": "Point", "coordinates": [ -77.108508383359236, 38.934130613567675 ] } },
{ "type": "Feature", "properties": { "type": "node", "id": 260.0, "source": null, "target": null }, "geometry": { "type": "Point", "coordinates": [ -77.024020007603795, 38.939720353488887 ] } },
{ "type": "Feature", "properties": { "type": "node", "id": 375.0, "source": null, "target": null }, "geometry": { "type": "Point", "coordinates": [ -77.028294469598862, 38.982390766421204 ] } },
{ "type": "Feature", "properties": { "type": "node", "id": 404.0, "source": null, "target": null }, "geometry": { "type": "Point", "coordinates": [ -76.948237010017337, 38.902104058494182 ] } },
{ "type": "Feature", "properties": { "type": "node", "id": 164.0, "source": null, "target": null }, "geometry": { "type": "Point", "coordinates": [ -77.026309803478796, 38.900772201454068 ] } },
{ "type": "Feature", "properties": { "type": "node", "id": 169.0, "source": null, "target": null }, "geometry": { "type": "Point", "coordinates": [ -77.086947043741517, 38.936901402420474 ] } },
{ "type": "Feature", "properties": { "type": "node", "id": 170.0, "source": null, "target": null }, "geometry": { "type": "Point", "coordinates": [ -77.12967373520614, 38.911429067747534 ] } },
{ "type": "Feature", "properties": { "type": "node", "id": 220.0, "source": null, "target": null }, "geometry": { "type": "Point", "coordinates": [ -76.978307333388997, 38.901243352279629 ] } },
{ "type": "Feature", "properties": { "type": "node", "id": 174.0, "source": null, "target": null }, "geometry": { "type": "Point", "coordinates": [ -76.983473260743253, 38.834051104092055 ] } },
{ "type": "Feature", "properties": { "type": "node", "id": 176.0, "source": null, "target": null }, "geometry": { "type": "Point", "coordinates": [ -77.073874657588291, 38.940243450163024 ] } },
{ "type": "Feature", "properties": { "type": "node", "id": 177.0, "source": null, "target": null }, "geometry": { "type": "Point", "coordinates": [ -77.078723474006239, 38.911800558861309 ] } },
{ "type": "Feature", "properties": { "type": "node", "id": 179.0, "source": null, "target": null }, "geometry": { "type": "Point", "coordinates": [ -76.975857291215561, 38.940410124083662 ] } },
{ "type": "Feature", "properties": { "type": "node", "id": 221.0, "source": null, "target": null }, "geometry": { "type": "Point", "coordinates": [ -77.04652738640722, 38.901366642923961 ] } },
{ "type": "Feature", "properties": { "type": "node", "id": 447.0, "source": null, "target": null }, "geometry": { "type": "Point", "coordinates": [ -76.981594531099745, 38.847183783074556 ] } },
{ "type": "Feature", "properties": { "type": "node", "id": 424.0, "source": null, "target": null }, "geometry": { "type": "Point", "coordinates": [ -77.013381998963339, 38.8225317046507 ] } },
{ "type": "Feature", "properties": { "type": "node", "id": 185.0, "source": null, "target": null }, "geometry": { "type": "Point", "coordinates": [ -76.970526253662996, 38.858224898134573 ] } },
{ "type": "Feature", "properties": { "type": "node", "id": 186.0, "source": null, "target": null }, "geometry": { "type": "Point", "coordinates": [ -77.014404462353511, 38.83491554201899 ] } },
{ "type": "Feature", "properties": { "type": "node", "id": 187.0, "source": null, "target": null }, "geometry": { "type": "Point", "coordinates": [ -77.061667990030514, 38.907592258919429 ] } },
{ "type": "Feature", "properties": { "type": "node", "id": 188.0, "source": null, "target": null }, "geometry": { "type": "Point", "coordinates": [ -77.035868643572243, 38.930170994884932 ] } },
{ "type": "Feature", "properties": { "type": "node", "id": 238.0, "source": null, "target": null }, "geometry": { "type": "Point", "coordinates": [ -77.040729137000653, 38.910253489727673 ] } },
{ "type": "Feature", "properties": { "type": "node", "id": 237.0, "source": null, "target": null }, "geometry": { "type": "Point", "coordinates": [ -77.025997316601988, 38.911234381857909 ] } },
{ "type": "Feature", "properties": { "type": "node", "id": 435.0, "source": null, "target": null }, "geometry": { "type": "Point", "coordinates": [ -76.99694486526937, 38.952145566277196 ] } },
{ "type": "Feature", "properties": { "type": "node", "id": 236.0, "source": null, "target": null }, "geometry": { "type": "Point", "coordinates": [ -77.075774972360065, 38.96627212458138 ] } },
{ "type": "Feature", "properties": { "type": "node", "id": 197.0, "source": null, "target": null }, "geometry": { "type": "Point", "coordinates": [ -77.083263919393858, 38.949854761478811 ] } },
{ "type": "Feature", "properties": { "type": "node", "id": 459.0, "source": null, "target": null }, "geometry": { "type": "Point", "coordinates": [ -77.065378969209206, 38.947423447564347 ] } },
{ "type": "Feature", "properties": { "type": "node", "id": 203.0, "source": null, "target": null }, "geometry": { "type": "Point", "coordinates": [ -77.034166042521392, 38.942865404978626 ] } },
{ "type": "Feature", "properties": { "type": "node", "id": 272.0, "source": null, "target": null }, "geometry": { "type": "Point", "coordinates": [ -77.058545133975628, 38.9370548444764 ] } },
{ "type": "Feature", "properties": { "type": "node", "id": 277.0, "source": null, "target": null }, "geometry": { "type": "Point", "coordinates": [ -76.976671832733572, 38.929480543107694 ] } },
{ "type": "Feature", "properties": { "type": "node", "id": 213.0, "source": null, "target": null }, "geometry": { "type": "Point", "coordinates": [ -77.070345391893781, 38.917344418754119 ] } },
{ "type": "Feature", "properties": { "type": "node", "id": 449.0, "source": null, "target": null }, "geometry": { "type": "Point", "coordinates": [ -77.097424638175752, 38.912993370127296 ] } },
{ "type": "Feature", "properties": { "type": "node", "id": 234.0, "source": null, "target": null }, "geometry": { "type": "Point", "coordinates": [ -77.039389772585963, 38.974742184200565 ] } },
{ "type": "Feature", "properties": { "type": "node", "id": 135.0, "source": null, "target": null }, "geometry": { "type": "Point", "coordinates": [ -77.02182336383963, 38.906493132442435 ] } },
{ "type": "Feature", "properties": { "type": "node", "id": 246.0, "source": null, "target": null }, "geometry": { "type": "Point", "coordinates": [ -77.002144777881909, 38.963503230677716 ] } },
{ "type": "Feature", "properties": { "type": "node", "id": 247.0, "source": null, "target": null }, "geometry": { "type": "Point", "coordinates": [ -76.99520739392328, 38.962817938108373 ] } },
{ "type": "Feature", "properties": { "type": "node", "id": 367.0, "source": null, "target": null }, "geometry": { "type": "Point", "coordinates": [ -77.0634465223647, 38.965344656536566 ] } },
{ "type": "Feature", "properties": { "type": "node", "id": 250.0, "source": null, "target": null }, "geometry": { "type": "Point", "coordinates": [ -77.071074111024402, 38.957100457300228 ] } },
{ "type": "Feature", "properties": { "type": "node", "id": 254.0, "source": null, "target": null }, "geometry": { "type": "Point", "coordinates": [ -77.03462059394171, 38.954934160548476 ] } },
{ "type": "Feature", "properties": { "type": "node", "id": 261.0, "source": null, "target": null }, "geometry": { "type": "Point", "coordinates": [ -76.981348337389022, 38.948432535123693 ] } },
{ "type": "Feature", "properties": { "type": "node", "id": 280.0, "source": null, "target": null }, "geometry": { "type": "Point", "coordinates": [ -77.073903353155615, 38.927562436221237 ] } },
{ "type": "Feature", "properties": { "type": "node", "id": 281.0, "source": null, "target": null }, "geometry": { "type": "Point", "coordinates": [ -76.990053290920102, 38.930674968718883 ] } },
{ "type": "Feature", "properties": { "type": "node", "id": 282.0, "source": null, "target": null }, "geometry": { "type": "Point", "coordinates": [ -76.960592842327202, 38.926480345322915 ] } },
{ "type": "Feature", "properties": { "type": "node", "id": 389.0, "source": null, "target": null }, "geometry": { "type": "Point", "coordinates": [ -77.056589712164481, 38.924527591732165 ] } },
{ "type": "Feature", "properties": { "type": "node", "id": 294.0, "source": null, "target": null }, "geometry": { "type": "Point", "coordinates": [ -76.928467171749375, 38.89266484409994 ] } },
{ "type": "Feature", "properties": { "type": "node", "id": 295.0, "source": null, "target": null }, "geometry": { "type": "Point", "coordinates": [ -76.938385872012091, 38.889598912962676 ] } },
{ "type": "Feature", "properties": { "type": "node", "id": 297.0, "source": null, "target": null }, "geometry": { "type": "Point", "coordinates": [ -76.954393901324451, 38.888214703797559 ] } },
{ "type": "Feature", "properties": { "type": "node", "id": 301.0, "source": null, "target": null }, "geometry": { "type": "Point", "coordinates": [ -76.924650681801069, 38.880637094401102 ] } },
{ "type": "Feature", "properties": { "type": "node", "id": 300.0, "source": null, "target": null }, "geometry": { "type": "Point", "coordinates": [ -76.941940456503474, 38.880982099956675 ] } },
{ "type": "Feature", "properties": { "type": "node", "id": 434.0, "source": null, "target": null }, "geometry": { "type": "Point", "coordinates": [ -76.949170137321715, 38.884123262358429 ] } },
{ "type": "Feature", "properties": { "type": "node", "id": 409.0, "source": null, "target": null }, "geometry": { "type": "Point", "coordinates": [ -77.015177104095201, 38.880361531651111 ] } },
{ "type": "Feature", "properties": { "type": "node", "id": 311.0, "source": null, "target": null }, "geometry": { "type": "Point", "coordinates": [ -76.984685631605473, 38.865709249128429 ] } },
{ "type": "Feature", "properties": { "type": "node", "id": 332.0, "source": null, "target": null }, "geometry": { "type": "Point", "coordinates": [ -76.994970918548503, 38.85997994921393 ] } },
{ "type": "Feature", "properties": { "type": "node", "id": 322.0, "source": null, "target": null }, "geometry": { "type": "Point", "coordinates": [ -76.984535591179736, 38.855876433821877 ] } },
{ "type": "Feature", "properties": { "type": "node", "id": 337.0, "source": null, "target": null }, "geometry": { "type": "Point", "coordinates": [ -76.998041316804859, 38.843290491952501 ] } },
{ "type": "Feature", "properties": { "type": "node", "id": 326.0, "source": null, "target": null }, "geometry": { "type": "Point", "coordinates": [ -76.989967070056224, 38.841443072355645 ] } },
{ "type": "Feature", "properties": { "type": "node", "id": 378.0, "source": null, "target": null }, "geometry": { "type": "Point", "coordinates": [ -77.005147951768507, 38.848710445968564 ] } },
{ "type": "Feature", "properties": { "type": "node", "id": 341.0, "source": null, "target": null }, "geometry": { "type": "Point", "coordinates": [ -76.999136674107859, 38.836301107106465 ] } },
{ "type": "Feature", "properties": { "type": "node", "id": 342.0, "source": null, "target": null }, "geometry": { "type": "Point", "coordinates": [ -77.016659524735957, 38.83253780166887 ] } },
{ "type": "Feature", "properties": { "type": "node", "id": 275.0, "source": null, "target": null }, "geometry": { "type": "Point", "coordinates": [ -76.995775516919636, 38.825712092385956 ] } },
{ "type": "Feature", "properties": { "type": "node", "id": 350.0, "source": null, "target": null }, "geometry": { "type": "Point", "coordinates": [ -77.03286508920722, 38.900331433040883 ] } },
{ "type": "Feature", "properties": { "type": "node", "id": 352.0, "source": null, "target": null }, "geometry": { "type": "Point", "coordinates": [ -76.91741915269823, 38.900346672675916 ] } },
{ "type": "Feature", "properties": { "type": "node", "id": 362.0, "source": null, "target": null }, "geometry": { "type": "Point", "coordinates": [ -76.98333982816672, 38.892626202667834 ] } },
{ "type": "Feature", "properties": { "type": "node", "id": 366.0, "source": null, "target": null }, "geometry": { "type": "Point", "coordinates": [ -77.029630568853847, 38.895495223998054 ] } },
{ "type": "Feature", "properties": { "type": "node", "id": 258.0, "source": null, "target": null }, "geometry": { "type": "Point", "coordinates": [ -76.910556735311246, 38.894343837864682 ] } },
{ "type": "Feature", "properties": { "type": "node", "id": 431.0, "source": null, "target": null }, "geometry": { "type": "Point", "coordinates": [ -77.04985037199431, 38.855403697054584 ] } },
{ "type": "Feature", "properties": { "type": "node", "id": 393.0, "source": null, "target": null }, "geometry": { "type": "Point", "coordinates": [ -77.056378198695185, 38.83875989022507 ] } },
{ "type": "Feature", "properties": { "type": "node", "id": 390.0, "source": null, "target": null }, "geometry": { "type": "Point", "coordinates": [ -76.959989103085292, 38.846888222036966 ] } },
{ "type": "Feature", "properties": { "type": "node", "id": 403.0, "source": null, "target": null }, "geometry": { "type": "Point", "coordinates": [ -77.048614144646947, 38.930787332520936 ] } },
{ "type": "Feature", "properties": { "type": "node", "id": 405.0, "source": null, "target": null }, "geometry": { "type": "Point", "coordinates": [ -76.994293266347242, 38.8759296306132 ] } },
{ "type": "Feature", "properties": { "type": "node", "id": 408.0, "source": null, "target": null }, "geometry": { "type": "Point", "coordinates": [ -76.994632017794004, 38.842336329368187 ] } },
{ "type": "Feature", "properties": { "type": "node", "id": 410.0, "source": null, "target": null }, "geometry": { "type": "Point", "coordinates": [ -77.040272873124863, 38.901289122655221 ] } },
{ "type": "Feature", "properties": { "type": "node", "id": 411.0, "source": null, "target": null }, "geometry": { "type": "Point", "coordinates": [ -77.047474825885089, 38.819985288451463 ] } },
{ "type": "Feature", "properties": { "type": "node", "id": 163.0, "source": null, "target": null }, "geometry": { "type": "Point", "coordinates": [ -77.062505609118631, 38.988851962976675 ] } },
{ "type": "Feature", "properties": { "type": "node", "id": 419.0, "source": null, "target": null }, "geometry": { "type": "Point", "coordinates": [ -77.026398246032343, 38.891571170801967 ] } },
{ "type": "Feature", "properties": { "type": "node", "id": 418.0, "source": null, "target": null }, "geometry": { "type": "Point", "coordinates": [ -77.054503556125795, 38.867422632970381 ] } },
{ "type": "Feature", "properties": { "type": "node", "id": 364.0, "source": null, "target": null }, "geometry": { "type": "Point", "coordinates": [ -77.042378061643959, 38.894067167028872 ] } },
{ "type": "Feature", "properties": { "type": "node", "id": 156.0, "source": null, "target": null }, "geometry": { "type": "Point", "coordinates": [ -77.08066185451716, 38.893946802113824 ] } },
{ "type": "Feature", "properties": { "type": "node", "id": 159.0, "source": null, "target": null }, "geometry": { "type": "Point", "coordinates": [ -77.084837927896743, 38.96056582936189 ] } },
{ "type": "Feature", "properties": { "type": "node", "id": 439.0, "source": null, "target": null }, "geometry": { "type": "Point", "coordinates": [ -76.958723726827742, 38.857535301487893 ] } },
{ "type": "Feature", "properties": { "type": "node", "id": 85.0, "source": null, "target": null }, "geometry": { "type": "Point", "coordinates": [ -76.904149717678536, 38.859214271342857 ] } },
{ "type": "Feature", "properties": { "type": "node", "id": 266.0, "source": null, "target": null }, "geometry": { "type": "Point", "coordinates": [ -76.927859897583446, 38.871645057355622 ] } },
{ "type": "Feature", "properties": { "type": "node", "id": 451.0, "source": null, "target": null }, "geometry": { "type": "Point", "coordinates": [ -76.943720519197285, 38.834087304797777 ] } },
{ "type": "Feature", "properties": { "type": "node", "id": 452.0, "source": null, "target": null }, "geometry": { "type": "Point", "coordinates": [ -76.849849428034361, 38.888229253761921 ] } },
{ "type": "Feature", "properties": { "type": "node", "id": 283.0, "source": null, "target": null }, "geometry": { "type": "Point", "coordinates": [ -76.999906701003127, 38.816872843149987 ] } },
{ "type": "Feature", "properties": { "type": "node", "id": 454.0, "source": null, "target": null }, "geometry": { "type": "Point", "coordinates": [ -76.948968825479767, 38.936035075726991 ] } },
{ "type": "Feature", "properties": { "type": "node", "id": 155.0, "source": null, "target": null }, "geometry": { "type": "Point", "coordinates": [ -76.965278674784088, 38.955124783928177 ] } },
{ "type": "Feature", "properties": { "type": "node", "id": 249.0, "source": null, "target": null }, "geometry": { "type": "Point", "coordinates": [ -76.984771601339716, 38.803270926866588 ] } },
{ "type": "Feature", "properties": { "type": "node", "id": 360.0, "source": null, "target": null }, "geometry": { "type": "Point", "coordinates": [ -76.988479749962934, 38.833605978943915 ] } },
{ "type": "Feature", "properties": { "type": "node", "id": 245.0, "source": null, "target": null }, "geometry": { "type": "Point", "coordinates": [ -76.92503257022787, 39.004575641235476 ] } },
{ "type": "Feature", "properties": { "type": "node", "id": 76.0, "source": null, "target": null }, "geometry": { "type": "Point", "coordinates": [ -76.816565261108011, 38.888561550641604 ] } },
{ "type": "Feature", "properties": { "type": "node", "id": 0.0, "source": null, "target": null }, "geometry": { "type": "Point", "coordinates": [ -76.827292497323285, 38.763885602437476 ] } },
{ "type": "Feature", "properties": { "type": "node", "id": 464.0, "source": null, "target": null }, "geometry": { "type": "Point", "coordinates": [ -77.050672672094137, 39.039025645307554 ] } },
{ "type": "Feature", "properties": { "type": "node", "id": 1.0, "source": null, "target": null }, "geometry": { "type": "Point", "coordinates": [ -76.881163752157349, 39.023131764055435 ] } },
{ "type": "Feature", "properties": { "type": "node", "id": 5.0, "source": null, "target": null }, "geometry": { "type": "Point", "coordinates": [ -76.954190838664843, 39.050205975487231 ] } },
{ "type": "Feature", "properties": { "type": "node", "id": 20.0, "source": null, "target": null }, "geometry": { "type": "Point", "coordinates": [ -77.049143991146238, 39.061312408333229 ] } },
{ "type": "Feature", "properties": { "type": "node", "id": 6.0, "source": null, "target": null }, "geometry": { "type": "Point", "coordinates": [ -77.158234199044387, 39.071448800159764 ] } },
{ "type": "Feature", "properties": { "type": "node", "id": 33.0, "source": null, "target": null }, "geometry": { "type": "Point", "coordinates": [ -76.747881828519539, 38.839827604926448 ] } },
{ "type": "Feature", "properties": { "type": "node", "id": 49.0, "source": null, "target": null }, "geometry": { "type": "Point", "coordinates": [ -77.190617051577149, 39.109773783105979 ] } },
{ "type": "Feature", "properties": { "type": "node", "id": 134.0, "source": null, "target": null }, "geometry": { "type": "Point", "coordinates": [ -76.764628705093884, 38.993806491025417 ] } },
{ "type": "Feature", "properties": { "type": "node", "id": 61.0, "source": null, "target": null }, "geometry": { "type": "Point", "coordinates": [ -76.850785542274807, 39.101649753449443 ] } },
{ "type": "Feature", "properties": { "type": "node", "id": 41.0, "source": null, "target": null }, "geometry": { "type": "Point", "coordinates": [ -77.150285060692823, 39.085209965285415 ] } },
{ "type": "Feature", "properties": { "type": "node", "id": 73.0, "source": null, "target": null }, "geometry": { "type": "Point", "coordinates": [ -76.879557556741986, 38.84852375144046 ] } },
{ "type": "Feature", "properties": { "type": "node", "id": 7.0, "source": null, "target": null }, "geometry": { "type": "Point", "coordinates": [ -76.968090198809151, 39.058880456568062 ] } },
{ "type": "Feature", "properties": { "type": "node", "id": 198.0, "source": null, "target": null }, "geometry": { "type": "Point", "coordinates": [ -77.157402594374773, 39.100954362481204 ] } },
{ "type": "Feature", "properties": { "type": "node", "id": 394.0, "source": null, "target": null }, "geometry": { "type": "Point", "coordinates": [ -76.967216403289569, 39.005262662203165 ] } },
{ "type": "Feature", "properties": { "type": "node", "id": 310.0, "source": null, "target": null }, "geometry": { "type": "Point", "coordinates": [ -76.961588357117876, 38.985556779114496 ] } },
{ "type": "Feature", "properties": { "type": "node", "id": 42.0, "source": null, "target": null }, "geometry": { "type": "Point", "coordinates": [ -77.103818811503558, 39.026119144082266 ] } },
{ "type": "Feature", "properties": { "type": "node", "id": 382.0, "source": null, "target": null }, "geometry": { "type": "Point", "coordinates": [ -76.815141067465319, 38.938628055042528 ] } },
{ "type": "Feature", "properties": { "type": "node", "id": 8.0, "source": null, "target": null }, "geometry": { "type": "Point", "coordinates": [ -76.935355353029365, 38.982298342971546 ] } },
{ "type": "Feature", "properties": { "type": "node", "id": 421.0, "source": null, "target": null }, "geometry": { "type": "Point", "coordinates": [ -76.928269115892476, 39.048617278733076 ] } },
{ "type": "Feature", "properties": { "type": "node", "id": 9.0, "source": null, "target": null }, "geometry": { "type": "Point", "coordinates": [ -76.948416743609187, 38.95264928582845 ] } },
{ "type": "Feature", "properties": { "type": "node", "id": 46.0, "source": null, "target": null }, "geometry": { "type": "Point", "coordinates": [ -77.215217641969147, 39.14655662907122 ] } },
{ "type": "Feature", "properties": { "type": "node", "id": 10.0, "source": null, "target": null }, "geometry": { "type": "Point", "coordinates": [ -76.941487290059854, 38.989886837747541 ] } },
{ "type": "Feature", "properties": { "type": "node", "id": 12.0, "source": null, "target": null }, "geometry": { "type": "Point", "coordinates": [ -77.157315757808576, 39.201020868669353 ] } },
{ "type": "Feature", "properties": { "type": "node", "id": 77.0, "source": null, "target": null }, "geometry": { "type": "Point", "coordinates": [ -76.906813002823583, 38.966925445672636 ] } },
{ "type": "Feature", "properties": { "type": "node", "id": 83.0, "source": null, "target": null }, "geometry": { "type": "Point", "coordinates": [ -76.922486411277731, 38.959891527647436 ] } },
{ "type": "Feature", "properties": { "type": "node", "id": 13.0, "source": null, "target": null }, "geometry": { "type": "Point", "coordinates": [ -76.900767950208703, 38.806518081061249 ] } },
{ "type": "Feature", "properties": { "type": "node", "id": 270.0, "source": null, "target": null }, "geometry": { "type": "Point", "coordinates": [ -76.952584360207936, 38.966905635789651 ] } },
{ "type": "Feature", "properties": { "type": "node", "id": 54.0, "source": null, "target": null }, "geometry": { "type": "Point", "coordinates": [ -76.889227977849188, 39.003789808543445 ] } },
{ "type": "Feature", "properties": { "type": "node", "id": 396.0, "source": null, "target": null }, "geometry": { "type": "Point", "coordinates": [ -76.971598332895525, 38.789512970436185 ] } },
{ "type": "Feature", "properties": { "type": "node", "id": 38.0, "source": null, "target": null }, "geometry": { "type": "Point", "coordinates": [ -76.872488323965584, 38.99259884886056 ] } },
{ "type": "Feature", "properties": { "type": "node", "id": 205.0, "source": null, "target": null }, "geometry": { "type": "Point", "coordinates": [ -76.983081977867869, 38.98924213147054 ] } },
{ "type": "Feature", "properties": { "type": "node", "id": 106.0, "source": null, "target": null }, "geometry": { "type": "Point", "coordinates": [ -77.177206652857961, 39.052188567936504 ] } },
{ "type": "Feature", "properties": { "type": "node", "id": 14.0, "source": null, "target": null }, "geometry": { "type": "Point", "coordinates": [ -77.087924100380448, 39.007431828962218 ] } },
{ "type": "Feature", "properties": { "type": "node", "id": 16.0, "source": null, "target": null }, "geometry": { "type": "Point", "coordinates": [ -77.168792322722183, 38.970289573729374 ] } },
{ "type": "Feature", "properties": { "type": "node", "id": 48.0, "source": null, "target": null }, "geometry": { "type": "Point", "coordinates": [ -76.970609827498009, 39.019873935480703 ] } },
{ "type": "Feature", "properties": { "type": "node", "id": 17.0, "source": null, "target": null }, "geometry": { "type": "Point", "coordinates": [ -76.942809280299826, 39.07204363551358 ] } },
{ "type": "Feature", "properties": { "type": "node", "id": 47.0, "source": null, "target": null }, "geometry": { "type": "Point", "coordinates": [ -77.161403046844413, 39.121772020201611 ] } },
{ "type": "Feature", "properties": { "type": "node", "id": 23.0, "source": null, "target": null }, "geometry": { "type": "Point", "coordinates": [ -77.157467252975835, 39.154849542303431 ] } },
{ "type": "Feature", "properties": { "type": "node", "id": 25.0, "source": null, "target": null }, "geometry": { "type": "Point", "coordinates": [ -77.023256060251668, 39.036477266122326 ] } },
{ "type": "Feature", "properties": { "type": "node", "id": 26.0, "source": null, "target": null }, "geometry": { "type": "Point", "coordinates": [ -76.998700570849351, 39.087103773085516 ] } },
{ "type": "Feature", "properties": { "type": "node", "id": 27.0, "source": null, "target": null }, "geometry": { "type": "Point", "coordinates": [ -77.209975879330656, 39.27341762326445 ] } },
{ "type": "Feature", "properties": { "type": "node", "id": 117.0, "source": null, "target": null }, "geometry": { "type": "Point", "coordinates": [ -77.093302525106878, 39.053932507764316 ] } },
{ "type": "Feature", "properties": { "type": "node", "id": 118.0, "source": null, "target": null }, "geometry": { "type": "Point", "coordinates": [ -77.12276497302679, 39.061382744401747 ] } },
{ "type": "Feature", "properties": { "type": "node", "id": 36.0, "source": null, "target": null }, "geometry": { "type": "Point", "coordinates": [ -76.931888256142855, 38.940110964404951 ] } },
{ "type": "Feature", "properties": { "type": "node", "id": 35.0, "source": null, "target": null }, "geometry": { "type": "Point", "coordinates": [ -76.734182046659456, 38.976179605454945 ] } },
{ "type": "Feature", "properties": { "type": "node", "id": 257.0, "source": null, "target": null }, "geometry": { "type": "Point", "coordinates": [ -76.900211890914591, 38.849296557610124 ] } },
{ "type": "Feature", "properties": { "type": "node", "id": 28.0, "source": null, "target": null }, "geometry": { "type": "Point", "coordinates": [ -76.953010995647361, 38.942754165488424 ] } },
{ "type": "Feature", "properties": { "type": "node", "id": 30.0, "source": null, "target": null }, "geometry": { "type": "Point", "coordinates": [ -76.821243581891579, 38.987392926868708 ] } },
{ "type": "Feature", "properties": { "type": "node", "id": 32.0, "source": null, "target": null }, "geometry": { "type": "Point", "coordinates": [ -76.736285571197783, 38.909869877161896 ] } },
{ "type": "Feature", "properties": { "type": "node", "id": 60.0, "source": null, "target": null }, "geometry": { "type": "Point", "coordinates": [ -76.90394419569003, 38.99316693816958 ] } },
{ "type": "Feature", "properties": { "type": "node", "id": 72.0, "source": null, "target": null }, "geometry": { "type": "Point", "coordinates": [ -76.931391021990564, 38.800998580765743 ] } },
{ "type": "Feature", "properties": { "type": "node", "id": 141.0, "source": null, "target": null }, "geometry": { "type": "Point", "coordinates": [ -77.019932897836298, 38.764283554867603 ] } },
{ "type": "Feature", "properties": { "type": "node", "id": 285.0, "source": null, "target": null }, "geometry": { "type": "Point", "coordinates": [ -77.027941029265108, 38.723440840038322 ] } },
{ "type": "Feature", "properties": { "type": "node", "id": 74.0, "source": null, "target": null }, "geometry": { "type": "Point", "coordinates": [ -76.739106718961949, 38.955152054033263 ] } },
{ "type": "Feature", "properties": { "type": "node", "id": 58.0, "source": null, "target": null }, "geometry": { "type": "Point", "coordinates": [ -76.860630411243307, 38.968693557241771 ] } },
{ "type": "Feature", "properties": { "type": "node", "id": 39.0, "source": null, "target": null }, "geometry": { "type": "Point", "coordinates": [ -76.876198527990354, 38.89469225447354 ] } },
{ "type": "Feature", "properties": { "type": "node", "id": 243.0, "source": null, "target": null }, "geometry": { "type": "Point", "coordinates": [ -76.932700143229738, 38.993608258588061 ] } },
{ "type": "Feature", "properties": { "type": "node", "id": 228.0, "source": null, "target": null }, "geometry": { "type": "Point", "coordinates": [ -76.911935126427409, 38.885104284972222 ] } },
{ "type": "Feature", "properties": { "type": "node", "id": 37.0, "source": null, "target": null }, "geometry": { "type": "Point", "coordinates": [ -76.907376626850279, 38.919511976872002 ] } },
{ "type": "Feature", "properties": { "type": "node", "id": 158.0, "source": null, "target": null }, "geometry": { "type": "Point", "coordinates": [ -76.928958700204547, 38.841960736890734 ] } },
{ "type": "Feature", "properties": { "type": "node", "id": 413.0, "source": null, "target": null }, "geometry": { "type": "Point", "coordinates": [ -76.784022429950269, 38.890032100869973 ] } },
{ "type": "Feature", "properties": { "type": "node", "id": 93.0, "source": null, "target": null }, "geometry": { "type": "Point", "coordinates": [ -76.855443511848208, 39.078421434301909 ] } },
{ "type": "Feature", "properties": { "type": "node", "id": 259.0, "source": null, "target": null }, "geometry": { "type": "Point", "coordinates": [ -76.880253933648987, 38.931204665002959 ] } },
{ "type": "Feature", "properties": { "type": "node", "id": 406.0, "source": null, "target": null }, "geometry": { "type": "Point", "coordinates": [ -76.986025976676999, 38.737659467171191 ] } },
{ "type": "Feature", "properties": { "type": "node", "id": 383.0, "source": null, "target": null }, "geometry": { "type": "Point", "coordinates": [ -76.983426296730087, 38.819945501668528 ] } },
{ "type": "Feature", "properties": { "type": "node", "id": 82.0, "source": null, "target": null }, "geometry": { "type": "Point", "coordinates": [ -76.89949256882349, 38.904344970659906 ] } },
{ "type": "Feature", "properties": { "type": "node", "id": 78.0, "source": null, "target": null }, "geometry": { "type": "Point", "coordinates": [ -76.923182033070603, 38.946408808341964 ] } },
{ "type": "Feature", "properties": { "type": "node", "id": 75.0, "source": null, "target": null }, "geometry": { "type": "Point", "coordinates": [ -76.896071017352398, 38.765784833529501 ] } },
{ "type": "Feature", "properties": { "type": "node", "id": 209.0, "source": null, "target": null }, "geometry": { "type": "Point", "coordinates": [ -77.139181638761031, 39.033005430309508 ] } },
{ "type": "Feature", "properties": { "type": "node", "id": 162.0, "source": null, "target": null }, "geometry": { "type": "Point", "coordinates": [ -77.112562137356207, 39.085581053921395 ] } },
{ "type": "Feature", "properties": { "type": "node", "id": 146.0, "source": null, "target": null }, "geometry": { "type": "Point", "coordinates": [ -77.192601155346026, 39.141606020715983 ] } },
{ "type": "Feature", "properties": { "type": "node", "id": 191.0, "source": null, "target": null }, "geometry": { "type": "Point", "coordinates": [ -77.077933437215066, 39.057242931772706 ] } },
{ "type": "Feature", "properties": { "type": "node", "id": 51.0, "source": null, "target": null }, "geometry": { "type": "Point", "coordinates": [ -77.073061987406376, 39.025782033667284 ] } },
{ "type": "Feature", "properties": { "type": "node", "id": 52.0, "source": null, "target": null }, "geometry": { "type": "Point", "coordinates": [ -77.044429289426816, 39.007363105433491 ] } },
{ "type": "Feature", "properties": { "type": "node", "id": 262.0, "source": null, "target": null }, "geometry": { "type": "Point", "coordinates": [ -76.907661048338724, 39.010987557501011 ] } },
{ "type": "Feature", "properties": { "type": "node", "id": 96.0, "source": null, "target": null }, "geometry": { "type": "Point", "coordinates": [ -76.876297277581585, 39.097525405182239 ] } },
{ "type": "Feature", "properties": { "type": "node", "id": 55.0, "source": null, "target": null }, "geometry": { "type": "Point", "coordinates": [ -76.904207923601618, 38.888170425003594 ] } },
{ "type": "Feature", "properties": { "type": "node", "id": 95.0, "source": null, "target": null }, "geometry": { "type": "Point", "coordinates": [ -76.896635623328649, 38.886719927233941 ] } },
{ "type": "Feature", "properties": { "type": "node", "id": 56.0, "source": null, "target": null }, "geometry": { "type": "Point", "coordinates": [ -76.868773157322948, 38.941713236544558 ] } },
{ "type": "Feature", "properties": { "type": "node", "id": 223.0, "source": null, "target": null }, "geometry": { "type": "Point", "coordinates": [ -76.958924131790681, 38.936068102151388 ] } },
{ "type": "Feature", "properties": { "type": "node", "id": 59.0, "source": null, "target": null }, "geometry": { "type": "Point", "coordinates": [ -76.922444068318072, 38.929284882929167 ] } },
{ "type": "Feature", "properties": { "type": "node", "id": 224.0, "source": null, "target": null }, "geometry": { "type": "Point", "coordinates": [ -76.942034728395129, 38.963675851392374 ] } },
{ "type": "Feature", "properties": { "type": "node", "id": 144.0, "source": null, "target": null }, "geometry": { "type": "Point", "coordinates": [ -77.076403032254177, 38.996842896786468 ] } },
{ "type": "Feature", "properties": { "type": "node", "id": 192.0, "source": null, "target": null }, "geometry": { "type": "Point", "coordinates": [ -77.132449746819219, 39.024284111392966 ] } },
{ "type": "Feature", "properties": { "type": "node", "id": 62.0, "source": null, "target": null }, "geometry": { "type": "Point", "coordinates": [ -77.196320759424509, 39.16171568980014 ] } },
{ "type": "Feature", "properties": { "type": "node", "id": 217.0, "source": null, "target": null }, "geometry": { "type": "Point", "coordinates": [ -76.934680592334828, 39.107799560511431 ] } },
{ "type": "Feature", "properties": { "type": "node", "id": 63.0, "source": null, "target": null }, "geometry": { "type": "Point", "coordinates": [ -76.993681870784187, 39.051126138819953 ] } },
{ "type": "Feature", "properties": { "type": "node", "id": 119.0, "source": null, "target": null }, "geometry": { "type": "Point", "coordinates": [ -77.044373858012051, 39.041997443077157 ] } },
{ "type": "Feature", "properties": { "type": "node", "id": 64.0, "source": null, "target": null }, "geometry": { "type": "Point", "coordinates": [ -76.911992143494786, 39.03355063756203 ] } },
{ "type": "Feature", "properties": { "type": "node", "id": 68.0, "source": null, "target": null }, "geometry": { "type": "Point", "coordinates": [ -76.956348763809174, 38.835854671882551 ] } },
{ "type": "Feature", "properties": { "type": "node", "id": 286.0, "source": null, "target": null }, "geometry": { "type": "Point", "coordinates": [ -77.082557255971849, 38.709223098455169 ] } },
{ "type": "Feature", "properties": { "type": "node", "id": 171.0, "source": null, "target": null }, "geometry": { "type": "Point", "coordinates": [ -77.148293572381192, 38.9957561395669 ] } },
{ "type": "Feature", "properties": { "type": "node", "id": 319.0, "source": null, "target": null }, "geometry": { "type": "Point", "coordinates": [ -76.751026028739474, 38.971549268897796 ] } },
{ "type": "Feature", "properties": { "type": "node", "id": 71.0, "source": null, "target": null }, "geometry": { "type": "Point", "coordinates": [ -76.97391813312953, 38.706875558179341 ] } },
{ "type": "Feature", "properties": { "type": "node", "id": 229.0, "source": null, "target": null }, "geometry": { "type": "Point", "coordinates": [ -77.000263454266872, 38.785476930131331 ] } },
{ "type": "Feature", "properties": { "type": "node", "id": 90.0, "source": null, "target": null }, "geometry": { "type": "Point", "coordinates": [ -76.900025744988639, 38.873014027927098 ] } },
{ "type": "Feature", "properties": { "type": "node", "id": 130.0, "source": null, "target": null }, "geometry": { "type": "Point", "coordinates": [ -76.841216004814839, 38.973975904119435 ] } },
{ "type": "Feature", "properties": { "type": "node", "id": 274.0, "source": null, "target": null }, "geometry": { "type": "Point", "coordinates": [ -76.92716791355781, 38.850494649937765 ] } },
{ "type": "Feature", "properties": { "type": "node", "id": 252.0, "source": null, "target": null }, "geometry": { "type": "Point", "coordinates": [ -76.958941165670367, 38.80715899400041 ] } },
{ "type": "Feature", "properties": { "type": "node", "id": 84.0, "source": null, "target": null }, "geometry": { "type": "Point", "coordinates": [ -76.917117392874104, 38.797365000319523 ] } },
{ "type": "Feature", "properties": { "type": "node", "id": 268.0, "source": null, "target": null }, "geometry": { "type": "Point", "coordinates": [ -76.978629744696178, 38.757808126984976 ] } },
{ "type": "Feature", "properties": { "type": "node", "id": 138.0, "source": null, "target": null }, "geometry": { "type": "Point", "coordinates": [ -76.974080987532432, 38.834678291105945 ] } },
{ "type": "Feature", "properties": { "type": "node", "id": 133.0, "source": null, "target": null }, "geometry": { "type": "Point", "coordinates": [ -76.902076315880706, 38.937638612403958 ] } },
{ "type": "Feature", "properties": { "type": "node", "id": 126.0, "source": null, "target": null }, "geometry": { "type": "Point", "coordinates": [ -76.959480529538382, 38.963137255925133 ] } },
{ "type": "Feature", "properties": { "type": "node", "id": 91.0, "source": null, "target": null }, "geometry": { "type": "Point", "coordinates": [ -76.96477428233014, 38.81675311185186 ] } },
{ "type": "Feature", "properties": { "type": "node", "id": 321.0, "source": null, "target": null }, "geometry": { "type": "Point", "coordinates": [ -76.953256862972793, 39.031542177516229 ] } },
{ "type": "Feature", "properties": { "type": "node", "id": 251.0, "source": null, "target": null }, "geometry": { "type": "Point", "coordinates": [ -76.907070479475991, 39.001826376208015 ] } },
{ "type": "Feature", "properties": { "type": "node", "id": 324.0, "source": null, "target": null }, "geometry": { "type": "Point", "coordinates": [ -76.753365165192108, 38.981960415924931 ] } },
{ "type": "Feature", "properties": { "type": "node", "id": 279.0, "source": null, "target": null }, "geometry": { "type": "Point", "coordinates": [ -76.95140484298561, 38.772102531379076 ] } },
{ "type": "Feature", "properties": { "type": "node", "id": 239.0, "source": null, "target": null }, "geometry": { "type": "Point", "coordinates": [ -76.961565335618388, 38.948038843272066 ] } },
{ "type": "Feature", "properties": { "type": "node", "id": 110.0, "source": null, "target": null }, "geometry": { "type": "Point", "coordinates": [ -76.98679264833153, 39.107951794210301 ] } },
{ "type": "Feature", "properties": { "type": "node", "id": 104.0, "source": null, "target": null }, "geometry": { "type": "Point", "coordinates": [ -77.178217097736066, 39.080844717526965 ] } },
{ "type": "Feature", "properties": { "type": "node", "id": 98.0, "source": null, "target": null }, "geometry": { "type": "Point", "coordinates": [ -77.011057688467972, 39.077287218079654 ] } },
{ "type": "Feature", "properties": { "type": "node", "id": 142.0, "source": null, "target": null }, "geometry": { "type": "Point", "coordinates": [ -77.126819081481273, 38.976697549601752 ] } },
{ "type": "Feature", "properties": { "type": "node", "id": 101.0, "source": null, "target": null }, "geometry": { "type": "Point", "coordinates": [ -76.991993278976466, 39.032686376095683 ] } },
{ "type": "Feature", "properties": { "type": "node", "id": 168.0, "source": null, "target": null }, "geometry": { "type": "Point", "coordinates": [ -77.17420280455417, 39.024645185787946 ] } },
{ "type": "Feature", "properties": { "type": "node", "id": 184.0, "source": null, "target": null }, "geometry": { "type": "Point", "coordinates": [ -77.075139009807174, 39.038918493971565 ] } },
{ "type": "Feature", "properties": { "type": "node", "id": 116.0, "source": null, "target": null }, "geometry": { "type": "Point", "coordinates": [ -76.992749562060453, 38.998360003984153 ] } },
{ "type": "Feature", "properties": { "type": "node", "id": 102.0, "source": null, "target": null }, "geometry": { "type": "Point", "coordinates": [ -76.93048948212666, 39.090196583997837 ] } },
{ "type": "Feature", "properties": { "type": "node", "id": 412.0, "source": null, "target": null }, "geometry": { "type": "Point", "coordinates": [ -77.04776837167492, 39.129025224723975 ] } },
{ "type": "Feature", "properties": { "type": "node", "id": 195.0, "source": null, "target": null }, "geometry": { "type": "Point", "coordinates": [ -77.284495120597541, 39.179514833905692 ] } },
{ "type": "Feature", "properties": { "type": "node", "id": 121.0, "source": null, "target": null }, "geometry": { "type": "Point", "coordinates": [ -77.074430948554408, 39.077792883654737 ] } },
{ "type": "Feature", "properties": { "type": "node", "id": 161.0, "source": null, "target": null }, "geometry": { "type": "Point", "coordinates": [ -77.181026226659313, 39.181626491311036 ] } },
{ "type": "Feature", "properties": { "type": "node", "id": 215.0, "source": null, "target": null }, "geometry": { "type": "Point", "coordinates": [ -77.01513534030137, 39.06391331585089 ] } },
{ "type": "Feature", "properties": { "type": "node", "id": 143.0, "source": null, "target": null }, "geometry": { "type": "Point", "coordinates": [ -77.128754313317657, 39.013945510055507 ] } },
{ "type": "Feature", "properties": { "type": "node", "id": 109.0, "source": null, "target": null }, "geometry": { "type": "Point", "coordinates": [ -77.196147152031855, 39.240376261769889 ] } },
{ "type": "Feature", "properties": { "type": "node", "id": 114.0, "source": null, "target": null }, "geometry": { "type": "Point", "coordinates": [ -76.994356300006885, 39.071040632785589 ] } },
{ "type": "Feature", "properties": { "type": "node", "id": 123.0, "source": null, "target": null }, "geometry": { "type": "Point", "coordinates": [ -77.004662114462775, 39.013089318346246 ] } },
{ "type": "Feature", "properties": { "type": "node", "id": 112.0, "source": null, "target": null }, "geometry": { "type": "Point", "coordinates": [ -77.071916933777771, 39.062513310167098 ] } },
{ "type": "Feature", "properties": { "type": "node", "id": 113.0, "source": null, "target": null }, "geometry": { "type": "Point", "coordinates": [ -77.116267347672974, 38.993678006728373 ] } },
{ "type": "Feature", "properties": { "type": "node", "id": 373.0, "source": null, "target": null }, "geometry": { "type": "Point", "coordinates": [ -77.013712235510326, 39.147303765675979 ] } },
{ "type": "Feature", "properties": { "type": "node", "id": 124.0, "source": null, "target": null }, "geometry": { "type": "Point", "coordinates": [ -77.056506111010634, 39.035528028165189 ] } },
{ "type": "Feature", "properties": { "type": "node", "id": 214.0, "source": null, "target": null }, "geometry": { "type": "Point", "coordinates": [ -77.064626523930571, 39.050048789154182 ] } },
{ "type": "Feature", "properties": { "type": "node", "id": 122.0, "source": null, "target": null }, "geometry": { "type": "Point", "coordinates": [ -76.980310844060767, 39.010770233248202 ] } },
{ "type": "Feature", "properties": { "type": "node", "id": 182.0, "source": null, "target": null }, "geometry": { "type": "Point", "coordinates": [ -77.082059131197994, 38.977104130084356 ] } },
{ "type": "Feature", "properties": { "type": "node", "id": 127.0, "source": null, "target": null }, "geometry": { "type": "Point", "coordinates": [ -77.073356698231564, 39.017126639027289 ] } },
{ "type": "Feature", "properties": { "type": "node", "id": 129.0, "source": null, "target": null }, "geometry": { "type": "Point", "coordinates": [ -76.984296669880607, 38.958821393775409 ] } },
{ "type": "Feature", "properties": { "type": "node", "id": 222.0, "source": null, "target": null }, "geometry": { "type": "Point", "coordinates": [ -76.97512302556909, 38.974088042639131 ] } },
{ "type": "Feature", "properties": { "type": "node", "id": 140.0, "source": null, "target": null }, "geometry": { "type": "Point", "coordinates": [ -76.908620036723732, 38.83100701519686 ] } },
{ "type": "Feature", "properties": { "type": "node", "id": 194.0, "source": null, "target": null }, "geometry": { "type": "Point", "coordinates": [ -77.201600433420069, 39.056731385992094 ] } },
{ "type": "Feature", "properties": { "type": "node", "id": 172.0, "source": null, "target": null }, "geometry": { "type": "Point", "coordinates": [ -76.95690068432215, 39.081142106970148 ] } },
{ "type": "Feature", "properties": { "type": "node", "id": 145.0, "source": null, "target": null }, "geometry": { "type": "Point", "coordinates": [ -77.028580716751904, 39.02572158334457 ] } },
{ "type": "Feature", "properties": { "type": "node", "id": 267.0, "source": null, "target": null }, "geometry": { "type": "Point", "coordinates": [ -76.87061618401593, 38.948491476260038 ] } },
{ "type": "Feature", "properties": { "type": "node", "id": 241.0, "source": null, "target": null }, "geometry": { "type": "Point", "coordinates": [ -76.930512909460305, 38.970609539356914 ] } },
{ "type": "Feature", "properties": { "type": "node", "id": 372.0, "source": null, "target": null }, "geometry": { "type": "Point", "coordinates": [ -77.179668707067449, 38.804706832461413 ] } },
{ "type": "Feature", "properties": { "type": "node", "id": 147.0, "source": null, "target": null }, "geometry": { "type": "Point", "coordinates": [ -77.298912413618496, 38.800078474448611 ] } },
{ "type": "Feature", "properties": { "type": "node", "id": 325.0, "source": null, "target": null }, "geometry": { "type": "Point", "coordinates": [ -77.18092144499623, 38.772596297285006 ] } },
{ "type": "Feature", "properties": { "type": "node", "id": 296.0, "source": null, "target": null }, "geometry": { "type": "Point", "coordinates": [ -77.055913673508357, 38.809142266175556 ] } },
{ "type": "Feature", "properties": { "type": "node", "id": 385.0, "source": null, "target": null }, "geometry": { "type": "Point", "coordinates": [ -77.070665577126746, 38.809183029670947 ] } },
{ "type": "Feature", "properties": { "type": "node", "id": 338.0, "source": null, "target": null }, "geometry": { "type": "Point", "coordinates": [ -77.087192534222382, 38.795214704709409 ] } },
{ "type": "Feature", "properties": { "type": "node", "id": 463.0, "source": null, "target": null }, "geometry": { "type": "Point", "coordinates": [ -77.273918312819006, 38.928344564940502 ] } },
{ "type": "Feature", "properties": { "type": "node", "id": 152.0, "source": null, "target": null }, "geometry": { "type": "Point", "coordinates": [ -77.21943771741654, 38.92113081688418 ] } },
{ "type": "Feature", "properties": { "type": "node", "id": 255.0, "source": null, "target": null }, "geometry": { "type": "Point", "coordinates": [ -76.914455023690579, 38.917857232161758 ] } },
{ "type": "Feature", "properties": { "type": "node", "id": 328.0, "source": null, "target": null }, "geometry": { "type": "Point", "coordinates": [ -77.189224862579479, 38.899964455221308 ] } },
{ "type": "Feature", "properties": { "type": "node", "id": 66.0, "source": null, "target": null }, "geometry": { "type": "Point", "coordinates": [ -77.33917169601294, 38.94760058227412 ] } },
{ "type": "Feature", "properties": { "type": "node", "id": 343.0, "source": null, "target": null }, "geometry": { "type": "Point", "coordinates": [ -77.001889900208312, 38.952289950942252 ] } },
{ "type": "Feature", "properties": { "type": "node", "id": 193.0, "source": null, "target": null }, "geometry": { "type": "Point", "coordinates": [ -77.114085015043216, 39.049335700335448 ] } },
{ "type": "Feature", "properties": { "type": "node", "id": 440.0, "source": null, "target": null }, "geometry": { "type": "Point", "coordinates": [ -77.096428342318376, 38.886461086043916 ] } },
{ "type": "Feature", "properties": { "type": "node", "id": 318.0, "source": null, "target": null }, "geometry": { "type": "Point", "coordinates": [ -77.151335321969668, 38.873547090047161 ] } },
{ "type": "Feature", "properties": { "type": "node", "id": 157.0, "source": null, "target": null }, "geometry": { "type": "Point", "coordinates": [ -77.10873252883539, 38.882859562690058 ] } },
{ "type": "Feature", "properties": { "type": "node", "id": 339.0, "source": null, "target": null }, "geometry": { "type": "Point", "coordinates": [ -77.113113283078121, 38.880659136462533 ] } },
{ "type": "Feature", "properties": { "type": "node", "id": 287.0, "source": null, "target": null }, "geometry": { "type": "Point", "coordinates": [ -77.131524877465765, 38.797824223069817 ] } },
{ "type": "Feature", "properties": { "type": "node", "id": 453.0, "source": null, "target": null }, "geometry": { "type": "Point", "coordinates": [ -77.176987889913107, 38.737380581229608 ] } },
{ "type": "Feature", "properties": { "type": "node", "id": 456.0, "source": null, "target": null }, "geometry": { "type": "Point", "coordinates": [ -77.229191077764568, 38.889396126100593 ] } },
{ "type": "Feature", "properties": { "type": "node", "id": 299.0, "source": null, "target": null }, "geometry": { "type": "Point", "coordinates": [ -77.271572532075012, 38.87943597711697 ] } },
{ "type": "Feature", "properties": { "type": "node", "id": 417.0, "source": null, "target": null }, "geometry": { "type": "Point", "coordinates": [ -77.05848901821318, 38.859959430776186 ] } },
{ "type": "Feature", "properties": { "type": "node", "id": 207.0, "source": null, "target": null }, "geometry": { "type": "Point", "coordinates": [ -76.982411703868607, 39.004844565698455 ] } },
{ "type": "Feature", "properties": { "type": "node", "id": 165.0, "source": null, "target": null }, "geometry": { "type": "Point", "coordinates": [ -77.195904053459245, 39.038787090076298 ] } },
{ "type": "Feature", "properties": { "type": "node", "id": 166.0, "source": null, "target": null }, "geometry": { "type": "Point", "coordinates": [ -77.111358628075365, 39.0068588100753 ] } },
{ "type": "Feature", "properties": { "type": "node", "id": 208.0, "source": null, "target": null }, "geometry": { "type": "Point", "coordinates": [ -77.185439868930899, 39.000834623966995 ] } },
{ "type": "Feature", "properties": { "type": "node", "id": 173.0, "source": null, "target": null }, "geometry": { "type": "Point", "coordinates": [ -77.132711331515111, 38.939140379908046 ] } },
{ "type": "Feature", "properties": { "type": "node", "id": 175.0, "source": null, "target": null }, "geometry": { "type": "Point", "coordinates": [ -77.020080976160344, 39.009272672657701 ] } },
{ "type": "Feature", "properties": { "type": "node", "id": 180.0, "source": null, "target": null }, "geometry": { "type": "Point", "coordinates": [ -77.00096576929613, 38.977516109064815 ] } },
{ "type": "Feature", "properties": { "type": "node", "id": 199.0, "source": null, "target": null }, "geometry": { "type": "Point", "coordinates": [ -77.077764065994188, 39.128021505811525 ] } },
{ "type": "Feature", "properties": { "type": "node", "id": 181.0, "source": null, "target": null }, "geometry": { "type": "Point", "coordinates": [ -77.013350895341461, 39.02179477919276 ] } },
{ "type": "Feature", "properties": { "type": "node", "id": 183.0, "source": null, "target": null }, "geometry": { "type": "Point", "coordinates": [ -77.077172138814234, 38.983019043246159 ] } },
{ "type": "Feature", "properties": { "type": "node", "id": 189.0, "source": null, "target": null }, "geometry": { "type": "Point", "coordinates": [ -77.076114465603666, 39.052167949693015 ] } },
{ "type": "Feature", "properties": { "type": "node", "id": 196.0, "source": null, "target": null }, "geometry": { "type": "Point", "coordinates": [ -77.051109624708658, 39.052135703606979 ] } },
{ "type": "Feature", "properties": { "type": "node", "id": 200.0, "source": null, "target": null }, "geometry": { "type": "Point", "coordinates": [ -77.068949537770905, 39.141544952007123 ] } },
{ "type": "Feature", "properties": { "type": "node", "id": 201.0, "source": null, "target": null }, "geometry": { "type": "Point", "coordinates": [ -77.11964209849053, 38.959608251896398 ] } },
{ "type": "Feature", "properties": { "type": "node", "id": 202.0, "source": null, "target": null }, "geometry": { "type": "Point", "coordinates": [ -77.098599670105756, 38.951373555007642 ] } },
{ "type": "Feature", "properties": { "type": "node", "id": 206.0, "source": null, "target": null }, "geometry": { "type": "Point", "coordinates": [ -76.986167071344028, 39.041413013173162 ] } },
{ "type": "Feature", "properties": { "type": "node", "id": 212.0, "source": null, "target": null }, "geometry": { "type": "Point", "coordinates": [ -77.119566640125427, 39.016234483360229 ] } },
{ "type": "Feature", "properties": { "type": "node", "id": 216.0, "source": null, "target": null }, "geometry": { "type": "Point", "coordinates": [ -77.061059590200429, 39.067553798763946 ] } },
{ "type": "Feature", "properties": { "type": "node", "id": 218.0, "source": null, "target": null }, "geometry": { "type": "Point", "coordinates": [ -76.831082335063783, 38.88570857544012 ] } },
{ "type": "Feature", "properties": { "type": "node", "id": 273.0, "source": null, "target": null }, "geometry": { "type": "Point", "coordinates": [ -76.955505083245839, 38.822054094198442 ] } },
{ "type": "Feature", "properties": { "type": "node", "id": 276.0, "source": null, "target": null }, "geometry": { "type": "Point", "coordinates": [ -76.949967631554941, 38.815000663847854 ] } },
{ "type": "Feature", "properties": { "type": "node", "id": 230.0, "source": null, "target": null }, "geometry": { "type": "Point", "coordinates": [ -76.857279966361077, 38.950748054206649 ] } },
{ "type": "Feature", "properties": { "type": "node", "id": 231.0, "source": null, "target": null }, "geometry": { "type": "Point", "coordinates": [ -76.988418331522482, 38.719397611414877 ] } },
{ "type": "Feature", "properties": { "type": "node", "id": 235.0, "source": null, "target": null }, "geometry": { "type": "Point", "coordinates": [ -76.936279884873159, 38.937706902533726 ] } },
{ "type": "Feature", "properties": { "type": "node", "id": 265.0, "source": null, "target": null }, "geometry": { "type": "Point", "coordinates": [ -76.921524430991241, 38.938338416151531 ] } },
{ "type": "Feature", "properties": { "type": "node", "id": 244.0, "source": null, "target": null }, "geometry": { "type": "Point", "coordinates": [ -76.940342089768706, 38.955658193116918 ] } },
{ "type": "Feature", "properties": { "type": "node", "id": 253.0, "source": null, "target": null }, "geometry": { "type": "Point", "coordinates": [ -76.913111659226686, 38.931328631961669 ] } },
{ "type": "Feature", "properties": { "type": "node", "id": 89.0, "source": null, "target": null }, "geometry": { "type": "Point", "coordinates": [ -76.860042844318386, 38.990514016491808 ] } },
{ "type": "Feature", "properties": { "type": "node", "id": 94.0, "source": null, "target": null }, "geometry": { "type": "Point", "coordinates": [ -76.898668921382367, 38.855433970007311 ] } },
{ "type": "Feature", "properties": { "type": "node", "id": 263.0, "source": null, "target": null }, "geometry": { "type": "Point", "coordinates": [ -76.930528716286858, 39.0200073763083 ] } },
{ "type": "Feature", "properties": { "type": "node", "id": 448.0, "source": null, "target": null }, "geometry": { "type": "Point", "coordinates": [ -77.041014726542727, 38.804375408958549 ] } },
{ "type": "Feature", "properties": { "type": "node", "id": 278.0, "source": null, "target": null }, "geometry": { "type": "Point", "coordinates": [ -76.949276255202861, 38.82491968534594 ] } },
{ "type": "Feature", "properties": { "type": "node", "id": 284.0, "source": null, "target": null }, "geometry": { "type": "Point", "coordinates": [ -77.174374032353541, 38.841792752419011 ] } },
{ "type": "Feature", "properties": { "type": "node", "id": 302.0, "source": null, "target": null }, "geometry": { "type": "Point", "coordinates": [ -77.060464683689219, 38.721548714796413 ] } },
{ "type": "Feature", "properties": { "type": "node", "id": 443.0, "source": null, "target": null }, "geometry": { "type": "Point", "coordinates": [ -77.108584504025401, 38.719490477128922 ] } },
{ "type": "Feature", "properties": { "type": "node", "id": 305.0, "source": null, "target": null }, "geometry": { "type": "Point", "coordinates": [ -77.121459218949184, 38.813466259958766 ] } },
{ "type": "Feature", "properties": { "type": "node", "id": 308.0, "source": null, "target": null }, "geometry": { "type": "Point", "coordinates": [ -77.116049663289857, 38.83749617618443 ] } },
{ "type": "Feature", "properties": { "type": "node", "id": 291.0, "source": null, "target": null }, "geometry": { "type": "Point", "coordinates": [ -77.191631543299877, 38.828572155589683 ] } },
{ "type": "Feature", "properties": { "type": "node", "id": 290.0, "source": null, "target": null }, "geometry": { "type": "Point", "coordinates": [ -77.161696981079871, 38.82648737041432 ] } },
{ "type": "Feature", "properties": { "type": "node", "id": 289.0, "source": null, "target": null }, "geometry": { "type": "Point", "coordinates": [ -77.208853013660786, 38.826781300728122 ] } },
{ "type": "Feature", "properties": { "type": "node", "id": 334.0, "source": null, "target": null }, "geometry": { "type": "Point", "coordinates": [ -77.118151743017663, 38.832261430284497 ] } },
{ "type": "Feature", "properties": { "type": "node", "id": 292.0, "source": null, "target": null }, "geometry": { "type": "Point", "coordinates": [ -77.200163811671771, 38.808289926 ] } },
{ "type": "Feature", "properties": { "type": "node", "id": 307.0, "source": null, "target": null }, "geometry": { "type": "Point", "coordinates": [ -77.137004275676304, 38.808275279044061 ] } },
{ "type": "Feature", "properties": { "type": "node", "id": 309.0, "source": null, "target": null }, "geometry": { "type": "Point", "coordinates": [ -77.132563923078123, 38.817334035623873 ] } },
{ "type": "Feature", "properties": { "type": "node", "id": 416.0, "source": null, "target": null }, "geometry": { "type": "Point", "coordinates": [ -77.096787311829004, 38.848992330442371 ] } },
{ "type": "Feature", "properties": { "type": "node", "id": 298.0, "source": null, "target": null }, "geometry": { "type": "Point", "coordinates": [ -77.075017918574048, 38.848092418345182 ] } },
{ "type": "Feature", "properties": { "type": "node", "id": 461.0, "source": null, "target": null }, "geometry": { "type": "Point", "coordinates": [ -77.282652716480598, 38.880389209862159 ] } },
{ "type": "Feature", "properties": { "type": "node", "id": 380.0, "source": null, "target": null }, "geometry": { "type": "Point", "coordinates": [ -77.264735180015848, 38.871776818666362 ] } },
{ "type": "Feature", "properties": { "type": "node", "id": 441.0, "source": null, "target": null }, "geometry": { "type": "Point", "coordinates": [ -77.066902173831878, 38.742992571570184 ] } },
{ "type": "Feature", "properties": { "type": "node", "id": 414.0, "source": null, "target": null }, "geometry": { "type": "Point", "coordinates": [ -77.122284907200452, 38.844585467194825 ] } },
{ "type": "Feature", "properties": { "type": "node", "id": 446.0, "source": null, "target": null }, "geometry": { "type": "Point", "coordinates": [ -77.126146086263347, 38.710303770054978 ] } },
{ "type": "Feature", "properties": { "type": "node", "id": 303.0, "source": null, "target": null }, "geometry": { "type": "Point", "coordinates": [ -77.065396993213653, 38.768125739943599 ] } },
{ "type": "Feature", "properties": { "type": "node", "id": 304.0, "source": null, "target": null }, "geometry": { "type": "Point", "coordinates": [ -77.264130041262803, 38.811054018531586 ] } },
{ "type": "Feature", "properties": { "type": "node", "id": 377.0, "source": null, "target": null }, "geometry": { "type": "Point", "coordinates": [ -77.09221120440742, 38.87177788553074 ] } },
{ "type": "Feature", "properties": { "type": "node", "id": 345.0, "source": null, "target": null }, "geometry": { "type": "Point", "coordinates": [ -77.089160497531296, 38.862547765423031 ] } },
{ "type": "Feature", "properties": { "type": "node", "id": 398.0, "source": null, "target": null }, "geometry": { "type": "Point", "coordinates": [ -77.191046370013154, 38.877284587167971 ] } },
{ "type": "Feature", "properties": { "type": "node", "id": 314.0, "source": null, "target": null }, "geometry": { "type": "Point", "coordinates": [ -77.212328247943887, 38.799813036443467 ] } },
{ "type": "Feature", "properties": { "type": "node", "id": 437.0, "source": null, "target": null }, "geometry": { "type": "Point", "coordinates": [ -77.088381184324831, 38.881996806853728 ] } },
{ "type": "Feature", "properties": { "type": "node", "id": 313.0, "source": null, "target": null }, "geometry": { "type": "Point", "coordinates": [ -77.276037605281829, 38.865774644886237 ] } },
{ "type": "Feature", "properties": { "type": "node", "id": 315.0, "source": null, "target": null }, "geometry": { "type": "Point", "coordinates": [ -77.086785652250256, 38.833285425262773 ] } },
{ "type": "Feature", "properties": { "type": "node", "id": 316.0, "source": null, "target": null }, "geometry": { "type": "Point", "coordinates": [ -77.227307706164993, 38.878212819576042 ] } },
{ "type": "Feature", "properties": { "type": "node", "id": 427.0, "source": null, "target": null }, "geometry": { "type": "Point", "coordinates": [ -77.106555597214452, 38.872308958906629 ] } },
{ "type": "Feature", "properties": { "type": "node", "id": 331.0, "source": null, "target": null }, "geometry": { "type": "Point", "coordinates": [ -77.155709906087139, 38.891564008059127 ] } },
{ "type": "Feature", "properties": { "type": "node", "id": 340.0, "source": null, "target": null }, "geometry": { "type": "Point", "coordinates": [ -77.103862454289569, 38.839020829547536 ] } },
{ "type": "Feature", "properties": { "type": "node", "id": 374.0, "source": null, "target": null }, "geometry": { "type": "Point", "coordinates": [ -77.274893070634576, 38.821676941583775 ] } },
{ "type": "Feature", "properties": { "type": "node", "id": 317.0, "source": null, "target": null }, "geometry": { "type": "Point", "coordinates": [ -77.222757117022979, 38.809249336278221 ] } },
{ "type": "Feature", "properties": { "type": "node", "id": 402.0, "source": null, "target": null }, "geometry": { "type": "Point", "coordinates": [ -77.139244934347488, 38.895860546129001 ] } },
{ "type": "Feature", "properties": { "type": "node", "id": 323.0, "source": null, "target": null }, "geometry": { "type": "Point", "coordinates": [ -77.120266520783105, 38.877684535523805 ] } },
{ "type": "Feature", "properties": { "type": "node", "id": 381.0, "source": null, "target": null }, "geometry": { "type": "Point", "coordinates": [ -77.266454885911728, 38.782238559642337 ] } },
{ "type": "Feature", "properties": { "type": "node", "id": 335.0, "source": null, "target": null }, "geometry": { "type": "Point", "coordinates": [ -77.247206668810264, 38.774577815637208 ] } },
{ "type": "Feature", "properties": { "type": "node", "id": 397.0, "source": null, "target": null }, "geometry": { "type": "Point", "coordinates": [ -77.091764473843142, 38.856045586590582 ] } },
{ "type": "Feature", "properties": { "type": "node", "id": 395.0, "source": null, "target": null }, "geometry": { "type": "Point", "coordinates": [ -77.176106753809066, 38.933908631666881 ] } },
{ "type": "Feature", "properties": { "type": "node", "id": 327.0, "source": null, "target": null }, "geometry": { "type": "Point", "coordinates": [ -77.207437489060425, 38.832036096140449 ] } },
{ "type": "Feature", "properties": { "type": "node", "id": 329.0, "source": null, "target": null }, "geometry": { "type": "Point", "coordinates": [ -77.17792896327478, 38.886660366070579 ] } },
{ "type": "Feature", "properties": { "type": "node", "id": 333.0, "source": null, "target": null }, "geometry": { "type": "Point", "coordinates": [ -77.105262409358829, 38.824346144359616 ] } },
{ "type": "Feature", "properties": { "type": "node", "id": 336.0, "source": null, "target": null }, "geometry": { "type": "Point", "coordinates": [ -77.129864079939637, 38.894068071014637 ] } },
{ "type": "Feature", "properties": { "type": "node", "id": 423.0, "source": null, "target": null }, "geometry": { "type": "Point", "coordinates": [ -77.116331330872484, 38.85271891221204 ] } },
{ "type": "Feature", "properties": { "type": "node", "id": 344.0, "source": null, "target": null }, "geometry": { "type": "Point", "coordinates": [ -77.080855846057432, 38.864295839134854 ] } },
{ "type": "Feature", "properties": { "type": "node", "id": 349.0, "source": null, "target": null }, "geometry": { "type": "Point", "coordinates": [ -77.067411401667073, 38.864695035742997 ] } },
{ "type": "Feature", "properties": { "type": "node", "id": 387.0, "source": null, "target": null }, "geometry": { "type": "Point", "coordinates": [ -77.171434025437705, 38.876014671754348 ] } },
{ "type": "Feature", "properties": { "type": "node", "id": 371.0, "source": null, "target": null }, "geometry": { "type": "Point", "coordinates": [ -77.137234108905574, 38.851981513171943 ] } },
{ "type": "Feature", "properties": { "type": "node", "id": 370.0, "source": null, "target": null }, "geometry": { "type": "Point", "coordinates": [ -77.094826260375328, 38.836596065301023 ] } },
{ "type": "Feature", "properties": { "type": "node", "id": 346.0, "source": null, "target": null }, "geometry": { "type": "Point", "coordinates": [ -77.084630477126055, 38.840526831466327 ] } },
{ "type": "Feature", "properties": { "type": "node", "id": 347.0, "source": null, "target": null }, "geometry": { "type": "Point", "coordinates": [ -76.992630146182663, 39.130942595053135 ] } },
{ "type": "Feature", "properties": { "type": "node", "id": 353.0, "source": null, "target": null }, "geometry": { "type": "Point", "coordinates": [ -76.820574056695079, 38.904699766881009 ] } },
{ "type": "Feature", "properties": { "type": "node", "id": 355.0, "source": null, "target": null }, "geometry": { "type": "Point", "coordinates": [ -77.23999688479158, 38.810784935048325 ] } },
{ "type": "Feature", "properties": { "type": "node", "id": 356.0, "source": null, "target": null }, "geometry": { "type": "Point", "coordinates": [ -77.116371407617592, 38.897529851379502 ] } },
{ "type": "Feature", "properties": { "type": "node", "id": 293.0, "source": null, "target": null }, "geometry": { "type": "Point", "coordinates": [ -77.105221282974895, 38.894880343102663 ] } },
{ "type": "Feature", "properties": { "type": "node", "id": 358.0, "source": null, "target": null }, "geometry": { "type": "Point", "coordinates": [ -77.176248177515149, 38.826043584943911 ] } },
{ "type": "Feature", "properties": { "type": "node", "id": 359.0, "source": null, "target": null }, "geometry": { "type": "Point", "coordinates": [ -77.152064575015828, 38.82014159691893 ] } },
{ "type": "Feature", "properties": { "type": "node", "id": 363.0, "source": null, "target": null }, "geometry": { "type": "Point", "coordinates": [ -77.257878024346056, 38.839308177847215 ] } },
{ "type": "Feature", "properties": { "type": "node", "id": 361.0, "source": null, "target": null }, "geometry": { "type": "Point", "coordinates": [ -77.03494784245261, 38.968046264671955 ] } },
{ "type": "Feature", "properties": { "type": "node", "id": 407.0, "source": null, "target": null }, "geometry": { "type": "Point", "coordinates": [ -77.271943046887316, 38.84851256091391 ] } },
{ "type": "Feature", "properties": { "type": "node", "id": 369.0, "source": null, "target": null }, "geometry": { "type": "Point", "coordinates": [ -77.293094948765372, 38.84390467186617 ] } },
{ "type": "Feature", "properties": { "type": "node", "id": 442.0, "source": null, "target": null }, "geometry": { "type": "Point", "coordinates": [ -77.165873922955285, 38.917067398734623 ] } },
{ "type": "Feature", "properties": { "type": "node", "id": 376.0, "source": null, "target": null }, "geometry": { "type": "Point", "coordinates": [ -77.095967989720663, 38.765450704914443 ] } },
{ "type": "Feature", "properties": { "type": "node", "id": 379.0, "source": null, "target": null }, "geometry": { "type": "Point", "coordinates": [ -77.271501219252102, 38.802482970170395 ] } },
{ "type": "Feature", "properties": { "type": "node", "id": 386.0, "source": null, "target": null }, "geometry": { "type": "Point", "coordinates": [ -77.281912573832258, 38.834473870107487 ] } },
{ "type": "Feature", "properties": { "type": "node", "id": 388.0, "source": null, "target": null }, "geometry": { "type": "Point", "coordinates": [ -77.06474215132495, 38.826671948058994 ] } },
{ "type": "Feature", "properties": { "type": "node", "id": 428.0, "source": null, "target": null }, "geometry": { "type": "Point", "coordinates": [ -77.189945931655771, 38.78477058797769 ] } },
{ "type": "Feature", "properties": { "type": "node", "id": 438.0, "source": null, "target": null }, "geometry": { "type": "Point", "coordinates": [ -77.140066880621831, 38.868899061523514 ] } },
{ "type": "Feature", "properties": { "type": "node", "id": 384.0, "source": null, "target": null }, "geometry": { "type": "Point", "coordinates": [ -77.180840169539891, 38.87636512634041 ] } },
{ "type": "Feature", "properties": { "type": "node", "id": 415.0, "source": null, "target": null }, "geometry": { "type": "Point", "coordinates": [ -77.221075936409946, 38.912139280533474 ] } },
{ "type": "Feature", "properties": { "type": "node", "id": 400.0, "source": null, "target": null }, "geometry": { "type": "Point", "coordinates": [ -77.129013335371766, 38.875844192247314 ] } },
{ "type": "Feature", "properties": { "type": "node", "id": 348.0, "source": null, "target": null }, "geometry": { "type": "Point", "coordinates": [ -77.102426390925913, 38.864317153976167 ] } },
{ "type": "Feature", "properties": { "type": "node", "id": 391.0, "source": null, "target": null }, "geometry": { "type": "Point", "coordinates": [ -77.065250283285792, 38.975017224934462 ] } },
{ "type": "Feature", "properties": { "type": "node", "id": 399.0, "source": null, "target": null }, "geometry": { "type": "Point", "coordinates": [ -77.127383314746709, 38.860215480344671 ] } },
{ "type": "Feature", "properties": { "type": "node", "id": 420.0, "source": null, "target": null }, "geometry": { "type": "Point", "coordinates": [ -76.945363772108962, 39.056051816619792 ] } },
{ "type": "Feature", "properties": { "type": "node", "id": 401.0, "source": null, "target": null }, "geometry": { "type": "Point", "coordinates": [ -77.126836191188701, 38.901425765006444 ] } },
{ "type": "Feature", "properties": { "type": "node", "id": 433.0, "source": null, "target": null }, "geometry": { "type": "Point", "coordinates": [ -77.06904940523583, 38.793083377682606 ] } },
{ "type": "Feature", "properties": { "type": "node", "id": 429.0, "source": null, "target": null }, "geometry": { "type": "Point", "coordinates": [ -77.144751793799287, 38.775994665416285 ] } },
{ "type": "Feature", "properties": { "type": "node", "id": 444.0, "source": null, "target": null }, "geometry": { "type": "Point", "coordinates": [ -77.127670525892938, 38.723404425053005 ] } },
{ "type": "Feature", "properties": { "type": "node", "id": 445.0, "source": null, "target": null }, "geometry": { "type": "Point", "coordinates": [ -77.099651164790629, 38.737193090981023 ] } },
{ "type": "Feature", "properties": { "type": "node", "id": 450.0, "source": null, "target": null }, "geometry": { "type": "Point", "coordinates": [ -77.395018800048959, 39.015314616706306 ] } },
{ "type": "Feature", "properties": { "type": "node", "id": 460.0, "source": null, "target": null }, "geometry": { "type": "Point", "coordinates": [ -77.251640857082705, 38.895760705231531 ] } },
{ "type": "Feature", "properties": { "type": "node", "id": 462.0, "source": null, "target": null }, "geometry": { "type": "Point", "coordinates": [ -77.271231913152647, 38.894947197176677 ] } },
{ "type": "Feature", "properties": { "type": "edge", "id": null, "source": 4.0, "target": 15.0 }, "geometry": { "type": "LineString", "coordinates": [ [ -77.271261730729734, 39.232633973217993 ], [ -77.252288799703862, 39.2038648777689 ] ] } },
{ "type": "Feature", "properties": { "type": "edge", "id": null, "source": 4.0, "target": 99.0 }, "geometry": { "type": "LineString", "coordinates": [ [ -77.271261730729734, 39.232633973217993 ], [ -77.527479216655763, 39.110845291658862 ] ] } },
{ "type": "Feature", "properties": { "type": "edge", "id": null, "source": 4.0, "target": 27.0 }, "geometry": { "type": "LineString", "coordinates": [ [ -77.271261730729734, 39.232633973217993 ], [ -77.209975879330656, 39.27341762326445 ] ] } },
{ "type": "Feature", "properties": { "type": "edge", "id": null, "source": 4.0, "target": 105.0 }, "geometry": { "type": "LineString", "coordinates": [ [ -77.271261730729734, 39.232633973217993 ], [ -77.265652904556447, 39.169551696025415 ] ] } },
{ "type": "Feature", "properties": { "type": "edge", "id": null, "source": 125.0, "target": 3.0 }, "geometry": { "type": "LineString", "coordinates": [ [ -77.228752175411785, 39.105297934338367 ], [ -77.240295837816518, 39.124020116864649 ] ] } },
{ "type": "Feature", "properties": { "type": "edge", "id": null, "source": 125.0, "target": 111.0 }, "geometry": { "type": "LineString", "coordinates": [ [ -77.228752175411785, 39.105297934338367 ], [ -77.306384499469573, 39.14015412551953 ] ] } },
{ "type": "Feature", "properties": { "type": "edge", "id": null, "source": 125.0, "target": 49.0 }, "geometry": { "type": "LineString", "coordinates": [ [ -77.228752175411785, 39.105297934338367 ], [ -77.190617051577149, 39.109773783105979 ] ] } },
{ "type": "Feature", "properties": { "type": "edge", "id": null, "source": 125.0, "target": 194.0 }, "geometry": { "type": "LineString", "coordinates": [ [ -77.228752175411785, 39.105297934338367 ], [ -77.201600433420069, 39.056731385992094 ] ] } },
{ "type": "Feature", "properties": { "type": "edge", "id": null, "source": 2.0, "target": 62.0 }, "geometry": { "type": "LineString", "coordinates": [ [ -77.223556247497342, 39.179364065840879 ], [ -77.196320759424509, 39.16171568980014 ] ] } },
{ "type": "Feature", "properties": { "type": "edge", "id": null, "source": 2.0, "target": 105.0 }, "geometry": { "type": "LineString", "coordinates": [ [ -77.223556247497342, 39.179364065840879 ], [ -77.265652904556447, 39.169551696025415 ] ] } },
{ "type": "Feature", "properties": { "type": "edge", "id": null, "source": 2.0, "target": 161.0 }, "geometry": { "type": "LineString", "coordinates": [ [ -77.223556247497342, 39.179364065840879 ], [ -77.181026226659313, 39.181626491311036 ] ] } },
{ "type": "Feature", "properties": { "type": "edge", "id": null, "source": 2.0, "target": 15.0 }, "geometry": { "type": "LineString", "coordinates": [ [ -77.223556247497342, 39.179364065840879 ], [ -77.252288799703862, 39.2038648777689 ] ] } },
{ "type": "Feature", "properties": { "type": "edge", "id": null, "source": 3.0, "target": 105.0 }, "geometry": { "type": "LineString", "coordinates": [ [ -77.240295837816518, 39.124020116864649 ], [ -77.265652904556447, 39.169551696025415 ] ] } },
{ "type": "Feature", "properties": { "type": "edge", "id": null, "source": 3.0, "target": 146.0 }, "geometry": { "type": "LineString", "coordinates": [ [ -77.240295837816518, 39.124020116864649 ], [ -77.192601155346026, 39.141606020715983 ] ] } },
{ "type": "Feature", "properties": { "type": "edge", "id": null, "source": 3.0, "target": 46.0 }, "geometry": { "type": "LineString", "coordinates": [ [ -77.240295837816518, 39.124020116864649 ], [ -77.215217641969147, 39.14655662907122 ] ] } },
{ "type": "Feature", "properties": { "type": "edge", "id": null, "source": 3.0, "target": 111.0 }, "geometry": { "type": "LineString", "coordinates": [ [ -77.240295837816518, 39.124020116864649 ], [ -77.306384499469573, 39.14015412551953 ] ] } },
{ "type": "Feature", "properties": { "type": "edge", "id": null, "source": 455.0, "target": 120.0 }, "geometry": { "type": "LineString", "coordinates": [ [ -77.007485957020293, 38.995805597606171 ], [ -77.018209570212761, 38.976244987024458 ] ] } },
{ "type": "Feature", "properties": { "type": "edge", "id": null, "source": 455.0, "target": 116.0 }, "geometry": { "type": "LineString", "coordinates": [ [ -77.007485957020293, 38.995805597606171 ], [ -76.992749562060453, 38.998360003984153 ] ] } },
{ "type": "Feature", "properties": { "type": "edge", "id": null, "source": 455.0, "target": 180.0 }, "geometry": { "type": "LineString", "coordinates": [ [ -77.007485957020293, 38.995805597606171 ], [ -77.00096576929613, 38.977516109064815 ] ] } },
{ "type": "Feature", "properties": { "type": "edge", "id": null, "source": 455.0, "target": 205.0 }, "geometry": { "type": "LineString", "coordinates": [ [ -77.007485957020293, 38.995805597606171 ], [ -76.983081977867869, 38.98924213147054 ] ] } },
{ "type": "Feature", "properties": { "type": "edge", "id": null, "source": 455.0, "target": 175.0 }, "geometry": { "type": "LineString", "coordinates": [ [ -77.007485957020293, 38.995805597606171 ], [ -77.020080976160344, 39.009272672657701 ] ] } },
{ "type": "Feature", "properties": { "type": "edge", "id": null, "source": 455.0, "target": 123.0 }, "geometry": { "type": "LineString", "coordinates": [ [ -77.007485957020293, 38.995805597606171 ], [ -77.004662114462775, 39.013089318346246 ] ] } },
{ "type": "Feature", "properties": { "type": "edge", "id": null, "source": 455.0, "target": 122.0 }, "geometry": { "type": "LineString", "coordinates": [ [ -77.007485957020293, 38.995805597606171 ], [ -76.980310844060767, 39.010770233248202 ] ] } },
{ "type": "Feature", "properties": { "type": "edge", "id": null, "source": 455.0, "target": 22.0 }, "geometry": { "type": "LineString", "coordinates": [ [ -77.007485957020293, 38.995805597606171 ], [ -77.02533063658808, 38.993631858135338 ] ] } },
{ "type": "Feature", "properties": { "type": "edge", "id": null, "source": 22.0, "target": 11.0 }, "geometry": { "type": "LineString", "coordinates": [ [ -77.02533063658808, 38.993631858135338 ], [ -77.032924896861871, 38.995193405937783 ] ] } },
{ "type": "Feature", "properties": { "type": "edge", "id": null, "source": 22.0, "target": 120.0 }, "geometry": { "type": "LineString", "coordinates": [ [ -77.02533063658808, 38.993631858135338 ], [ -77.018209570212761, 38.976244987024458 ] ] } },
{ "type": "Feature", "properties": { "type": "edge", "id": null, "source": 22.0, "target": 175.0 }, "geometry": { "type": "LineString", "coordinates": [ [ -77.02533063658808, 38.993631858135338 ], [ -77.020080976160344, 39.009272672657701 ] ] } },
{ "type": "Feature", "properties": { "type": "edge", "id": null, "source": 22.0, "target": 21.0 }, "geometry": { "type": "LineString", "coordinates": [ [ -77.02533063658808, 38.993631858135338 ], [ -77.034394837084648, 38.988269856763694 ] ] } },
{ "type": "Feature", "properties": { "type": "edge", "id": null, "source": 22.0, "target": 375.0 }, "geometry": { "type": "LineString", "coordinates": [ [ -77.02533063658808, 38.993631858135338 ], [ -77.028294469598862, 38.982390766421204 ] ] } },
{ "type": "Feature", "properties": { "type": "edge", "id": null, "source": 31.0, "target": 98.0 }, "geometry": { "type": "LineString", "coordinates": [ [ -77.063148176988932, 39.091435098531086 ], [ -77.011057688467972, 39.077287218079654 ] ] } },
{ "type": "Feature", "properties": { "type": "edge", "id": null, "source": 31.0, "target": 215.0 }, "geometry": { "type": "LineString", "coordinates": [ [ -77.063148176988932, 39.091435098531086 ], [ -77.01513534030137, 39.06391331585089 ] ] } },
{ "type": "Feature", "properties": { "type": "edge", "id": null, "source": 31.0, "target": 18.0 }, "geometry": { "type": "LineString", "coordinates": [ [ -77.063148176988932, 39.091435098531086 ], [ -77.013420012961774, 39.099906897952586 ] ] } },
{ "type": "Feature", "properties": { "type": "edge", "id": null, "source": 31.0, "target": 121.0 }, "geometry": { "type": "LineString", "coordinates": [ [ -77.063148176988932, 39.091435098531086 ], [ -77.074430948554408, 39.077792883654737 ] ] } },
{ "type": "Feature", "properties": { "type": "edge", "id": null, "source": 31.0, "target": 20.0 }, "geometry": { "type": "LineString", "coordinates": [ [ -77.063148176988932, 39.091435098531086 ], [ -77.049143991146238, 39.061312408333229 ] ] } },
{ "type": "Feature", "properties": { "type": "edge", "id": null, "source": 31.0, "target": 162.0 }, "geometry": { "type": "LineString", "coordinates": [ [ -77.063148176988932, 39.091435098531086 ], [ -77.112562137356207, 39.085581053921395 ] ] } },
{ "type": "Feature", "properties": { "type": "edge", "id": null, "source": 31.0, "target": 412.0 }, "geometry": { "type": "LineString", "coordinates": [ [ -77.063148176988932, 39.091435098531086 ], [ -77.04776837167492, 39.129025224723975 ] ] } },
{ "type": "Feature", "properties": { "type": "edge", "id": null, "source": 11.0, "target": 21.0 }, "geometry": { "type": "LineString", "coordinates": [ [ -77.032924896861871, 38.995193405937783 ], [ -77.034394837084648, 38.988269856763694 ] ] } },
{ "type": "Feature", "properties": { "type": "edge", "id": null, "source": 11.0, "target": 52.0 }, "geometry": { "type": "LineString", "coordinates": [ [ -77.032924896861871, 38.995193405937783 ], [ -77.044429289426816, 39.007363105433491 ] ] } },
{ "type": "Feature", "properties": { "type": "edge", "id": null, "source": 137.0, "target": 179.0 }, "geometry": { "type": "LineString", "coordinates": [ [ -76.960944404777919, 38.937927580366051 ], [ -76.975857291215561, 38.940410124083662 ] ] } },
{ "type": "Feature", "properties": { "type": "edge", "id": null, "source": 137.0, "target": 282.0 }, "geometry": { "type": "LineString", "coordinates": [ [ -76.960944404777919, 38.937927580366051 ], [ -76.960592842327202, 38.926480345322915 ] ] } },
{ "type": "Feature", "properties": { "type": "edge", "id": null, "source": 137.0, "target": 239.0 }, "geometry": { "type": "LineString", "coordinates": [ [ -76.960944404777919, 38.937927580366051 ], [ -76.961565335618388, 38.948038843272066 ] ] } },
{ "type": "Feature", "properties": { "type": "edge", "id": null, "source": 137.0, "target": 454.0 }, "geometry": { "type": "LineString", "coordinates": [ [ -76.960944404777919, 38.937927580366051 ], [ -76.948968825479767, 38.936035075726991 ] ] } },
{ "type": "Feature", "properties": { "type": "edge", "id": null, "source": 137.0, "target": 28.0 }, "geometry": { "type": "LineString", "coordinates": [ [ -76.960944404777919, 38.937927580366051 ], [ -76.953010995647361, 38.942754165488424 ] ] } },
{ "type": "Feature", "properties": { "type": "edge", "id": null, "source": 137.0, "target": 277.0 }, "geometry": { "type": "LineString", "coordinates": [ [ -76.960944404777919, 38.937927580366051 ], [ -76.976671832733572, 38.929480543107694 ] ] } },
{ "type": "Feature", "properties": { "type": "edge", "id": null, "source": 137.0, "target": 223.0 }, "geometry": { "type": "LineString", "coordinates": [ [ -76.960944404777919, 38.937927580366051 ], [ -76.958924131790681, 38.936068102151388 ] ] } },
{ "type": "Feature", "properties": { "type": "edge", "id": null, "source": 57.0, "target": 259.0 }, "geometry": { "type": "LineString", "coordinates": [ [ -76.879445913576333, 38.955561522477069 ], [ -76.880253933648987, 38.931204665002959 ] ] } },
{ "type": "Feature", "properties": { "type": "edge", "id": null, "source": 57.0, "target": 77.0 }, "geometry": { "type": "LineString", "coordinates": [ [ -76.879445913576333, 38.955561522477069 ], [ -76.906813002823583, 38.966925445672636 ] ] } },
{ "type": "Feature", "properties": { "type": "edge", "id": null, "source": 57.0, "target": 139.0 }, "geometry": { "type": "LineString", "coordinates": [ [ -76.879445913576333, 38.955561522477069 ], [ -76.878884225760515, 38.971619941766662 ] ] } },
{ "type": "Feature", "properties": { "type": "edge", "id": null, "source": 57.0, "target": 267.0 }, "geometry": { "type": "LineString", "coordinates": [ [ -76.879445913576333, 38.955561522477069 ], [ -76.87061618401593, 38.948491476260038 ] ] } },
{ "type": "Feature", "properties": { "type": "edge", "id": null, "source": 57.0, "target": 58.0 }, "geometry": { "type": "LineString", "coordinates": [ [ -76.879445913576333, 38.955561522477069 ], [ -76.860630411243307, 38.968693557241771 ] ] } },
{ "type": "Feature", "properties": { "type": "edge", "id": null, "source": 57.0, "target": 230.0 }, "geometry": { "type": "LineString", "coordinates": [ [ -76.879445913576333, 38.955561522477069 ], [ -76.857279966361077, 38.950748054206649 ] ] } },
{ "type": "Feature", "properties": { "type": "edge", "id": null, "source": 57.0, "target": 56.0 }, "geometry": { "type": "LineString", "coordinates": [ [ -76.879445913576333, 38.955561522477069 ], [ -76.868773157322948, 38.941713236544558 ] ] } },
{ "type": "Feature", "properties": { "type": "edge", "id": null, "source": 57.0, "target": 133.0 }, "geometry": { "type": "LineString", "coordinates": [ [ -76.879445913576333, 38.955561522477069 ], [ -76.902076315880706, 38.937638612403958 ] ] } },
{ "type": "Feature", "properties": { "type": "edge", "id": null, "source": 139.0, "target": 58.0 }, "geometry": { "type": "LineString", "coordinates": [ [ -76.878884225760515, 38.971619941766662 ], [ -76.860630411243307, 38.968693557241771 ] ] } },
{ "type": "Feature", "properties": { "type": "edge", "id": null, "source": 139.0, "target": 240.0 }, "geometry": { "type": "LineString", "coordinates": [ [ -76.878884225760515, 38.971619941766662 ], [ -76.896295897455289, 38.969906677504653 ] ] } },
{ "type": "Feature", "properties": { "type": "edge", "id": null, "source": 15.0, "target": 109.0 }, "geometry": { "type": "LineString", "coordinates": [ [ -77.252288799703862, 39.2038648777689 ], [ -77.196147152031855, 39.240376261769889 ] ] } },
{ "type": "Feature", "properties": { "type": "edge", "id": null, "source": 15.0, "target": 27.0 }, "geometry": { "type": "LineString", "coordinates": [ [ -77.252288799703862, 39.2038648777689 ], [ -77.209975879330656, 39.27341762326445 ] ] } },
{ "type": "Feature", "properties": { "type": "edge", "id": null, "source": 15.0, "target": 105.0 }, "geometry": { "type": "LineString", "coordinates": [ [ -77.252288799703862, 39.2038648777689 ], [ -77.265652904556447, 39.169551696025415 ] ] } },
{ "type": "Feature", "properties": { "type": "edge", "id": null, "source": 45.0, "target": 12.0 }, "geometry": { "type": "LineString", "coordinates": [ [ -77.069161225715618, 39.153940474537663 ], [ -77.157315757808576, 39.201020868669353 ] ] } },
{ "type": "Feature", "properties": { "type": "edge", "id": null, "source": 45.0, "target": 23.0 }, "geometry": { "type": "LineString", "coordinates": [ [ -77.069161225715618, 39.153940474537663 ], [ -77.157467252975835, 39.154849542303431 ] ] } },
{ "type": "Feature", "properties": { "type": "edge", "id": null, "source": 45.0, "target": 373.0 }, "geometry": { "type": "LineString", "coordinates": [ [ -77.069161225715618, 39.153940474537663 ], [ -77.013712235510326, 39.147303765675979 ] ] } },
{ "type": "Feature", "properties": { "type": "edge", "id": null, "source": 45.0, "target": 199.0 }, "geometry": { "type": "LineString", "coordinates": [ [ -77.069161225715618, 39.153940474537663 ], [ -77.077764065994188, 39.128021505811525 ] ] } },
{ "type": "Feature", "properties": { "type": "edge", "id": null, "source": 45.0, "target": 200.0 }, "geometry": { "type": "LineString", "coordinates": [ [ -77.069161225715618, 39.153940474537663 ], [ -77.068949537770905, 39.141544952007123 ] ] } },
{ "type": "Feature", "properties": { "type": "edge", "id": null, "source": 45.0, "target": 412.0 }, "geometry": { "type": "LineString", "coordinates": [ [ -77.069161225715618, 39.153940474537663 ], [ -77.04776837167492, 39.129025224723975 ] ] } },
{ "type": "Feature", "properties": { "type": "edge", "id": null, "source": 18.0, "target": 98.0 }, "geometry": { "type": "LineString", "coordinates": [ [ -77.013420012961774, 39.099906897952586 ], [ -77.011057688467972, 39.077287218079654 ] ] } },
{ "type": "Feature", "properties": { "type": "edge", "id": null, "source": 18.0, "target": 110.0 }, "geometry": { "type": "LineString", "coordinates": [ [ -77.013420012961774, 39.099906897952586 ], [ -76.98679264833153, 39.107951794210301 ] ] } },
{ "type": "Feature", "properties": { "type": "edge", "id": null, "source": 18.0, "target": 412.0 }, "geometry": { "type": "LineString", "coordinates": [ [ -77.013420012961774, 39.099906897952586 ], [ -77.04776837167492, 39.129025224723975 ] ] } },
{ "type": "Feature", "properties": { "type": "edge", "id": null, "source": 18.0, "target": 26.0 }, "geometry": { "type": "LineString", "coordinates": [ [ -77.013420012961774, 39.099906897952586 ], [ -76.998700570849351, 39.087103773085516 ] ] } },
{ "type": "Feature", "properties": { "type": "edge", "id": null, "source": 19.0, "target": 40.0 }, "geometry": { "type": "LineString", "coordinates": [ [ -77.096056833312275, 38.988676296661829 ], [ -77.104627054374731, 38.962779351326311 ] ] } },
{ "type": "Feature", "properties": { "type": "edge", "id": null, "source": 19.0, "target": 142.0 }, "geometry": { "type": "LineString", "coordinates": [ [ -77.096056833312275, 38.988676296661829 ], [ -77.126819081481273, 38.976697549601752 ] ] } },
{ "type": "Feature", "properties": { "type": "edge", "id": null, "source": 19.0, "target": 113.0 }, "geometry": { "type": "LineString", "coordinates": [ [ -77.096056833312275, 38.988676296661829 ], [ -77.116267347672974, 38.993678006728373 ] ] } },
{ "type": "Feature", "properties": { "type": "edge", "id": null, "source": 19.0, "target": 182.0 }, "geometry": { "type": "LineString", "coordinates": [ [ -77.096056833312275, 38.988676296661829 ], [ -77.082059131197994, 38.977104130084356 ] ] } },
{ "type": "Feature", "properties": { "type": "edge", "id": null, "source": 19.0, "target": 144.0 }, "geometry": { "type": "LineString", "coordinates": [ [ -77.096056833312275, 38.988676296661829 ], [ -77.076403032254177, 38.996842896786468 ] ] } },
{ "type": "Feature", "properties": { "type": "edge", "id": null, "source": 19.0, "target": 14.0 }, "geometry": { "type": "LineString", "coordinates": [ [ -77.096056833312275, 38.988676296661829 ], [ -77.087924100380448, 39.007431828962218 ] ] } },
{ "type": "Feature", "properties": { "type": "edge", "id": null, "source": 21.0, "target": 163.0 }, "geometry": { "type": "LineString", "coordinates": [ [ -77.034394837084648, 38.988269856763694 ], [ -77.062505609118631, 38.988851962976675 ] ] } },
{ "type": "Feature", "properties": { "type": "edge", "id": null, "source": 21.0, "target": 375.0 }, "geometry": { "type": "LineString", "coordinates": [ [ -77.034394837084648, 38.988269856763694 ], [ -77.028294469598862, 38.982390766421204 ] ] } },
{ "type": "Feature", "properties": { "type": "edge", "id": null, "source": 219.0, "target": 24.0 }, "geometry": { "type": "LineString", "coordinates": [ [ -76.853897316902135, 38.918480287305663 ], [ -76.844488215000069, 38.89947132921116 ] ] } },
{ "type": "Feature", "properties": { "type": "edge", "id": null, "source": 219.0, "target": 259.0 }, "geometry": { "type": "LineString", "coordinates": [ [ -76.853897316902135, 38.918480287305663 ], [ -76.880253933648987, 38.931204665002959 ] ] } },
{ "type": "Feature", "properties": { "type": "edge", "id": null, "source": 219.0, "target": 76.0 }, "geometry": { "type": "LineString", "coordinates": [ [ -76.853897316902135, 38.918480287305663 ], [ -76.816565261108011, 38.888561550641604 ] ] } },
{ "type": "Feature", "properties": { "type": "edge", "id": null, "source": 219.0, "target": 39.0 }, "geometry": { "type": "LineString", "coordinates": [ [ -76.853897316902135, 38.918480287305663 ], [ -76.876198527990354, 38.89469225447354 ] ] } },
{ "type": "Feature", "properties": { "type": "edge", "id": null, "source": 219.0, "target": 43.0 }, "geometry": { "type": "LineString", "coordinates": [ [ -76.853897316902135, 38.918480287305663 ], [ -76.882735096769977, 38.915728201306834 ] ] } },
{ "type": "Feature", "properties": { "type": "edge", "id": null, "source": 219.0, "target": 382.0 }, "geometry": { "type": "LineString", "coordinates": [ [ -76.853897316902135, 38.918480287305663 ], [ -76.815141067465319, 38.938628055042528 ] ] } },
{ "type": "Feature", "properties": { "type": "edge", "id": null, "source": 219.0, "target": 353.0 }, "geometry": { "type": "LineString", "coordinates": [ [ -76.853897316902135, 38.918480287305663 ], [ -76.820574056695079, 38.904699766881009 ] ] } },
{ "type": "Feature", "properties": { "type": "edge", "id": null, "source": 219.0, "target": 56.0 }, "geometry": { "type": "LineString", "coordinates": [ [ -76.853897316902135, 38.918480287305663 ], [ -76.868773157322948, 38.941713236544558 ] ] } },
{ "type": "Feature", "properties": { "type": "edge", "id": null, "source": 219.0, "target": 230.0 }, "geometry": { "type": "LineString", "coordinates": [ [ -76.853897316902135, 38.918480287305663 ], [ -76.857279966361077, 38.950748054206649 ] ] } },
{ "type": "Feature", "properties": { "type": "edge", "id": null, "source": 24.0, "target": 76.0 }, "geometry": { "type": "LineString", "coordinates": [ [ -76.844488215000069, 38.89947132921116 ], [ -76.816565261108011, 38.888561550641604 ] ] } },
{ "type": "Feature", "properties": { "type": "edge", "id": null, "source": 24.0, "target": 39.0 }, "geometry": { "type": "LineString", "coordinates": [ [ -76.844488215000069, 38.89947132921116 ], [ -76.876198527990354, 38.89469225447354 ] ] } },
{ "type": "Feature", "properties": { "type": "edge", "id": null, "source": 24.0, "target": 452.0 }, "geometry": { "type": "LineString", "coordinates": [ [ -76.844488215000069, 38.89947132921116 ], [ -76.849849428034361, 38.888229253761921 ] ] } },
{ "type": "Feature", "properties": { "type": "edge", "id": null, "source": 29.0, "target": 40.0 }, "geometry": { "type": "LineString", "coordinates": [ [ -77.089871502326062, 38.963937453170878 ], [ -77.104627054374731, 38.962779351326311 ] ] } },
{ "type": "Feature", "properties": { "type": "edge", "id": null, "source": 29.0, "target": 197.0 }, "geometry": { "type": "LineString", "coordinates": [ [ -77.089871502326062, 38.963937453170878 ], [ -77.083263919393858, 38.949854761478811 ] ] } },
{ "type": "Feature", "properties": { "type": "edge", "id": null, "source": 29.0, "target": 159.0 }, "geometry": { "type": "LineString", "coordinates": [ [ -77.089871502326062, 38.963937453170878 ], [ -77.084837927896743, 38.96056582936189 ] ] } },
{ "type": "Feature", "properties": { "type": "edge", "id": null, "source": 29.0, "target": 182.0 }, "geometry": { "type": "LineString", "coordinates": [ [ -77.089871502326062, 38.963937453170878 ], [ -77.082059131197994, 38.977104130084356 ] ] } },
{ "type": "Feature", "properties": { "type": "edge", "id": null, "source": 29.0, "target": 236.0 }, "geometry": { "type": "LineString", "coordinates": [ [ -77.089871502326062, 38.963937453170878 ], [ -77.075774972360065, 38.96627212458138 ] ] } },
{ "type": "Feature", "properties": { "type": "edge", "id": null, "source": 40.0, "target": 202.0 }, "geometry": { "type": "LineString", "coordinates": [ [ -77.104627054374731, 38.962779351326311 ], [ -77.098599670105756, 38.951373555007642 ] ] } },
{ "type": "Feature", "properties": { "type": "edge", "id": null, "source": 40.0, "target": 201.0 }, "geometry": { "type": "LineString", "coordinates": [ [ -77.104627054374731, 38.962779351326311 ], [ -77.11964209849053, 38.959608251896398 ] ] } },
{ "type": "Feature", "properties": { "type": "edge", "id": null, "source": 40.0, "target": 173.0 }, "geometry": { "type": "LineString", "coordinates": [ [ -77.104627054374731, 38.962779351326311 ], [ -77.132711331515111, 38.939140379908046 ] ] } },
{ "type": "Feature", "properties": { "type": "edge", "id": null, "source": 40.0, "target": 197.0 }, "geometry": { "type": "LineString", "coordinates": [ [ -77.104627054374731, 38.962779351326311 ], [ -77.083263919393858, 38.949854761478811 ] ] } },
{ "type": "Feature", "properties": { "type": "edge", "id": null, "source": 40.0, "target": 142.0 }, "geometry": { "type": "LineString", "coordinates": [ [ -77.104627054374731, 38.962779351326311 ], [ -77.126819081481273, 38.976697549601752 ] ] } },
{ "type": "Feature", "properties": { "type": "edge", "id": null, "source": 120.0, "target": 375.0 }, "geometry": { "type": "LineString", "coordinates": [ [ -77.018209570212761, 38.976244987024458 ], [ -77.028294469598862, 38.982390766421204 ] ] } },
{ "type": "Feature", "properties": { "type": "edge", "id": null, "source": 120.0, "target": 361.0 }, "geometry": { "type": "LineString", "coordinates": [ [ -77.018209570212761, 38.976244987024458 ], [ -77.03494784245261, 38.968046264671955 ] ] } },
{ "type": "Feature", "properties": { "type": "edge", "id": null, "source": 120.0, "target": 234.0 }, "geometry": { "type": "LineString", "coordinates": [ [ -77.018209570212761, 38.976244987024458 ], [ -77.039389772585963, 38.974742184200565 ] ] } },
{ "type": "Feature", "properties": { "type": "edge", "id": null, "source": 120.0, "target": 167.0 }, "geometry": { "type": "LineString", "coordinates": [ [ -77.018209570212761, 38.976244987024458 ], [ -77.023888294929208, 38.966228290847262 ] ] } },
{ "type": "Feature", "properties": { "type": "edge", "id": null, "source": 120.0, "target": 256.0 }, "geometry": { "type": "LineString", "coordinates": [ [ -77.018209570212761, 38.976244987024458 ], [ -77.013780435657097, 38.952599617974791 ] ] } },
{ "type": "Feature", "properties": { "type": "edge", "id": null, "source": 120.0, "target": 180.0 }, "geometry": { "type": "LineString", "coordinates": [ [ -77.018209570212761, 38.976244987024458 ], [ -77.00096576929613, 38.977516109064815 ] ] } },
{ "type": "Feature", "properties": { "type": "edge", "id": null, "source": 120.0, "target": 246.0 }, "geometry": { "type": "LineString", "coordinates": [ [ -77.018209570212761, 38.976244987024458 ], [ -77.002144777881909, 38.963503230677716 ] ] } },
{ "type": "Feature", "properties": { "type": "edge", "id": null, "source": 34.0, "target": 205.0 }, "geometry": { "type": "LineString", "coordinates": [ [ -76.990738601604164, 38.974083726571266 ], [ -76.983081977867869, 38.98924213147054 ] ] } },
{ "type": "Feature", "properties": { "type": "edge", "id": null, "source": 34.0, "target": 180.0 }, "geometry": { "type": "LineString", "coordinates": [ [ -76.990738601604164, 38.974083726571266 ], [ -77.00096576929613, 38.977516109064815 ] ] } },
{ "type": "Feature", "properties": { "type": "edge", "id": null, "source": 34.0, "target": 222.0 }, "geometry": { "type": "LineString", "coordinates": [ [ -76.990738601604164, 38.974083726571266 ], [ -76.97512302556909, 38.974088042639131 ] ] } },
{ "type": "Feature", "properties": { "type": "edge", "id": null, "source": 34.0, "target": 247.0 }, "geometry": { "type": "LineString", "coordinates": [ [ -76.990738601604164, 38.974083726571266 ], [ -76.99520739392328, 38.962817938108373 ] ] } },
{ "type": "Feature", "properties": { "type": "edge", "id": null, "source": 34.0, "target": 246.0 }, "geometry": { "type": "LineString", "coordinates": [ [ -76.990738601604164, 38.974083726571266 ], [ -77.002144777881909, 38.963503230677716 ] ] } },
{ "type": "Feature", "properties": { "type": "edge", "id": null, "source": 34.0, "target": 129.0 }, "geometry": { "type": "LineString", "coordinates": [ [ -76.990738601604164, 38.974083726571266 ], [ -76.984296669880607, 38.958821393775409 ] ] } },
{ "type": "Feature", "properties": { "type": "edge", "id": null, "source": 240.0, "target": 77.0 }, "geometry": { "type": "LineString", "coordinates": [ [ -76.896295897455289, 38.969906677504653 ], [ -76.906813002823583, 38.966925445672636 ] ] } },
{ "type": "Feature", "properties": { "type": "edge", "id": null, "source": 50.0, "target": 224.0 }, "geometry": { "type": "LineString", "coordinates": [ [ -76.955130035799797, 38.972935543566003 ], [ -76.942034728395129, 38.963675851392374 ] ] } },
{ "type": "Feature", "properties": { "type": "edge", "id": null, "source": 50.0, "target": 270.0 }, "geometry": { "type": "LineString", "coordinates": [ [ -76.955130035799797, 38.972935543566003 ], [ -76.952584360207936, 38.966905635789651 ] ] } },
{ "type": "Feature", "properties": { "type": "edge", "id": null, "source": 50.0, "target": 126.0 }, "geometry": { "type": "LineString", "coordinates": [ [ -76.955130035799797, 38.972935543566003 ], [ -76.959480529538382, 38.963137255925133 ] ] } },
{ "type": "Feature", "properties": { "type": "edge", "id": null, "source": 50.0, "target": 310.0 }, "geometry": { "type": "LineString", "coordinates": [ [ -76.955130035799797, 38.972935543566003 ], [ -76.961588357117876, 38.985556779114496 ] ] } },
{ "type": "Feature", "properties": { "type": "edge", "id": null, "source": 50.0, "target": 222.0 }, "geometry": { "type": "LineString", "coordinates": [ [ -76.955130035799797, 38.972935543566003 ], [ -76.97512302556909, 38.974088042639131 ] ] } },
{ "type": "Feature", "properties": { "type": "edge", "id": null, "source": 43.0, "target": 70.0 }, "geometry": { "type": "LineString", "coordinates": [ [ -76.882735096769977, 38.915728201306834 ], [ -76.892231083776991, 38.920923132398613 ] ] } },
{ "type": "Feature", "properties": { "type": "edge", "id": null, "source": 43.0, "target": 39.0 }, "geometry": { "type": "LineString", "coordinates": [ [ -76.882735096769977, 38.915728201306834 ], [ -76.876198527990354, 38.89469225447354 ] ] } },
{ "type": "Feature", "properties": { "type": "edge", "id": null, "source": 43.0, "target": 82.0 }, "geometry": { "type": "LineString", "coordinates": [ [ -76.882735096769977, 38.915728201306834 ], [ -76.89949256882349, 38.904344970659906 ] ] } },
{ "type": "Feature", "properties": { "type": "edge", "id": null, "source": 43.0, "target": 259.0 }, "geometry": { "type": "LineString", "coordinates": [ [ -76.882735096769977, 38.915728201306834 ], [ -76.880253933648987, 38.931204665002959 ] ] } },
{ "type": "Feature", "properties": { "type": "edge", "id": null, "source": 44.0, "target": 266.0 }, "geometry": { "type": "LineString", "coordinates": [ [ -76.93852335865337, 38.867647716860716 ], [ -76.927859897583446, 38.871645057355622 ] ] } },
{ "type": "Feature", "properties": { "type": "edge", "id": null, "source": 44.0, "target": 330.0 }, "geometry": { "type": "LineString", "coordinates": [ [ -76.93852335865337, 38.867647716860716 ], [ -76.955024906747511, 38.864812158671342 ] ] } },
{ "type": "Feature", "properties": { "type": "edge", "id": null, "source": 44.0, "target": 300.0 }, "geometry": { "type": "LineString", "coordinates": [ [ -76.93852335865337, 38.867647716860716 ], [ -76.941940456503474, 38.880982099956675 ] ] } },
{ "type": "Feature", "properties": { "type": "edge", "id": null, "source": 44.0, "target": 390.0 }, "geometry": { "type": "LineString", "coordinates": [ [ -76.93852335865337, 38.867647716860716 ], [ -76.959989103085292, 38.846888222036966 ] ] } },
{ "type": "Feature", "properties": { "type": "edge", "id": null, "source": 44.0, "target": 274.0 }, "geometry": { "type": "LineString", "coordinates": [ [ -76.93852335865337, 38.867647716860716 ], [ -76.92716791355781, 38.850494649937765 ] ] } },
{ "type": "Feature", "properties": { "type": "edge", "id": null, "source": 44.0, "target": 85.0 }, "geometry": { "type": "LineString", "coordinates": [ [ -76.93852335865337, 38.867647716860716 ], [ -76.904149717678536, 38.859214271342857 ] ] } },
{ "type": "Feature", "properties": { "type": "edge", "id": null, "source": 105.0, "target": 111.0 }, "geometry": { "type": "LineString", "coordinates": [ [ -77.265652904556447, 39.169551696025415 ], [ -77.306384499469573, 39.14015412551953 ] ] } },
{ "type": "Feature", "properties": { "type": "edge", "id": null, "source": 105.0, "target": 195.0 }, "geometry": { "type": "LineString", "coordinates": [ [ -77.265652904556447, 39.169551696025415 ], [ -77.284495120597541, 39.179514833905692 ] ] } },
{ "type": "Feature", "properties": { "type": "edge", "id": null, "source": 105.0, "target": 62.0 }, "geometry": { "type": "LineString", "coordinates": [ [ -77.265652904556447, 39.169551696025415 ], [ -77.196320759424509, 39.16171568980014 ] ] } },
{ "type": "Feature", "properties": { "type": "edge", "id": null, "source": 105.0, "target": 46.0 }, "geometry": { "type": "LineString", "coordinates": [ [ -77.265652904556447, 39.169551696025415 ], [ -77.215217641969147, 39.14655662907122 ] ] } },
{ "type": "Feature", "properties": { "type": "edge", "id": null, "source": 70.0, "target": 37.0 }, "geometry": { "type": "LineString", "coordinates": [ [ -76.892231083776991, 38.920923132398613 ], [ -76.907376626850279, 38.919511976872002 ] ] } },
{ "type": "Feature", "properties": { "type": "edge", "id": null, "source": 70.0, "target": 259.0 }, "geometry": { "type": "LineString", "coordinates": [ [ -76.892231083776991, 38.920923132398613 ], [ -76.880253933648987, 38.931204665002959 ] ] } },
{ "type": "Feature", "properties": { "type": "edge", "id": null, "source": 70.0, "target": 133.0 }, "geometry": { "type": "LineString", "coordinates": [ [ -76.892231083776991, 38.920923132398613 ], [ -76.902076315880706, 38.937638612403958 ] ] } },
{ "type": "Feature", "properties": { "type": "edge", "id": null, "source": 357.0, "target": 74.0 }, "geometry": { "type": "LineString", "coordinates": [ [ -76.740241473444357, 38.934724143439169 ], [ -76.739106718961949, 38.955152054033263 ] ] } },
{ "type": "Feature", "properties": { "type": "edge", "id": null, "source": 357.0, "target": 32.0 }, "geometry": { "type": "LineString", "coordinates": [ [ -76.740241473444357, 38.934724143439169 ], [ -76.736285571197783, 38.909869877161896 ] ] } },
{ "type": "Feature", "properties": { "type": "edge", "id": null, "source": 53.0, "target": 67.0 }, "geometry": { "type": "LineString", "coordinates": [ [ -77.436729780821267, 38.843578662307642 ], [ -77.374012106256799, 38.863719929693872 ] ] } },
{ "type": "Feature", "properties": { "type": "edge", "id": null, "source": 53.0, "target": 100.0 }, "geometry": { "type": "LineString", "coordinates": [ [ -77.436729780821267, 38.843578662307642 ], [ -77.54036645544852, 38.926475950780919 ] ] } },
{ "type": "Feature", "properties": { "type": "edge", "id": null, "source": 53.0, "target": 107.0 }, "geometry": { "type": "LineString", "coordinates": [ [ -77.436729780821267, 38.843578662307642 ], [ -77.419215849016638, 38.924486428895662 ] ] } },
{ "type": "Feature", "properties": { "type": "edge", "id": null, "source": 368.0, "target": 80.0 }, "geometry": { "type": "LineString", "coordinates": [ [ -77.234251446769633, 38.868130740250848 ], [ -77.229229978863259, 38.843908912471427 ] ] } },
{ "type": "Feature", "properties": { "type": "edge", "id": null, "source": 368.0, "target": 316.0 }, "geometry": { "type": "LineString", "coordinates": [ [ -77.234251446769633, 38.868130740250848 ], [ -77.227307706164993, 38.878212819576042 ] ] } },
{ "type": "Feature", "properties": { "type": "edge", "id": null, "source": 368.0, "target": 426.0 }, "geometry": { "type": "LineString", "coordinates": [ [ -77.234251446769633, 38.868130740250848 ], [ -77.202537770117928, 38.862885502283397 ] ] } },
{ "type": "Feature", "properties": { "type": "edge", "id": null, "source": 368.0, "target": 380.0 }, "geometry": { "type": "LineString", "coordinates": [ [ -77.234251446769633, 38.868130740250848 ], [ -77.264735180015848, 38.871776818666362 ] ] } },
{ "type": "Feature", "properties": { "type": "edge", "id": null, "source": 368.0, "target": 363.0 }, "geometry": { "type": "LineString", "coordinates": [ [ -77.234251446769633, 38.868130740250848 ], [ -77.257878024346056, 38.839308177847215 ] ] } },
{ "type": "Feature", "properties": { "type": "edge", "id": null, "source": 67.0, "target": 81.0 }, "geometry": { "type": "LineString", "coordinates": [ [ -77.374012106256799, 38.863719929693872 ], [ -77.347820122517035, 38.853790796910125 ] ] } },
{ "type": "Feature", "properties": { "type": "edge", "id": null, "source": 67.0, "target": 107.0 }, "geometry": { "type": "LineString", "coordinates": [ [ -77.374012106256799, 38.863719929693872 ], [ -77.419215849016638, 38.924486428895662 ] ] } },
{ "type": "Feature", "properties": { "type": "edge", "id": null, "source": 87.0, "target": 69.0 }, "geometry": { "type": "LineString", "coordinates": [ [ -77.358338317423616, 38.934339829416487 ], [ -77.303181895509113, 38.874701499928818 ] ] } },
{ "type": "Feature", "properties": { "type": "edge", "id": null, "source": 87.0, "target": 88.0 }, "geometry": { "type": "LineString", "coordinates": [ [ -77.358338317423616, 38.934339829416487 ], [ -77.362212043403233, 38.957915210560763 ] ] } },
{ "type": "Feature", "properties": { "type": "edge", "id": null, "source": 87.0, "target": 107.0 }, "geometry": { "type": "LineString", "coordinates": [ [ -77.358338317423616, 38.934339829416487 ], [ -77.419215849016638, 38.924486428895662 ] ] } },
{ "type": "Feature", "properties": { "type": "edge", "id": null, "source": 87.0, "target": 86.0 }, "geometry": { "type": "LineString", "coordinates": [ [ -77.358338317423616, 38.934339829416487 ], [ -77.396765557428822, 38.966584418349292 ] ] } },
{ "type": "Feature", "properties": { "type": "edge", "id": null, "source": 87.0, "target": 461.0 }, "geometry": { "type": "LineString", "coordinates": [ [ -77.358338317423616, 38.934339829416487 ], [ -77.282652716480598, 38.880389209862159 ] ] } },
{ "type": "Feature", "properties": { "type": "edge", "id": null, "source": 87.0, "target": 462.0 }, "geometry": { "type": "LineString", "coordinates": [ [ -77.358338317423616, 38.934339829416487 ], [ -77.271231913152647, 38.894947197176677 ] ] } },
{ "type": "Feature", "properties": { "type": "edge", "id": null, "source": 87.0, "target": 66.0 }, "geometry": { "type": "LineString", "coordinates": [ [ -77.358338317423616, 38.934339829416487 ], [ -77.33917169601294, 38.94760058227412 ] ] } },
{ "type": "Feature", "properties": { "type": "edge", "id": null, "source": 87.0, "target": 463.0 }, "geometry": { "type": "LineString", "coordinates": [ [ -77.358338317423616, 38.934339829416487 ], [ -77.273918312819006, 38.928344564940502 ] ] } },
{ "type": "Feature", "properties": { "type": "edge", "id": null, "source": 436.0, "target": 148.0 }, "geometry": { "type": "LineString", "coordinates": [ [ -77.228126574190227, 38.790742112626376 ], [ -77.244650850913573, 38.792199948861132 ] ] } },
{ "type": "Feature", "properties": { "type": "edge", "id": null, "source": 436.0, "target": 422.0 }, "geometry": { "type": "LineString", "coordinates": [ [ -77.228126574190227, 38.790742112626376 ], [ -77.222807439506795, 38.776996618354751 ] ] } },
{ "type": "Feature", "properties": { "type": "edge", "id": null, "source": 436.0, "target": 314.0 }, "geometry": { "type": "LineString", "coordinates": [ [ -77.228126574190227, 38.790742112626376 ], [ -77.212328247943887, 38.799813036443467 ] ] } },
{ "type": "Feature", "properties": { "type": "edge", "id": null, "source": 436.0, "target": 317.0 }, "geometry": { "type": "LineString", "coordinates": [ [ -77.228126574190227, 38.790742112626376 ], [ -77.222757117022979, 38.809249336278221 ] ] } },
{ "type": "Feature", "properties": { "type": "edge", "id": null, "source": 65.0, "target": 453.0 }, "geometry": { "type": "LineString", "coordinates": [ [ -77.221755117627566, 38.709238251440432 ], [ -77.176987889913107, 38.737380581229608 ] ] } },
{ "type": "Feature", "properties": { "type": "edge", "id": null, "source": 65.0, "target": 92.0 }, "geometry": { "type": "LineString", "coordinates": [ [ -77.221755117627566, 38.709238251440432 ], [ -77.250622871853579, 38.750115965153888 ] ] } },
{ "type": "Feature", "properties": { "type": "edge", "id": null, "source": 80.0, "target": 363.0 }, "geometry": { "type": "LineString", "coordinates": [ [ -77.229229978863259, 38.843908912471427 ], [ -77.257878024346056, 38.839308177847215 ] ] } },
{ "type": "Feature", "properties": { "type": "edge", "id": null, "source": 80.0, "target": 355.0 }, "geometry": { "type": "LineString", "coordinates": [ [ -77.229229978863259, 38.843908912471427 ], [ -77.23999688479158, 38.810784935048325 ] ] } },
{ "type": "Feature", "properties": { "type": "edge", "id": null, "source": 80.0, "target": 426.0 }, "geometry": { "type": "LineString", "coordinates": [ [ -77.229229978863259, 38.843908912471427 ], [ -77.202537770117928, 38.862885502283397 ] ] } },
{ "type": "Feature", "properties": { "type": "edge", "id": null, "source": 80.0, "target": 289.0 }, "geometry": { "type": "LineString", "coordinates": [ [ -77.229229978863259, 38.843908912471427 ], [ -77.208853013660786, 38.826781300728122 ] ] } },
{ "type": "Feature", "properties": { "type": "edge", "id": null, "source": 80.0, "target": 288.0 }, "geometry": { "type": "LineString", "coordinates": [ [ -77.229229978863259, 38.843908912471427 ], [ -77.220556241959301, 38.823510586692244 ] ] } },
{ "type": "Feature", "properties": { "type": "edge", "id": null, "source": 149.0, "target": 152.0 }, "geometry": { "type": "LineString", "coordinates": [ [ -77.225733068857721, 38.930581039509391 ], [ -77.21943771741654, 38.92113081688418 ] ] } },
{ "type": "Feature", "properties": { "type": "edge", "id": null, "source": 149.0, "target": 432.0 }, "geometry": { "type": "LineString", "coordinates": [ [ -77.225733068857721, 38.930581039509391 ], [ -77.190336358696271, 38.924632828090573 ] ] } },
{ "type": "Feature", "properties": { "type": "edge", "id": null, "source": 149.0, "target": 320.0 }, "geometry": { "type": "LineString", "coordinates": [ [ -77.225733068857721, 38.930581039509391 ], [ -77.204675183209716, 38.924486718694588 ] ] } },
{ "type": "Feature", "properties": { "type": "edge", "id": null, "source": 149.0, "target": 16.0 }, "geometry": { "type": "LineString", "coordinates": [ [ -77.225733068857721, 38.930581039509391 ], [ -77.168792322722183, 38.970289573729374 ] ] } },
{ "type": "Feature", "properties": { "type": "edge", "id": null, "source": 149.0, "target": 463.0 }, "geometry": { "type": "LineString", "coordinates": [ [ -77.225733068857721, 38.930581039509391 ], [ -77.273918312819006, 38.928344564940502 ] ] } },
{ "type": "Feature", "properties": { "type": "edge", "id": null, "source": 149.0, "target": 208.0 }, "geometry": { "type": "LineString", "coordinates": [ [ -77.225733068857721, 38.930581039509391 ], [ -77.185439868930899, 39.000834623966995 ] ] } },
{ "type": "Feature", "properties": { "type": "edge", "id": null, "source": 149.0, "target": 415.0 }, "geometry": { "type": "LineString", "coordinates": [ [ -77.225733068857721, 38.930581039509391 ], [ -77.221075936409946, 38.912139280533474 ] ] } },
{ "type": "Feature", "properties": { "type": "edge", "id": null, "source": 81.0, "target": 312.0 }, "geometry": { "type": "LineString", "coordinates": [ [ -77.347820122517035, 38.853790796910125 ], [ -77.327262179024586, 38.855563783471133 ] ] } },
{ "type": "Feature", "properties": { "type": "edge", "id": null, "source": 88.0, "target": 86.0 }, "geometry": { "type": "LineString", "coordinates": [ [ -77.362212043403233, 38.957915210560763 ], [ -77.396765557428822, 38.966584418349292 ] ] } },
{ "type": "Feature", "properties": { "type": "edge", "id": null, "source": 88.0, "target": 79.0 }, "geometry": { "type": "LineString", "coordinates": [ [ -77.362212043403233, 38.957915210560763 ], [ -77.368770661891077, 38.978123394060532 ] ] } },
{ "type": "Feature", "properties": { "type": "edge", "id": null, "source": 88.0, "target": 457.0 }, "geometry": { "type": "LineString", "coordinates": [ [ -77.362212043403233, 38.957915210560763 ], [ -77.33801783793173, 38.967488316043969 ] ] } },
{ "type": "Feature", "properties": { "type": "edge", "id": null, "source": 69.0, "target": 108.0 }, "geometry": { "type": "LineString", "coordinates": [ [ -77.303181895509113, 38.874701499928818 ], [ -77.298901366038393, 38.860399215755017 ] ] } },
{ "type": "Feature", "properties": { "type": "edge", "id": null, "source": 69.0, "target": 461.0 }, "geometry": { "type": "LineString", "coordinates": [ [ -77.303181895509113, 38.874701499928818 ], [ -77.282652716480598, 38.880389209862159 ] ] } },
{ "type": "Feature", "properties": { "type": "edge", "id": null, "source": 69.0, "target": 313.0 }, "geometry": { "type": "LineString", "coordinates": [ [ -77.303181895509113, 38.874701499928818 ], [ -77.276037605281829, 38.865774644886237 ] ] } },
{ "type": "Feature", "properties": { "type": "edge", "id": null, "source": 69.0, "target": 312.0 }, "geometry": { "type": "LineString", "coordinates": [ [ -77.303181895509113, 38.874701499928818 ], [ -77.327262179024586, 38.855563783471133 ] ] } },
{ "type": "Feature", "properties": { "type": "edge", "id": null, "source": 148.0, "target": 422.0 }, "geometry": { "type": "LineString", "coordinates": [ [ -77.244650850913573, 38.792199948861132 ], [ -77.222807439506795, 38.776996618354751 ] ] } },
{ "type": "Feature", "properties": { "type": "edge", "id": null, "source": 148.0, "target": 379.0 }, "geometry": { "type": "LineString", "coordinates": [ [ -77.244650850913573, 38.792199948861132 ], [ -77.271501219252102, 38.802482970170395 ] ] } },
{ "type": "Feature", "properties": { "type": "edge", "id": null, "source": 148.0, "target": 355.0 }, "geometry": { "type": "LineString", "coordinates": [ [ -77.244650850913573, 38.792199948861132 ], [ -77.23999688479158, 38.810784935048325 ] ] } },
{ "type": "Feature", "properties": { "type": "edge", "id": null, "source": 148.0, "target": 304.0 }, "geometry": { "type": "LineString", "coordinates": [ [ -77.244650850913573, 38.792199948861132 ], [ -77.264130041262803, 38.811054018531586 ] ] } },
{ "type": "Feature", "properties": { "type": "edge", "id": null, "source": 148.0, "target": 381.0 }, "geometry": { "type": "LineString", "coordinates": [ [ -77.244650850913573, 38.792199948861132 ], [ -77.266454885911728, 38.782238559642337 ] ] } },
{ "type": "Feature", "properties": { "type": "edge", "id": null, "source": 107.0, "target": 100.0 }, "geometry": { "type": "LineString", "coordinates": [ [ -77.419215849016638, 38.924486428895662 ], [ -77.54036645544852, 38.926475950780919 ] ] } },
{ "type": "Feature", "properties": { "type": "edge", "id": null, "source": 107.0, "target": 86.0 }, "geometry": { "type": "LineString", "coordinates": [ [ -77.419215849016638, 38.924486428895662 ], [ -77.396765557428822, 38.966584418349292 ] ] } },
{ "type": "Feature", "properties": { "type": "edge", "id": null, "source": 107.0, "target": 160.0 }, "geometry": { "type": "LineString", "coordinates": [ [ -77.419215849016638, 38.924486428895662 ], [ -77.4870111149135, 39.001488305308584 ] ] } },
{ "type": "Feature", "properties": { "type": "edge", "id": null, "source": 312.0, "target": 108.0 }, "geometry": { "type": "LineString", "coordinates": [ [ -77.327262179024586, 38.855563783471133 ], [ -77.298901366038393, 38.860399215755017 ] ] } },
{ "type": "Feature", "properties": { "type": "edge", "id": null, "source": 312.0, "target": 425.0 }, "geometry": { "type": "LineString", "coordinates": [ [ -77.327262179024586, 38.855563783471133 ], [ -77.307448948885266, 38.840759445071406 ] ] } },
{ "type": "Feature", "properties": { "type": "edge", "id": null, "source": 79.0, "target": 86.0 }, "geometry": { "type": "LineString", "coordinates": [ [ -77.368770661891077, 38.978123394060532 ], [ -77.396765557428822, 38.966584418349292 ] ] } },
{ "type": "Feature", "properties": { "type": "edge", "id": null, "source": 79.0, "target": 450.0 }, "geometry": { "type": "LineString", "coordinates": [ [ -77.368770661891077, 38.978123394060532 ], [ -77.395018800048959, 39.015314616706306 ] ] } },
{ "type": "Feature", "properties": { "type": "edge", "id": null, "source": 79.0, "target": 457.0 }, "geometry": { "type": "LineString", "coordinates": [ [ -77.368770661891077, 38.978123394060532 ], [ -77.33801783793173, 38.967488316043969 ] ] } },
{ "type": "Feature", "properties": { "type": "edge", "id": null, "source": 425.0, "target": 430.0 }, "geometry": { "type": "LineString", "coordinates": [ [ -77.307448948885266, 38.840759445071406 ], [ -77.297885202105945, 38.826191618639633 ] ] } },
{ "type": "Feature", "properties": { "type": "edge", "id": null, "source": 425.0, "target": 369.0 }, "geometry": { "type": "LineString", "coordinates": [ [ -77.307448948885266, 38.840759445071406 ], [ -77.293094948765372, 38.84390467186617 ] ] } },
{ "type": "Feature", "properties": { "type": "edge", "id": null, "source": 425.0, "target": 108.0 }, "geometry": { "type": "LineString", "coordinates": [ [ -77.307448948885266, 38.840759445071406 ], [ -77.298901366038393, 38.860399215755017 ] ] } },
{ "type": "Feature", "properties": { "type": "edge", "id": null, "source": 425.0, "target": 147.0 }, "geometry": { "type": "LineString", "coordinates": [ [ -77.307448948885266, 38.840759445071406 ], [ -77.298912413618496, 38.800078474448611 ] ] } },
{ "type": "Feature", "properties": { "type": "edge", "id": null, "source": 422.0, "target": 335.0 }, "geometry": { "type": "LineString", "coordinates": [ [ -77.222807439506795, 38.776996618354751 ], [ -77.247206668810264, 38.774577815637208 ] ] } },
{ "type": "Feature", "properties": { "type": "edge", "id": null, "source": 422.0, "target": 325.0 }, "geometry": { "type": "LineString", "coordinates": [ [ -77.222807439506795, 38.776996618354751 ], [ -77.18092144499623, 38.772596297285006 ] ] } },
{ "type": "Feature", "properties": { "type": "edge", "id": null, "source": 422.0, "target": 92.0 }, "geometry": { "type": "LineString", "coordinates": [ [ -77.222807439506795, 38.776996618354751 ], [ -77.250622871853579, 38.750115965153888 ] ] } },
{ "type": "Feature", "properties": { "type": "edge", "id": null, "source": 422.0, "target": 453.0 }, "geometry": { "type": "LineString", "coordinates": [ [ -77.222807439506795, 38.776996618354751 ], [ -77.176987889913107, 38.737380581229608 ] ] } },
{ "type": "Feature", "properties": { "type": "edge", "id": null, "source": 86.0, "target": 160.0 }, "geometry": { "type": "LineString", "coordinates": [ [ -77.396765557428822, 38.966584418349292 ], [ -77.4870111149135, 39.001488305308584 ] ] } },
{ "type": "Feature", "properties": { "type": "edge", "id": null, "source": 86.0, "target": 450.0 }, "geometry": { "type": "LineString", "coordinates": [ [ -77.396765557428822, 38.966584418349292 ], [ -77.395018800048959, 39.015314616706306 ] ] } },
{ "type": "Feature", "properties": { "type": "edge", "id": null, "source": 426.0, "target": 316.0 }, "geometry": { "type": "LineString", "coordinates": [ [ -77.202537770117928, 38.862885502283397 ], [ -77.227307706164993, 38.878212819576042 ] ] } },
{ "type": "Feature", "properties": { "type": "edge", "id": null, "source": 426.0, "target": 398.0 }, "geometry": { "type": "LineString", "coordinates": [ [ -77.202537770117928, 38.862885502283397 ], [ -77.191046370013154, 38.877284587167971 ] ] } },
{ "type": "Feature", "properties": { "type": "edge", "id": null, "source": 426.0, "target": 384.0 }, "geometry": { "type": "LineString", "coordinates": [ [ -77.202537770117928, 38.862885502283397 ], [ -77.180840169539891, 38.87636512634041 ] ] } },
{ "type": "Feature", "properties": { "type": "edge", "id": null, "source": 426.0, "target": 456.0 }, "geometry": { "type": "LineString", "coordinates": [ [ -77.202537770117928, 38.862885502283397 ], [ -77.229191077764568, 38.889396126100593 ] ] } },
{ "type": "Feature", "properties": { "type": "edge", "id": null, "source": 426.0, "target": 284.0 }, "geometry": { "type": "LineString", "coordinates": [ [ -77.202537770117928, 38.862885502283397 ], [ -77.174374032353541, 38.841792752419011 ] ] } },
{ "type": "Feature", "properties": { "type": "edge", "id": null, "source": 426.0, "target": 328.0 }, "geometry": { "type": "LineString", "coordinates": [ [ -77.202537770117928, 38.862885502283397 ], [ -77.189224862579479, 38.899964455221308 ] ] } },
{ "type": "Feature", "properties": { "type": "edge", "id": null, "source": 426.0, "target": 327.0 }, "geometry": { "type": "LineString", "coordinates": [ [ -77.202537770117928, 38.862885502283397 ], [ -77.207437489060425, 38.832036096140449 ] ] } },
{ "type": "Feature", "properties": { "type": "edge", "id": null, "source": 426.0, "target": 291.0 }, "geometry": { "type": "LineString", "coordinates": [ [ -77.202537770117928, 38.862885502283397 ], [ -77.191631543299877, 38.828572155589683 ] ] } },
{ "type": "Feature", "properties": { "type": "edge", "id": null, "source": 426.0, "target": 415.0 }, "geometry": { "type": "LineString", "coordinates": [ [ -77.202537770117928, 38.862885502283397 ], [ -77.221075936409946, 38.912139280533474 ] ] } },
{ "type": "Feature", "properties": { "type": "edge", "id": null, "source": 320.0, "target": 432.0 }, "geometry": { "type": "LineString", "coordinates": [ [ -77.204675183209716, 38.924486718694588 ], [ -77.190336358696271, 38.924632828090573 ] ] } },
{ "type": "Feature", "properties": { "type": "edge", "id": null, "source": 320.0, "target": 152.0 }, "geometry": { "type": "LineString", "coordinates": [ [ -77.204675183209716, 38.924486718694588 ], [ -77.21943771741654, 38.92113081688418 ] ] } },
{ "type": "Feature", "properties": { "type": "edge", "id": null, "source": 92.0, "target": 335.0 }, "geometry": { "type": "LineString", "coordinates": [ [ -77.250622871853579, 38.750115965153888 ], [ -77.247206668810264, 38.774577815637208 ] ] } },
{ "type": "Feature", "properties": { "type": "edge", "id": null, "source": 92.0, "target": 453.0 }, "geometry": { "type": "LineString", "coordinates": [ [ -77.250622871853579, 38.750115965153888 ], [ -77.176987889913107, 38.737380581229608 ] ] } },
{ "type": "Feature", "properties": { "type": "edge", "id": null, "source": 430.0, "target": 386.0 }, "geometry": { "type": "LineString", "coordinates": [ [ -77.297885202105945, 38.826191618639633 ], [ -77.281912573832258, 38.834473870107487 ] ] } },
{ "type": "Feature", "properties": { "type": "edge", "id": null, "source": 430.0, "target": 369.0 }, "geometry": { "type": "LineString", "coordinates": [ [ -77.297885202105945, 38.826191618639633 ], [ -77.293094948765372, 38.84390467186617 ] ] } },
{ "type": "Feature", "properties": { "type": "edge", "id": null, "source": 430.0, "target": 147.0 }, "geometry": { "type": "LineString", "coordinates": [ [ -77.297885202105945, 38.826191618639633 ], [ -77.298912413618496, 38.800078474448611 ] ] } },
{ "type": "Feature", "properties": { "type": "edge", "id": null, "source": 430.0, "target": 374.0 }, "geometry": { "type": "LineString", "coordinates": [ [ -77.297885202105945, 38.826191618639633 ], [ -77.274893070634576, 38.821676941583775 ] ] } },
{ "type": "Feature", "properties": { "type": "edge", "id": null, "source": 457.0, "target": 66.0 }, "geometry": { "type": "LineString", "coordinates": [ [ -77.33801783793173, 38.967488316043969 ], [ -77.33917169601294, 38.94760058227412 ] ] } },
{ "type": "Feature", "properties": { "type": "edge", "id": null, "source": 457.0, "target": 463.0 }, "geometry": { "type": "LineString", "coordinates": [ [ -77.33801783793173, 38.967488316043969 ], [ -77.273918312819006, 38.928344564940502 ] ] } },
{ "type": "Feature", "properties": { "type": "edge", "id": null, "source": 288.0, "target": 317.0 }, "geometry": { "type": "LineString", "coordinates": [ [ -77.220556241959301, 38.823510586692244 ], [ -77.222757117022979, 38.809249336278221 ] ] } },
{ "type": "Feature", "properties": { "type": "edge", "id": null, "source": 288.0, "target": 289.0 }, "geometry": { "type": "LineString", "coordinates": [ [ -77.220556241959301, 38.823510586692244 ], [ -77.208853013660786, 38.826781300728122 ] ] } },
{ "type": "Feature", "properties": { "type": "edge", "id": null, "source": 288.0, "target": 292.0 }, "geometry": { "type": "LineString", "coordinates": [ [ -77.220556241959301, 38.823510586692244 ], [ -77.200163811671771, 38.808289926 ] ] } },
{ "type": "Feature", "properties": { "type": "edge", "id": null, "source": 288.0, "target": 355.0 }, "geometry": { "type": "LineString", "coordinates": [ [ -77.220556241959301, 38.823510586692244 ], [ -77.23999688479158, 38.810784935048325 ] ] } },
{ "type": "Feature", "properties": { "type": "edge", "id": null, "source": 432.0, "target": 442.0 }, "geometry": { "type": "LineString", "coordinates": [ [ -77.190336358696271, 38.924632828090573 ], [ -77.165873922955285, 38.917067398734623 ] ] } },
{ "type": "Feature", "properties": { "type": "edge", "id": null, "source": 432.0, "target": 395.0 }, "geometry": { "type": "LineString", "coordinates": [ [ -77.190336358696271, 38.924632828090573 ], [ -77.176106753809066, 38.933908631666881 ] ] } },
{ "type": "Feature", "properties": { "type": "edge", "id": null, "source": 432.0, "target": 415.0 }, "geometry": { "type": "LineString", "coordinates": [ [ -77.190336358696271, 38.924632828090573 ], [ -77.221075936409946, 38.912139280533474 ] ] } },
{ "type": "Feature", "properties": { "type": "edge", "id": null, "source": 97.0, "target": 111.0 }, "geometry": { "type": "LineString", "coordinates": [ [ -77.22459055671365, 39.021139334681394 ], [ -77.306384499469573, 39.14015412551953 ] ] } },
{ "type": "Feature", "properties": { "type": "edge", "id": null, "source": 97.0, "target": 450.0 }, "geometry": { "type": "LineString", "coordinates": [ [ -77.22459055671365, 39.021139334681394 ], [ -77.395018800048959, 39.015314616706306 ] ] } },
{ "type": "Feature", "properties": { "type": "edge", "id": null, "source": 97.0, "target": 168.0 }, "geometry": { "type": "LineString", "coordinates": [ [ -77.22459055671365, 39.021139334681394 ], [ -77.17420280455417, 39.024645185787946 ] ] } },
{ "type": "Feature", "properties": { "type": "edge", "id": null, "source": 99.0, "target": 111.0 }, "geometry": { "type": "LineString", "coordinates": [ [ -77.527479216655763, 39.110845291658862 ], [ -77.306384499469573, 39.14015412551953 ] ] } },
{ "type": "Feature", "properties": { "type": "edge", "id": null, "source": 99.0, "target": 195.0 }, "geometry": { "type": "LineString", "coordinates": [ [ -77.527479216655763, 39.110845291658862 ], [ -77.284495120597541, 39.179514833905692 ] ] } },
{ "type": "Feature", "properties": { "type": "edge", "id": null, "source": 99.0, "target": 103.0 }, "geometry": { "type": "LineString", "coordinates": [ [ -77.527479216655763, 39.110845291658862 ], [ -77.469638473606381, 39.051785529680039 ] ] } },
{ "type": "Feature", "properties": { "type": "edge", "id": null, "source": 99.0, "target": 160.0 }, "geometry": { "type": "LineString", "coordinates": [ [ -77.527479216655763, 39.110845291658862 ], [ -77.4870111149135, 39.001488305308584 ] ] } },
{ "type": "Feature", "properties": { "type": "edge", "id": null, "source": 100.0, "target": 160.0 }, "geometry": { "type": "LineString", "coordinates": [ [ -77.54036645544852, 38.926475950780919 ], [ -77.4870111149135, 39.001488305308584 ] ] } },
{ "type": "Feature", "properties": { "type": "edge", "id": null, "source": 111.0, "target": 450.0 }, "geometry": { "type": "LineString", "coordinates": [ [ -77.306384499469573, 39.14015412551953 ], [ -77.395018800048959, 39.015314616706306 ] ] } },
{ "type": "Feature", "properties": { "type": "edge", "id": null, "source": 111.0, "target": 103.0 }, "geometry": { "type": "LineString", "coordinates": [ [ -77.306384499469573, 39.14015412551953 ], [ -77.469638473606381, 39.051785529680039 ] ] } },
{ "type": "Feature", "properties": { "type": "edge", "id": null, "source": 111.0, "target": 195.0 }, "geometry": { "type": "LineString", "coordinates": [ [ -77.306384499469573, 39.14015412551953 ], [ -77.284495120597541, 39.179514833905692 ] ] } },
{ "type": "Feature", "properties": { "type": "edge", "id": null, "source": 103.0, "target": 450.0 }, "geometry": { "type": "LineString", "coordinates": [ [ -77.469638473606381, 39.051785529680039 ], [ -77.395018800048959, 39.015314616706306 ] ] } },
{ "type": "Feature", "properties": { "type": "edge", "id": null, "source": 103.0, "target": 160.0 }, "geometry": { "type": "LineString", "coordinates": [ [ -77.469638473606381, 39.051785529680039 ], [ -77.4870111149135, 39.001488305308584 ] ] } },
{ "type": "Feature", "properties": { "type": "edge", "id": null, "source": 108.0, "target": 313.0 }, "geometry": { "type": "LineString", "coordinates": [ [ -77.298901366038393, 38.860399215755017 ], [ -77.276037605281829, 38.865774644886237 ] ] } },
{ "type": "Feature", "properties": { "type": "edge", "id": null, "source": 160.0, "target": 450.0 }, "geometry": { "type": "LineString", "coordinates": [ [ -77.4870111149135, 39.001488305308584 ], [ -77.395018800048959, 39.015314616706306 ] ] } },
{ "type": "Feature", "properties": { "type": "edge", "id": null, "source": 115.0, "target": 392.0 }, "geometry": { "type": "LineString", "coordinates": [ [ -77.007723046288334, 38.917778434695819 ], [ -77.018659637382598, 38.918843915881077 ] ] } },
{ "type": "Feature", "properties": { "type": "edge", "id": null, "source": 115.0, "target": 227.0 }, "geometry": { "type": "LineString", "coordinates": [ [ -77.007723046288334, 38.917778434695819 ], [ -76.99784280025159, 38.916689849963426 ] ] } },
{ "type": "Feature", "properties": { "type": "edge", "id": null, "source": 115.0, "target": 132.0 }, "geometry": { "type": "LineString", "coordinates": [ [ -77.007723046288334, 38.917778434695819 ], [ -77.021158070882095, 38.928880008904954 ] ] } },
{ "type": "Feature", "properties": { "type": "edge", "id": null, "source": 115.0, "target": 131.0 }, "geometry": { "type": "LineString", "coordinates": [ [ -77.007723046288334, 38.917778434695819 ], [ -76.997567246299681, 38.923297837851187 ] ] } },
{ "type": "Feature", "properties": { "type": "edge", "id": null, "source": 115.0, "target": 136.0 }, "geometry": { "type": "LineString", "coordinates": [ [ -77.007723046288334, 38.917778434695819 ], [ -77.006714579952174, 38.911508594202452 ] ] } },
{ "type": "Feature", "properties": { "type": "edge", "id": null, "source": 354.0, "target": 210.0 }, "geometry": { "type": "LineString", "coordinates": [ [ -76.992916409188936, 38.900822358657685 ], [ -76.979490630540838, 38.91818062953147 ] ] } },
{ "type": "Feature", "properties": { "type": "edge", "id": null, "source": 354.0, "target": 351.0 }, "geometry": { "type": "LineString", "coordinates": [ [ -76.992916409188936, 38.900822358657685 ], [ -77.010177666734933, 38.90262310366775 ] ] } },
{ "type": "Feature", "properties": { "type": "edge", "id": null, "source": 354.0, "target": 220.0 }, "geometry": { "type": "LineString", "coordinates": [ [ -76.992916409188936, 38.900822358657685 ], [ -76.978307333388997, 38.901243352279629 ] ] } },
{ "type": "Feature", "properties": { "type": "edge", "id": null, "source": 354.0, "target": 225.0 }, "geometry": { "type": "LineString", "coordinates": [ [ -76.992916409188936, 38.900822358657685 ], [ -76.994336478599749, 38.885624779736304 ] ] } },
{ "type": "Feature", "properties": { "type": "edge", "id": null, "source": 354.0, "target": 362.0 }, "geometry": { "type": "LineString", "coordinates": [ [ -76.992916409188936, 38.900822358657685 ], [ -76.98333982816672, 38.892626202667834 ] ] } },
{ "type": "Feature", "properties": { "type": "edge", "id": null, "source": 354.0, "target": 136.0 }, "geometry": { "type": "LineString", "coordinates": [ [ -76.992916409188936, 38.900822358657685 ], [ -77.006714579952174, 38.911508594202452 ] ] } },
{ "type": "Feature", "properties": { "type": "edge", "id": null, "source": 354.0, "target": 227.0 }, "geometry": { "type": "LineString", "coordinates": [ [ -76.992916409188936, 38.900822358657685 ], [ -76.99784280025159, 38.916689849963426 ] ] } },
{ "type": "Feature", "properties": { "type": "edge", "id": null, "source": 365.0, "target": 351.0 }, "geometry": { "type": "LineString", "coordinates": [ [ -77.017679869789845, 38.895514294458152 ], [ -77.010177666734933, 38.90262310366775 ] ] } },
{ "type": "Feature", "properties": { "type": "edge", "id": null, "source": 365.0, "target": 164.0 }, "geometry": { "type": "LineString", "coordinates": [ [ -77.017679869789845, 38.895514294458152 ], [ -77.026309803478796, 38.900772201454068 ] ] } },
{ "type": "Feature", "properties": { "type": "edge", "id": null, "source": 365.0, "target": 419.0 }, "geometry": { "type": "LineString", "coordinates": [ [ -77.017679869789845, 38.895514294458152 ], [ -77.026398246032343, 38.891571170801967 ] ] } },
{ "type": "Feature", "properties": { "type": "edge", "id": null, "source": 365.0, "target": 128.0 }, "geometry": { "type": "LineString", "coordinates": [ [ -77.017679869789845, 38.895514294458152 ], [ -77.011062907152422, 38.876106238334806 ] ] } },
{ "type": "Feature", "properties": { "type": "edge", "id": null, "source": 365.0, "target": 151.0 }, "geometry": { "type": "LineString", "coordinates": [ [ -77.017679869789845, 38.895514294458152 ], [ -77.022133457094952, 38.88386287483948 ] ] } },
{ "type": "Feature", "properties": { "type": "edge", "id": null, "source": 365.0, "target": 225.0 }, "geometry": { "type": "LineString", "coordinates": [ [ -77.017679869789845, 38.895514294458152 ], [ -76.994336478599749, 38.885624779736304 ] ] } },
{ "type": "Feature", "properties": { "type": "edge", "id": null, "source": 256.0, "target": 132.0 }, "geometry": { "type": "LineString", "coordinates": [ [ -77.013780435657097, 38.952599617974791 ], [ -77.021158070882095, 38.928880008904954 ] ] } },
{ "type": "Feature", "properties": { "type": "edge", "id": null, "source": 256.0, "target": 150.0 }, "geometry": { "type": "LineString", "coordinates": [ [ -77.013780435657097, 38.952599617974791 ], [ -77.033218510414784, 38.96157824235015 ] ] } },
{ "type": "Feature", "properties": { "type": "edge", "id": null, "source": 256.0, "target": 246.0 }, "geometry": { "type": "LineString", "coordinates": [ [ -77.013780435657097, 38.952599617974791 ], [ -77.002144777881909, 38.963503230677716 ] ] } },
{ "type": "Feature", "properties": { "type": "edge", "id": null, "source": 256.0, "target": 254.0 }, "geometry": { "type": "LineString", "coordinates": [ [ -77.013780435657097, 38.952599617974791 ], [ -77.03462059394171, 38.954934160548476 ] ] } },
{ "type": "Feature", "properties": { "type": "edge", "id": null, "source": 256.0, "target": 260.0 }, "geometry": { "type": "LineString", "coordinates": [ [ -77.013780435657097, 38.952599617974791 ], [ -77.024020007603795, 38.939720353488887 ] ] } },
{ "type": "Feature", "properties": { "type": "edge", "id": null, "source": 256.0, "target": 204.0 }, "geometry": { "type": "LineString", "coordinates": [ [ -77.013780435657097, 38.952599617974791 ], [ -76.994041997913826, 38.938694401744542 ] ] } },
{ "type": "Feature", "properties": { "type": "edge", "id": null, "source": 256.0, "target": 247.0 }, "geometry": { "type": "LineString", "coordinates": [ [ -77.013780435657097, 38.952599617974791 ], [ -76.99520739392328, 38.962817938108373 ] ] } },
{ "type": "Feature", "properties": { "type": "edge", "id": null, "source": 256.0, "target": 435.0 }, "geometry": { "type": "LineString", "coordinates": [ [ -77.013780435657097, 38.952599617974791 ], [ -76.99694486526937, 38.952145566277196 ] ] } },
{ "type": "Feature", "properties": { "type": "edge", "id": null, "source": 256.0, "target": 203.0 }, "geometry": { "type": "LineString", "coordinates": [ [ -77.013780435657097, 38.952599617974791 ], [ -77.034166042521392, 38.942865404978626 ] ] } },
{ "type": "Feature", "properties": { "type": "edge", "id": null, "source": 256.0, "target": 167.0 }, "geometry": { "type": "LineString", "coordinates": [ [ -77.013780435657097, 38.952599617974791 ], [ -77.023888294929208, 38.966228290847262 ] ] } },
{ "type": "Feature", "properties": { "type": "edge", "id": null, "source": 256.0, "target": 343.0 }, "geometry": { "type": "LineString", "coordinates": [ [ -77.013780435657097, 38.952599617974791 ], [ -77.001889900208312, 38.952289950942252 ] ] } },
{ "type": "Feature", "properties": { "type": "edge", "id": null, "source": 256.0, "target": 129.0 }, "geometry": { "type": "LineString", "coordinates": [ [ -77.013780435657097, 38.952599617974791 ], [ -76.984296669880607, 38.958821393775409 ] ] } },
{ "type": "Feature", "properties": { "type": "edge", "id": null, "source": 392.0, "target": 226.0 }, "geometry": { "type": "LineString", "coordinates": [ [ -77.018659637382598, 38.918843915881077 ], [ -77.030795743449133, 38.919139591340617 ] ] } },
{ "type": "Feature", "properties": { "type": "edge", "id": null, "source": 392.0, "target": 132.0 }, "geometry": { "type": "LineString", "coordinates": [ [ -77.018659637382598, 38.918843915881077 ], [ -77.021158070882095, 38.928880008904954 ] ] } },
{ "type": "Feature", "properties": { "type": "edge", "id": null, "source": 392.0, "target": 237.0 }, "geometry": { "type": "LineString", "coordinates": [ [ -77.018659637382598, 38.918843915881077 ], [ -77.025997316601988, 38.911234381857909 ] ] } },
{ "type": "Feature", "properties": { "type": "edge", "id": null, "source": 392.0, "target": 190.0 }, "geometry": { "type": "LineString", "coordinates": [ [ -77.018659637382598, 38.918843915881077 ], [ -77.019834194376557, 38.909846557674321 ] ] } },
{ "type": "Feature", "properties": { "type": "edge", "id": null, "source": 392.0, "target": 136.0 }, "geometry": { "type": "LineString", "coordinates": [ [ -77.018659637382598, 38.918843915881077 ], [ -77.006714579952174, 38.911508594202452 ] ] } },
{ "type": "Feature", "properties": { "type": "edge", "id": null, "source": 330.0, "target": 306.0 }, "geometry": { "type": "LineString", "coordinates": [ [ -76.955024906747511, 38.864812158671342 ], [ -76.968234927901008, 38.875930632313192 ] ] } },
{ "type": "Feature", "properties": { "type": "edge", "id": null, "source": 330.0, "target": 300.0 }, "geometry": { "type": "LineString", "coordinates": [ [ -76.955024906747511, 38.864812158671342 ], [ -76.941940456503474, 38.880982099956675 ] ] } },
{ "type": "Feature", "properties": { "type": "edge", "id": null, "source": 330.0, "target": 439.0 }, "geometry": { "type": "LineString", "coordinates": [ [ -76.955024906747511, 38.864812158671342 ], [ -76.958723726827742, 38.857535301487893 ] ] } },
{ "type": "Feature", "properties": { "type": "edge", "id": null, "source": 330.0, "target": 185.0 }, "geometry": { "type": "LineString", "coordinates": [ [ -76.955024906747511, 38.864812158671342 ], [ -76.970526253662996, 38.858224898134573 ] ] } },
{ "type": "Feature", "properties": { "type": "edge", "id": null, "source": 136.0, "target": 351.0 }, "geometry": { "type": "LineString", "coordinates": [ [ -77.006714579952174, 38.911508594202452 ], [ -77.010177666734933, 38.90262310366775 ] ] } },
{ "type": "Feature", "properties": { "type": "edge", "id": null, "source": 136.0, "target": 190.0 }, "geometry": { "type": "LineString", "coordinates": [ [ -77.006714579952174, 38.911508594202452 ], [ -77.019834194376557, 38.909846557674321 ] ] } },
{ "type": "Feature", "properties": { "type": "edge", "id": null, "source": 136.0, "target": 227.0 }, "geometry": { "type": "LineString", "coordinates": [ [ -77.006714579952174, 38.911508594202452 ], [ -76.99784280025159, 38.916689849963426 ] ] } },
{ "type": "Feature", "properties": { "type": "edge", "id": null, "source": 128.0, "target": 225.0 }, "geometry": { "type": "LineString", "coordinates": [ [ -77.011062907152422, 38.876106238334806 ], [ -76.994336478599749, 38.885624779736304 ] ] } },
{ "type": "Feature", "properties": { "type": "edge", "id": null, "source": 128.0, "target": 405.0 }, "geometry": { "type": "LineString", "coordinates": [ [ -77.011062907152422, 38.876106238334806 ], [ -76.994293266347242, 38.8759296306132 ] ] } },
{ "type": "Feature", "properties": { "type": "edge", "id": null, "source": 128.0, "target": 409.0 }, "geometry": { "type": "LineString", "coordinates": [ [ -77.011062907152422, 38.876106238334806 ], [ -77.015177104095201, 38.880361531651111 ] ] } },
{ "type": "Feature", "properties": { "type": "edge", "id": null, "source": 128.0, "target": 151.0 }, "geometry": { "type": "LineString", "coordinates": [ [ -77.011062907152422, 38.876106238334806 ], [ -77.022133457094952, 38.88386287483948 ] ] } },
{ "type": "Feature", "properties": { "type": "edge", "id": null, "source": 128.0, "target": 378.0 }, "geometry": { "type": "LineString", "coordinates": [ [ -77.011062907152422, 38.876106238334806 ], [ -77.005147951768507, 38.848710445968564 ] ] } },
{ "type": "Feature", "properties": { "type": "edge", "id": null, "source": 128.0, "target": 332.0 }, "geometry": { "type": "LineString", "coordinates": [ [ -77.011062907152422, 38.876106238334806 ], [ -76.994970918548503, 38.85997994921393 ] ] } },
{ "type": "Feature", "properties": { "type": "edge", "id": null, "source": 128.0, "target": 431.0 }, "geometry": { "type": "LineString", "coordinates": [ [ -77.011062907152422, 38.876106238334806 ], [ -77.04985037199431, 38.855403697054584 ] ] } },
{ "type": "Feature", "properties": { "type": "edge", "id": null, "source": 226.0, "target": 211.0 }, "geometry": { "type": "LineString", "coordinates": [ [ -77.030795743449133, 38.919139591340617 ], [ -77.042118964576446, 38.922312928934282 ] ] } },
{ "type": "Feature", "properties": { "type": "edge", "id": null, "source": 226.0, "target": 238.0 }, "geometry": { "type": "LineString", "coordinates": [ [ -77.030795743449133, 38.919139591340617 ], [ -77.040729137000653, 38.910253489727673 ] ] } },
{ "type": "Feature", "properties": { "type": "edge", "id": null, "source": 226.0, "target": 237.0 }, "geometry": { "type": "LineString", "coordinates": [ [ -77.030795743449133, 38.919139591340617 ], [ -77.025997316601988, 38.911234381857909 ] ] } },
{ "type": "Feature", "properties": { "type": "edge", "id": null, "source": 226.0, "target": 132.0 }, "geometry": { "type": "LineString", "coordinates": [ [ -77.030795743449133, 38.919139591340617 ], [ -77.021158070882095, 38.928880008904954 ] ] } },
{ "type": "Feature", "properties": { "type": "edge", "id": null, "source": 226.0, "target": 188.0 }, "geometry": { "type": "LineString", "coordinates": [ [ -77.030795743449133, 38.919139591340617 ], [ -77.035868643572243, 38.930170994884932 ] ] } },
{ "type": "Feature", "properties": { "type": "edge", "id": null, "source": 226.0, "target": 154.0 }, "geometry": { "type": "LineString", "coordinates": [ [ -77.030795743449133, 38.919139591340617 ], [ -77.04885273445214, 38.915099581154614 ] ] } },
{ "type": "Feature", "properties": { "type": "edge", "id": null, "source": 351.0, "target": 164.0 }, "geometry": { "type": "LineString", "coordinates": [ [ -77.010177666734933, 38.90262310366775 ], [ -77.026309803478796, 38.900772201454068 ] ] } },
{ "type": "Feature", "properties": { "type": "edge", "id": null, "source": 351.0, "target": 225.0 }, "geometry": { "type": "LineString", "coordinates": [ [ -77.010177666734933, 38.90262310366775 ], [ -76.994336478599749, 38.885624779736304 ] ] } },
{ "type": "Feature", "properties": { "type": "edge", "id": null, "source": 351.0, "target": 190.0 }, "geometry": { "type": "LineString", "coordinates": [ [ -77.010177666734933, 38.90262310366775 ], [ -77.019834194376557, 38.909846557674321 ] ] } },
{ "type": "Feature", "properties": { "type": "edge", "id": null, "source": 351.0, "target": 135.0 }, "geometry": { "type": "LineString", "coordinates": [ [ -77.010177666734933, 38.90262310366775 ], [ -77.02182336383963, 38.906493132442435 ] ] } },
{ "type": "Feature", "properties": { "type": "edge", "id": null, "source": 458.0, "target": 404.0 }, "geometry": { "type": "LineString", "coordinates": [ [ -76.950417918858676, 38.894435044639216 ], [ -76.948237010017337, 38.902104058494182 ] ] } },
{ "type": "Feature", "properties": { "type": "edge", "id": null, "source": 458.0, "target": 306.0 }, "geometry": { "type": "LineString", "coordinates": [ [ -76.950417918858676, 38.894435044639216 ], [ -76.968234927901008, 38.875930632313192 ] ] } },
{ "type": "Feature", "properties": { "type": "edge", "id": null, "source": 458.0, "target": 220.0 }, "geometry": { "type": "LineString", "coordinates": [ [ -76.950417918858676, 38.894435044639216 ], [ -76.978307333388997, 38.901243352279629 ] ] } },
{ "type": "Feature", "properties": { "type": "edge", "id": null, "source": 458.0, "target": 297.0 }, "geometry": { "type": "LineString", "coordinates": [ [ -76.950417918858676, 38.894435044639216 ], [ -76.954393901324451, 38.888214703797559 ] ] } },
{ "type": "Feature", "properties": { "type": "edge", "id": null, "source": 458.0, "target": 434.0 }, "geometry": { "type": "LineString", "coordinates": [ [ -76.950417918858676, 38.894435044639216 ], [ -76.949170137321715, 38.884123262358429 ] ] } },
{ "type": "Feature", "properties": { "type": "edge", "id": null, "source": 458.0, "target": 295.0 }, "geometry": { "type": "LineString", "coordinates": [ [ -76.950417918858676, 38.894435044639216 ], [ -76.938385872012091, 38.889598912962676 ] ] } },
{ "type": "Feature", "properties": { "type": "edge", "id": null, "source": 131.0, "target": 227.0 }, "geometry": { "type": "LineString", "coordinates": [ [ -76.997567246299681, 38.923297837851187 ], [ -76.99784280025159, 38.916689849963426 ] ] } },
{ "type": "Feature", "properties": { "type": "edge", "id": null, "source": 131.0, "target": 281.0 }, "geometry": { "type": "LineString", "coordinates": [ [ -76.997567246299681, 38.923297837851187 ], [ -76.990053290920102, 38.930674968718883 ] ] } },
{ "type": "Feature", "properties": { "type": "edge", "id": null, "source": 131.0, "target": 210.0 }, "geometry": { "type": "LineString", "coordinates": [ [ -76.997567246299681, 38.923297837851187 ], [ -76.979490630540838, 38.91818062953147 ] ] } },
{ "type": "Feature", "properties": { "type": "edge", "id": null, "source": 131.0, "target": 132.0 }, "geometry": { "type": "LineString", "coordinates": [ [ -76.997567246299681, 38.923297837851187 ], [ -77.021158070882095, 38.928880008904954 ] ] } },
{ "type": "Feature", "properties": { "type": "edge", "id": null, "source": 131.0, "target": 204.0 }, "geometry": { "type": "LineString", "coordinates": [ [ -76.997567246299681, 38.923297837851187 ], [ -76.994041997913826, 38.938694401744542 ] ] } },
{ "type": "Feature", "properties": { "type": "edge", "id": null, "source": 132.0, "target": 204.0 }, "geometry": { "type": "LineString", "coordinates": [ [ -77.021158070882095, 38.928880008904954 ], [ -76.994041997913826, 38.938694401744542 ] ] } },
{ "type": "Feature", "properties": { "type": "edge", "id": null, "source": 132.0, "target": 188.0 }, "geometry": { "type": "LineString", "coordinates": [ [ -77.021158070882095, 38.928880008904954 ], [ -77.035868643572243, 38.930170994884932 ] ] } },
{ "type": "Feature", "properties": { "type": "edge", "id": null, "source": 132.0, "target": 260.0 }, "geometry": { "type": "LineString", "coordinates": [ [ -77.021158070882095, 38.928880008904954 ], [ -77.024020007603795, 38.939720353488887 ] ] } },
{ "type": "Feature", "properties": { "type": "edge", "id": null, "source": 306.0, "target": 297.0 }, "geometry": { "type": "LineString", "coordinates": [ [ -76.968234927901008, 38.875930632313192 ], [ -76.954393901324451, 38.888214703797559 ] ] } },
{ "type": "Feature", "properties": { "type": "edge", "id": null, "source": 306.0, "target": 362.0 }, "geometry": { "type": "LineString", "coordinates": [ [ -76.968234927901008, 38.875930632313192 ], [ -76.98333982816672, 38.892626202667834 ] ] } },
{ "type": "Feature", "properties": { "type": "edge", "id": null, "source": 306.0, "target": 185.0 }, "geometry": { "type": "LineString", "coordinates": [ [ -76.968234927901008, 38.875930632313192 ], [ -76.970526253662996, 38.858224898134573 ] ] } },
{ "type": "Feature", "properties": { "type": "edge", "id": null, "source": 306.0, "target": 434.0 }, "geometry": { "type": "LineString", "coordinates": [ [ -76.968234927901008, 38.875930632313192 ], [ -76.949170137321715, 38.884123262358429 ] ] } },
{ "type": "Feature", "properties": { "type": "edge", "id": null, "source": 306.0, "target": 225.0 }, "geometry": { "type": "LineString", "coordinates": [ [ -76.968234927901008, 38.875930632313192 ], [ -76.994336478599749, 38.885624779736304 ] ] } },
{ "type": "Feature", "properties": { "type": "edge", "id": null, "source": 306.0, "target": 311.0 }, "geometry": { "type": "LineString", "coordinates": [ [ -76.968234927901008, 38.875930632313192 ], [ -76.984685631605473, 38.865709249128429 ] ] } },
{ "type": "Feature", "properties": { "type": "edge", "id": null, "source": 242.0, "target": 352.0 }, "geometry": { "type": "LineString", "coordinates": [ [ -76.931948895886563, 38.907926470259106 ], [ -76.91741915269823, 38.900346672675916 ] ] } },
{ "type": "Feature", "properties": { "type": "edge", "id": null, "source": 242.0, "target": 294.0 }, "geometry": { "type": "LineString", "coordinates": [ [ -76.931948895886563, 38.907926470259106 ], [ -76.928467171749375, 38.89266484409994 ] ] } },
{ "type": "Feature", "properties": { "type": "edge", "id": null, "source": 242.0, "target": 404.0 }, "geometry": { "type": "LineString", "coordinates": [ [ -76.931948895886563, 38.907926470259106 ], [ -76.948237010017337, 38.902104058494182 ] ] } },
{ "type": "Feature", "properties": { "type": "edge", "id": null, "source": 242.0, "target": 282.0 }, "geometry": { "type": "LineString", "coordinates": [ [ -76.931948895886563, 38.907926470259106 ], [ -76.960592842327202, 38.926480345322915 ] ] } },
{ "type": "Feature", "properties": { "type": "edge", "id": null, "source": 242.0, "target": 255.0 }, "geometry": { "type": "LineString", "coordinates": [ [ -76.931948895886563, 38.907926470259106 ], [ -76.914455023690579, 38.917857232161758 ] ] } },
{ "type": "Feature", "properties": { "type": "edge", "id": null, "source": 242.0, "target": 82.0 }, "geometry": { "type": "LineString", "coordinates": [ [ -76.931948895886563, 38.907926470259106 ], [ -76.89949256882349, 38.904344970659906 ] ] } },
{ "type": "Feature", "properties": { "type": "edge", "id": null, "source": 242.0, "target": 59.0 }, "geometry": { "type": "LineString", "coordinates": [ [ -76.931948895886563, 38.907926470259106 ], [ -76.922444068318072, 38.929284882929167 ] ] } },
{ "type": "Feature", "properties": { "type": "edge", "id": null, "source": 204.0, "target": 261.0 }, "geometry": { "type": "LineString", "coordinates": [ [ -76.994041997913826, 38.938694401744542 ], [ -76.981348337389022, 38.948432535123693 ] ] } },
{ "type": "Feature", "properties": { "type": "edge", "id": null, "source": 204.0, "target": 179.0 }, "geometry": { "type": "LineString", "coordinates": [ [ -76.994041997913826, 38.938694401744542 ], [ -76.975857291215561, 38.940410124083662 ] ] } },
{ "type": "Feature", "properties": { "type": "edge", "id": null, "source": 204.0, "target": 281.0 }, "geometry": { "type": "LineString", "coordinates": [ [ -76.994041997913826, 38.938694401744542 ], [ -76.990053290920102, 38.930674968718883 ] ] } },
{ "type": "Feature", "properties": { "type": "edge", "id": null, "source": 204.0, "target": 435.0 }, "geometry": { "type": "LineString", "coordinates": [ [ -76.994041997913826, 38.938694401744542 ], [ -76.99694486526937, 38.952145566277196 ] ] } },
{ "type": "Feature", "properties": { "type": "edge", "id": null, "source": 151.0, "target": 409.0 }, "geometry": { "type": "LineString", "coordinates": [ [ -77.022133457094952, 38.88386287483948 ], [ -77.015177104095201, 38.880361531651111 ] ] } },
{ "type": "Feature", "properties": { "type": "edge", "id": null, "source": 151.0, "target": 418.0 }, "geometry": { "type": "LineString", "coordinates": [ [ -77.022133457094952, 38.88386287483948 ], [ -77.054503556125795, 38.867422632970381 ] ] } },
{ "type": "Feature", "properties": { "type": "edge", "id": null, "source": 151.0, "target": 419.0 }, "geometry": { "type": "LineString", "coordinates": [ [ -77.022133457094952, 38.88386287483948 ], [ -77.026398246032343, 38.891571170801967 ] ] } },
{ "type": "Feature", "properties": { "type": "edge", "id": null, "source": 211.0, "target": 154.0 }, "geometry": { "type": "LineString", "coordinates": [ [ -77.042118964576446, 38.922312928934282 ], [ -77.04885273445214, 38.915099581154614 ] ] } },
{ "type": "Feature", "properties": { "type": "edge", "id": null, "source": 211.0, "target": 188.0 }, "geometry": { "type": "LineString", "coordinates": [ [ -77.042118964576446, 38.922312928934282 ], [ -77.035868643572243, 38.930170994884932 ] ] } },
{ "type": "Feature", "properties": { "type": "edge", "id": null, "source": 211.0, "target": 389.0 }, "geometry": { "type": "LineString", "coordinates": [ [ -77.042118964576446, 38.922312928934282 ], [ -77.056589712164481, 38.924527591732165 ] ] } },
{ "type": "Feature", "properties": { "type": "edge", "id": null, "source": 211.0, "target": 403.0 }, "geometry": { "type": "LineString", "coordinates": [ [ -77.042118964576446, 38.922312928934282 ], [ -77.048614144646947, 38.930787332520936 ] ] } },
{ "type": "Feature", "properties": { "type": "edge", "id": null, "source": 227.0, "target": 210.0 }, "geometry": { "type": "LineString", "coordinates": [ [ -76.99784280025159, 38.916689849963426 ], [ -76.979490630540838, 38.91818062953147 ] ] } },
{ "type": "Feature", "properties": { "type": "edge", "id": null, "source": 210.0, "target": 277.0 }, "geometry": { "type": "LineString", "coordinates": [ [ -76.979490630540838, 38.91818062953147 ], [ -76.976671832733572, 38.929480543107694 ] ] } },
{ "type": "Feature", "properties": { "type": "edge", "id": null, "source": 210.0, "target": 282.0 }, "geometry": { "type": "LineString", "coordinates": [ [ -76.979490630540838, 38.91818062953147 ], [ -76.960592842327202, 38.926480345322915 ] ] } },
{ "type": "Feature", "properties": { "type": "edge", "id": null, "source": 210.0, "target": 220.0 }, "geometry": { "type": "LineString", "coordinates": [ [ -76.979490630540838, 38.91818062953147 ], [ -76.978307333388997, 38.901243352279629 ] ] } },
{ "type": "Feature", "properties": { "type": "edge", "id": null, "source": 210.0, "target": 404.0 }, "geometry": { "type": "LineString", "coordinates": [ [ -76.979490630540838, 38.91818062953147 ], [ -76.948237010017337, 38.902104058494182 ] ] } },
{ "type": "Feature", "properties": { "type": "edge", "id": null, "source": 210.0, "target": 281.0 }, "geometry": { "type": "LineString", "coordinates": [ [ -76.979490630540838, 38.91818062953147 ], [ -76.990053290920102, 38.930674968718883 ] ] } },
{ "type": "Feature", "properties": { "type": "edge", "id": null, "source": 190.0, "target": 237.0 }, "geometry": { "type": "LineString", "coordinates": [ [ -77.019834194376557, 38.909846557674321 ], [ -77.025997316601988, 38.911234381857909 ] ] } },
{ "type": "Feature", "properties": { "type": "edge", "id": null, "source": 190.0, "target": 135.0 }, "geometry": { "type": "LineString", "coordinates": [ [ -77.019834194376557, 38.909846557674321 ], [ -77.02182336383963, 38.906493132442435 ] ] } },
{ "type": "Feature", "properties": { "type": "edge", "id": null, "source": 190.0, "target": 164.0 }, "geometry": { "type": "LineString", "coordinates": [ [ -77.019834194376557, 38.909846557674321 ], [ -77.026309803478796, 38.900772201454068 ] ] } },
{ "type": "Feature", "properties": { "type": "edge", "id": null, "source": 153.0, "target": 170.0 }, "geometry": { "type": "LineString", "coordinates": [ [ -77.098670977840996, 38.926417612873841 ], [ -77.12967373520614, 38.911429067747534 ] ] } },
{ "type": "Feature", "properties": { "type": "edge", "id": null, "source": 153.0, "target": 169.0 }, "geometry": { "type": "LineString", "coordinates": [ [ -77.098670977840996, 38.926417612873841 ], [ -77.086947043741517, 38.936901402420474 ] ] } },
{ "type": "Feature", "properties": { "type": "edge", "id": null, "source": 153.0, "target": 280.0 }, "geometry": { "type": "LineString", "coordinates": [ [ -77.098670977840996, 38.926417612873841 ], [ -77.073903353155615, 38.927562436221237 ] ] } },
{ "type": "Feature", "properties": { "type": "edge", "id": null, "source": 153.0, "target": 449.0 }, "geometry": { "type": "LineString", "coordinates": [ [ -77.098670977840996, 38.926417612873841 ], [ -77.097424638175752, 38.912993370127296 ] ] } },
{ "type": "Feature", "properties": { "type": "edge", "id": null, "source": 153.0, "target": 178.0 }, "geometry": { "type": "LineString", "coordinates": [ [ -77.098670977840996, 38.926417612873841 ], [ -77.108508383359236, 38.934130613567675 ] ] } },
{ "type": "Feature", "properties": { "type": "edge", "id": null, "source": 150.0, "target": 167.0 }, "geometry": { "type": "LineString", "coordinates": [ [ -77.033218510414784, 38.96157824235015 ], [ -77.023888294929208, 38.966228290847262 ] ] } },
{ "type": "Feature", "properties": { "type": "edge", "id": null, "source": 150.0, "target": 254.0 }, "geometry": { "type": "LineString", "coordinates": [ [ -77.033218510414784, 38.96157824235015 ], [ -77.03462059394171, 38.954934160548476 ] ] } },
{ "type": "Feature", "properties": { "type": "edge", "id": null, "source": 150.0, "target": 234.0 }, "geometry": { "type": "LineString", "coordinates": [ [ -77.033218510414784, 38.96157824235015 ], [ -77.039389772585963, 38.974742184200565 ] ] } },
{ "type": "Feature", "properties": { "type": "edge", "id": null, "source": 150.0, "target": 361.0 }, "geometry": { "type": "LineString", "coordinates": [ [ -77.033218510414784, 38.96157824235015 ], [ -77.03494784245261, 38.968046264671955 ] ] } },
{ "type": "Feature", "properties": { "type": "edge", "id": null, "source": 154.0, "target": 389.0 }, "geometry": { "type": "LineString", "coordinates": [ [ -77.04885273445214, 38.915099581154614 ], [ -77.056589712164481, 38.924527591732165 ] ] } },
{ "type": "Feature", "properties": { "type": "edge", "id": null, "source": 154.0, "target": 187.0 }, "geometry": { "type": "LineString", "coordinates": [ [ -77.04885273445214, 38.915099581154614 ], [ -77.061667990030514, 38.907592258919429 ] ] } },
{ "type": "Feature", "properties": { "type": "edge", "id": null, "source": 154.0, "target": 221.0 }, "geometry": { "type": "LineString", "coordinates": [ [ -77.04885273445214, 38.915099581154614 ], [ -77.04652738640722, 38.901366642923961 ] ] } },
{ "type": "Feature", "properties": { "type": "edge", "id": null, "source": 154.0, "target": 238.0 }, "geometry": { "type": "LineString", "coordinates": [ [ -77.04885273445214, 38.915099581154614 ], [ -77.040729137000653, 38.910253489727673 ] ] } },
{ "type": "Feature", "properties": { "type": "edge", "id": null, "source": 225.0, "target": 362.0 }, "geometry": { "type": "LineString", "coordinates": [ [ -76.994336478599749, 38.885624779736304 ], [ -76.98333982816672, 38.892626202667834 ] ] } },
{ "type": "Feature", "properties": { "type": "edge", "id": null, "source": 225.0, "target": 405.0 }, "geometry": { "type": "LineString", "coordinates": [ [ -76.994336478599749, 38.885624779736304 ], [ -76.994293266347242, 38.8759296306132 ] ] } },
{ "type": "Feature", "properties": { "type": "edge", "id": null, "source": 225.0, "target": 311.0 }, "geometry": { "type": "LineString", "coordinates": [ [ -76.994336478599749, 38.885624779736304 ], [ -76.984685631605473, 38.865709249128429 ] ] } },
{ "type": "Feature", "properties": { "type": "edge", "id": null, "source": 167.0, "target": 361.0 }, "geometry": { "type": "LineString", "coordinates": [ [ -77.023888294929208, 38.966228290847262 ], [ -77.03494784245261, 38.968046264671955 ] ] } },
{ "type": "Feature", "properties": { "type": "edge", "id": null, "source": 178.0, "target": 173.0 }, "geometry": { "type": "LineString", "coordinates": [ [ -77.108508383359236, 38.934130613567675 ], [ -77.132711331515111, 38.939140379908046 ] ] } },
{ "type": "Feature", "properties": { "type": "edge", "id": null, "source": 178.0, "target": 170.0 }, "geometry": { "type": "LineString", "coordinates": [ [ -77.108508383359236, 38.934130613567675 ], [ -77.12967373520614, 38.911429067747534 ] ] } },
{ "type": "Feature", "properties": { "type": "edge", "id": null, "source": 260.0, "target": 203.0 }, "geometry": { "type": "LineString", "coordinates": [ [ -77.024020007603795, 38.939720353488887 ], [ -77.034166042521392, 38.942865404978626 ] ] } },
{ "type": "Feature", "properties": { "type": "edge", "id": null, "source": 260.0, "target": 188.0 }, "geometry": { "type": "LineString", "coordinates": [ [ -77.024020007603795, 38.939720353488887 ], [ -77.035868643572243, 38.930170994884932 ] ] } },
{ "type": "Feature", "properties": { "type": "edge", "id": null, "source": 375.0, "target": 234.0 }, "geometry": { "type": "LineString", "coordinates": [ [ -77.028294469598862, 38.982390766421204 ], [ -77.039389772585963, 38.974742184200565 ] ] } },
{ "type": "Feature", "properties": { "type": "edge", "id": null, "source": 404.0, "target": 295.0 }, "geometry": { "type": "LineString", "coordinates": [ [ -76.948237010017337, 38.902104058494182 ], [ -76.938385872012091, 38.889598912962676 ] ] } },
{ "type": "Feature", "properties": { "type": "edge", "id": null, "source": 404.0, "target": 282.0 }, "geometry": { "type": "LineString", "coordinates": [ [ -76.948237010017337, 38.902104058494182 ], [ -76.960592842327202, 38.926480345322915 ] ] } },
{ "type": "Feature", "properties": { "type": "edge", "id": null, "source": 164.0, "target": 237.0 }, "geometry": { "type": "LineString", "coordinates": [ [ -77.026309803478796, 38.900772201454068 ], [ -77.025997316601988, 38.911234381857909 ] ] } },
{ "type": "Feature", "properties": { "type": "edge", "id": null, "source": 164.0, "target": 238.0 }, "geometry": { "type": "LineString", "coordinates": [ [ -77.026309803478796, 38.900772201454068 ], [ -77.040729137000653, 38.910253489727673 ] ] } },
{ "type": "Feature", "properties": { "type": "edge", "id": null, "source": 164.0, "target": 350.0 }, "geometry": { "type": "LineString", "coordinates": [ [ -77.026309803478796, 38.900772201454068 ], [ -77.03286508920722, 38.900331433040883 ] ] } },
{ "type": "Feature", "properties": { "type": "edge", "id": null, "source": 164.0, "target": 366.0 }, "geometry": { "type": "LineString", "coordinates": [ [ -77.026309803478796, 38.900772201454068 ], [ -77.029630568853847, 38.895495223998054 ] ] } },
{ "type": "Feature", "properties": { "type": "edge", "id": null, "source": 164.0, "target": 419.0 }, "geometry": { "type": "LineString", "coordinates": [ [ -77.026309803478796, 38.900772201454068 ], [ -77.026398246032343, 38.891571170801967 ] ] } },
{ "type": "Feature", "properties": { "type": "edge", "id": null, "source": 169.0, "target": 197.0 }, "geometry": { "type": "LineString", "coordinates": [ [ -77.086947043741517, 38.936901402420474 ], [ -77.083263919393858, 38.949854761478811 ] ] } },
{ "type": "Feature", "properties": { "type": "edge", "id": null, "source": 169.0, "target": 176.0 }, "geometry": { "type": "LineString", "coordinates": [ [ -77.086947043741517, 38.936901402420474 ], [ -77.073874657588291, 38.940243450163024 ] ] } },
{ "type": "Feature", "properties": { "type": "edge", "id": null, "source": 169.0, "target": 280.0 }, "geometry": { "type": "LineString", "coordinates": [ [ -77.086947043741517, 38.936901402420474 ], [ -77.073903353155615, 38.927562436221237 ] ] } },
{ "type": "Feature", "properties": { "type": "edge", "id": null, "source": 170.0, "target": 442.0 }, "geometry": { "type": "LineString", "coordinates": [ [ -77.12967373520614, 38.911429067747534 ], [ -77.165873922955285, 38.917067398734623 ] ] } },
{ "type": "Feature", "properties": { "type": "edge", "id": null, "source": 170.0, "target": 173.0 }, "geometry": { "type": "LineString", "coordinates": [ [ -77.12967373520614, 38.911429067747534 ], [ -77.132711331515111, 38.939140379908046 ] ] } },
{ "type": "Feature", "properties": { "type": "edge", "id": null, "source": 170.0, "target": 402.0 }, "geometry": { "type": "LineString", "coordinates": [ [ -77.12967373520614, 38.911429067747534 ], [ -77.139244934347488, 38.895860546129001 ] ] } },
{ "type": "Feature", "properties": { "type": "edge", "id": null, "source": 170.0, "target": 401.0 }, "geometry": { "type": "LineString", "coordinates": [ [ -77.12967373520614, 38.911429067747534 ], [ -77.126836191188701, 38.901425765006444 ] ] } },
{ "type": "Feature", "properties": { "type": "edge", "id": null, "source": 170.0, "target": 331.0 }, "geometry": { "type": "LineString", "coordinates": [ [ -77.12967373520614, 38.911429067747534 ], [ -77.155709906087139, 38.891564008059127 ] ] } },
{ "type": "Feature", "properties": { "type": "edge", "id": null, "source": 170.0, "target": 336.0 }, "geometry": { "type": "LineString", "coordinates": [ [ -77.12967373520614, 38.911429067747534 ], [ -77.129864079939637, 38.894068071014637 ] ] } },
{ "type": "Feature", "properties": { "type": "edge", "id": null, "source": 170.0, "target": 449.0 }, "geometry": { "type": "LineString", "coordinates": [ [ -77.12967373520614, 38.911429067747534 ], [ -77.097424638175752, 38.912993370127296 ] ] } },
{ "type": "Feature", "properties": { "type": "edge", "id": null, "source": 220.0, "target": 362.0 }, "geometry": { "type": "LineString", "coordinates": [ [ -76.978307333388997, 38.901243352279629 ], [ -76.98333982816672, 38.892626202667834 ] ] } },
{ "type": "Feature", "properties": { "type": "edge", "id": null, "source": 174.0, "target": 326.0 }, "geometry": { "type": "LineString", "coordinates": [ [ -76.983473260743253, 38.834051104092055 ], [ -76.989967070056224, 38.841443072355645 ] ] } },
{ "type": "Feature", "properties": { "type": "edge", "id": null, "source": 174.0, "target": 138.0 }, "geometry": { "type": "LineString", "coordinates": [ [ -76.983473260743253, 38.834051104092055 ], [ -76.974080987532432, 38.834678291105945 ] ] } },
{ "type": "Feature", "properties": { "type": "edge", "id": null, "source": 174.0, "target": 360.0 }, "geometry": { "type": "LineString", "coordinates": [ [ -76.983473260743253, 38.834051104092055 ], [ -76.988479749962934, 38.833605978943915 ] ] } },
{ "type": "Feature", "properties": { "type": "edge", "id": null, "source": 174.0, "target": 383.0 }, "geometry": { "type": "LineString", "coordinates": [ [ -76.983473260743253, 38.834051104092055 ], [ -76.983426296730087, 38.819945501668528 ] ] } },
{ "type": "Feature", "properties": { "type": "edge", "id": null, "source": 176.0, "target": 459.0 }, "geometry": { "type": "LineString", "coordinates": [ [ -77.073874657588291, 38.940243450163024 ], [ -77.065378969209206, 38.947423447564347 ] ] } },
{ "type": "Feature", "properties": { "type": "edge", "id": null, "source": 176.0, "target": 197.0 }, "geometry": { "type": "LineString", "coordinates": [ [ -77.073874657588291, 38.940243450163024 ], [ -77.083263919393858, 38.949854761478811 ] ] } },
{ "type": "Feature", "properties": { "type": "edge", "id": null, "source": 176.0, "target": 280.0 }, "geometry": { "type": "LineString", "coordinates": [ [ -77.073874657588291, 38.940243450163024 ], [ -77.073903353155615, 38.927562436221237 ] ] } },
{ "type": "Feature", "properties": { "type": "edge", "id": null, "source": 176.0, "target": 272.0 }, "geometry": { "type": "LineString", "coordinates": [ [ -77.073874657588291, 38.940243450163024 ], [ -77.058545133975628, 38.9370548444764 ] ] } },
{ "type": "Feature", "properties": { "type": "edge", "id": null, "source": 177.0, "target": 280.0 }, "geometry": { "type": "LineString", "coordinates": [ [ -77.078723474006239, 38.911800558861309 ], [ -77.073903353155615, 38.927562436221237 ] ] } },
{ "type": "Feature", "properties": { "type": "edge", "id": null, "source": 177.0, "target": 156.0 }, "geometry": { "type": "LineString", "coordinates": [ [ -77.078723474006239, 38.911800558861309 ], [ -77.08066185451716, 38.893946802113824 ] ] } },
{ "type": "Feature", "properties": { "type": "edge", "id": null, "source": 177.0, "target": 187.0 }, "geometry": { "type": "LineString", "coordinates": [ [ -77.078723474006239, 38.911800558861309 ], [ -77.061667990030514, 38.907592258919429 ] ] } },
{ "type": "Feature", "properties": { "type": "edge", "id": null, "source": 177.0, "target": 213.0 }, "geometry": { "type": "LineString", "coordinates": [ [ -77.078723474006239, 38.911800558861309 ], [ -77.070345391893781, 38.917344418754119 ] ] } },
{ "type": "Feature", "properties": { "type": "edge", "id": null, "source": 179.0, "target": 261.0 }, "geometry": { "type": "LineString", "coordinates": [ [ -76.975857291215561, 38.940410124083662 ], [ -76.981348337389022, 38.948432535123693 ] ] } },
{ "type": "Feature", "properties": { "type": "edge", "id": null, "source": 179.0, "target": 239.0 }, "geometry": { "type": "LineString", "coordinates": [ [ -76.975857291215561, 38.940410124083662 ], [ -76.961565335618388, 38.948038843272066 ] ] } },
{ "type": "Feature", "properties": { "type": "edge", "id": null, "source": 179.0, "target": 277.0 }, "geometry": { "type": "LineString", "coordinates": [ [ -76.975857291215561, 38.940410124083662 ], [ -76.976671832733572, 38.929480543107694 ] ] } },
{ "type": "Feature", "properties": { "type": "edge", "id": null, "source": 221.0, "target": 238.0 }, "geometry": { "type": "LineString", "coordinates": [ [ -77.04652738640722, 38.901366642923961 ], [ -77.040729137000653, 38.910253489727673 ] ] } },
{ "type": "Feature", "properties": { "type": "edge", "id": null, "source": 221.0, "target": 187.0 }, "geometry": { "type": "LineString", "coordinates": [ [ -77.04652738640722, 38.901366642923961 ], [ -77.061667990030514, 38.907592258919429 ] ] } },
{ "type": "Feature", "properties": { "type": "edge", "id": null, "source": 221.0, "target": 350.0 }, "geometry": { "type": "LineString", "coordinates": [ [ -77.04652738640722, 38.901366642923961 ], [ -77.03286508920722, 38.900331433040883 ] ] } },
{ "type": "Feature", "properties": { "type": "edge", "id": null, "source": 221.0, "target": 410.0 }, "geometry": { "type": "LineString", "coordinates": [ [ -77.04652738640722, 38.901366642923961 ], [ -77.040272873124863, 38.901289122655221 ] ] } },
{ "type": "Feature", "properties": { "type": "edge", "id": null, "source": 221.0, "target": 364.0 }, "geometry": { "type": "LineString", "coordinates": [ [ -77.04652738640722, 38.901366642923961 ], [ -77.042378061643959, 38.894067167028872 ] ] } },
{ "type": "Feature", "properties": { "type": "edge", "id": null, "source": 221.0, "target": 156.0 }, "geometry": { "type": "LineString", "coordinates": [ [ -77.04652738640722, 38.901366642923961 ], [ -77.08066185451716, 38.893946802113824 ] ] } },
{ "type": "Feature", "properties": { "type": "edge", "id": null, "source": 447.0, "target": 322.0 }, "geometry": { "type": "LineString", "coordinates": [ [ -76.981594531099745, 38.847183783074556 ], [ -76.984535591179736, 38.855876433821877 ] ] } },
{ "type": "Feature", "properties": { "type": "edge", "id": null, "source": 447.0, "target": 185.0 }, "geometry": { "type": "LineString", "coordinates": [ [ -76.981594531099745, 38.847183783074556 ], [ -76.970526253662996, 38.858224898134573 ] ] } },
{ "type": "Feature", "properties": { "type": "edge", "id": null, "source": 447.0, "target": 390.0 }, "geometry": { "type": "LineString", "coordinates": [ [ -76.981594531099745, 38.847183783074556 ], [ -76.959989103085292, 38.846888222036966 ] ] } },
{ "type": "Feature", "properties": { "type": "edge", "id": null, "source": 447.0, "target": 378.0 }, "geometry": { "type": "LineString", "coordinates": [ [ -76.981594531099745, 38.847183783074556 ], [ -77.005147951768507, 38.848710445968564 ] ] } },
{ "type": "Feature", "properties": { "type": "edge", "id": null, "source": 447.0, "target": 337.0 }, "geometry": { "type": "LineString", "coordinates": [ [ -76.981594531099745, 38.847183783074556 ], [ -76.998041316804859, 38.843290491952501 ] ] } },
{ "type": "Feature", "properties": { "type": "edge", "id": null, "source": 447.0, "target": 326.0 }, "geometry": { "type": "LineString", "coordinates": [ [ -76.981594531099745, 38.847183783074556 ], [ -76.989967070056224, 38.841443072355645 ] ] } },
{ "type": "Feature", "properties": { "type": "edge", "id": null, "source": 447.0, "target": 332.0 }, "geometry": { "type": "LineString", "coordinates": [ [ -76.981594531099745, 38.847183783074556 ], [ -76.994970918548503, 38.85997994921393 ] ] } },
{ "type": "Feature", "properties": { "type": "edge", "id": null, "source": 447.0, "target": 138.0 }, "geometry": { "type": "LineString", "coordinates": [ [ -76.981594531099745, 38.847183783074556 ], [ -76.974080987532432, 38.834678291105945 ] ] } },
{ "type": "Feature", "properties": { "type": "edge", "id": null, "source": 424.0, "target": 275.0 }, "geometry": { "type": "LineString", "coordinates": [ [ -77.013381998963339, 38.8225317046507 ], [ -76.995775516919636, 38.825712092385956 ] ] } },
{ "type": "Feature", "properties": { "type": "edge", "id": null, "source": 424.0, "target": 342.0 }, "geometry": { "type": "LineString", "coordinates": [ [ -77.013381998963339, 38.8225317046507 ], [ -77.016659524735957, 38.83253780166887 ] ] } },
{ "type": "Feature", "properties": { "type": "edge", "id": null, "source": 424.0, "target": 411.0 }, "geometry": { "type": "LineString", "coordinates": [ [ -77.013381998963339, 38.8225317046507 ], [ -77.047474825885089, 38.819985288451463 ] ] } },
{ "type": "Feature", "properties": { "type": "edge", "id": null, "source": 424.0, "target": 448.0 }, "geometry": { "type": "LineString", "coordinates": [ [ -77.013381998963339, 38.8225317046507 ], [ -77.041014726542727, 38.804375408958549 ] ] } },
{ "type": "Feature", "properties": { "type": "edge", "id": null, "source": 424.0, "target": 283.0 }, "geometry": { "type": "LineString", "coordinates": [ [ -77.013381998963339, 38.8225317046507 ], [ -76.999906701003127, 38.816872843149987 ] ] } },
{ "type": "Feature", "properties": { "type": "edge", "id": null, "source": 185.0, "target": 311.0 }, "geometry": { "type": "LineString", "coordinates": [ [ -76.970526253662996, 38.858224898134573 ], [ -76.984685631605473, 38.865709249128429 ] ] } },
{ "type": "Feature", "properties": { "type": "edge", "id": null, "source": 185.0, "target": 439.0 }, "geometry": { "type": "LineString", "coordinates": [ [ -76.970526253662996, 38.858224898134573 ], [ -76.958723726827742, 38.857535301487893 ] ] } },
{ "type": "Feature", "properties": { "type": "edge", "id": null, "source": 185.0, "target": 322.0 }, "geometry": { "type": "LineString", "coordinates": [ [ -76.970526253662996, 38.858224898134573 ], [ -76.984535591179736, 38.855876433821877 ] ] } },
{ "type": "Feature", "properties": { "type": "edge", "id": null, "source": 185.0, "target": 390.0 }, "geometry": { "type": "LineString", "coordinates": [ [ -76.970526253662996, 38.858224898134573 ], [ -76.959989103085292, 38.846888222036966 ] ] } },
{ "type": "Feature", "properties": { "type": "edge", "id": null, "source": 186.0, "target": 341.0 }, "geometry": { "type": "LineString", "coordinates": [ [ -77.014404462353511, 38.83491554201899 ], [ -76.999136674107859, 38.836301107106465 ] ] } },
{ "type": "Feature", "properties": { "type": "edge", "id": null, "source": 186.0, "target": 275.0 }, "geometry": { "type": "LineString", "coordinates": [ [ -77.014404462353511, 38.83491554201899 ], [ -76.995775516919636, 38.825712092385956 ] ] } },
{ "type": "Feature", "properties": { "type": "edge", "id": null, "source": 186.0, "target": 342.0 }, "geometry": { "type": "LineString", "coordinates": [ [ -77.014404462353511, 38.83491554201899 ], [ -77.016659524735957, 38.83253780166887 ] ] } },
{ "type": "Feature", "properties": { "type": "edge", "id": null, "source": 186.0, "target": 393.0 }, "geometry": { "type": "LineString", "coordinates": [ [ -77.014404462353511, 38.83491554201899 ], [ -77.056378198695185, 38.83875989022507 ] ] } },
{ "type": "Feature", "properties": { "type": "edge", "id": null, "source": 186.0, "target": 431.0 }, "geometry": { "type": "LineString", "coordinates": [ [ -77.014404462353511, 38.83491554201899 ], [ -77.04985037199431, 38.855403697054584 ] ] } },
{ "type": "Feature", "properties": { "type": "edge", "id": null, "source": 186.0, "target": 378.0 }, "geometry": { "type": "LineString", "coordinates": [ [ -77.014404462353511, 38.83491554201899 ], [ -77.005147951768507, 38.848710445968564 ] ] } },
{ "type": "Feature", "properties": { "type": "edge", "id": null, "source": 187.0, "target": 213.0 }, "geometry": { "type": "LineString", "coordinates": [ [ -77.061667990030514, 38.907592258919429 ], [ -77.070345391893781, 38.917344418754119 ] ] } },
{ "type": "Feature", "properties": { "type": "edge", "id": null, "source": 187.0, "target": 156.0 }, "geometry": { "type": "LineString", "coordinates": [ [ -77.061667990030514, 38.907592258919429 ], [ -77.08066185451716, 38.893946802113824 ] ] } },
{ "type": "Feature", "properties": { "type": "edge", "id": null, "source": 187.0, "target": 389.0 }, "geometry": { "type": "LineString", "coordinates": [ [ -77.061667990030514, 38.907592258919429 ], [ -77.056589712164481, 38.924527591732165 ] ] } },
{ "type": "Feature", "properties": { "type": "edge", "id": null, "source": 188.0, "target": 203.0 }, "geometry": { "type": "LineString", "coordinates": [ [ -77.035868643572243, 38.930170994884932 ], [ -77.034166042521392, 38.942865404978626 ] ] } },
{ "type": "Feature", "properties": { "type": "edge", "id": null, "source": 188.0, "target": 403.0 }, "geometry": { "type": "LineString", "coordinates": [ [ -77.035868643572243, 38.930170994884932 ], [ -77.048614144646947, 38.930787332520936 ] ] } },
{ "type": "Feature", "properties": { "type": "edge", "id": null, "source": 238.0, "target": 237.0 }, "geometry": { "type": "LineString", "coordinates": [ [ -77.040729137000653, 38.910253489727673 ], [ -77.025997316601988, 38.911234381857909 ] ] } },
{ "type": "Feature", "properties": { "type": "edge", "id": null, "source": 238.0, "target": 350.0 }, "geometry": { "type": "LineString", "coordinates": [ [ -77.040729137000653, 38.910253489727673 ], [ -77.03286508920722, 38.900331433040883 ] ] } },
{ "type": "Feature", "properties": { "type": "edge", "id": null, "source": 435.0, "target": 343.0 }, "geometry": { "type": "LineString", "coordinates": [ [ -76.99694486526937, 38.952145566277196 ], [ -77.001889900208312, 38.952289950942252 ] ] } },
{ "type": "Feature", "properties": { "type": "edge", "id": null, "source": 435.0, "target": 129.0 }, "geometry": { "type": "LineString", "coordinates": [ [ -76.99694486526937, 38.952145566277196 ], [ -76.984296669880607, 38.958821393775409 ] ] } },
{ "type": "Feature", "properties": { "type": "edge", "id": null, "source": 435.0, "target": 261.0 }, "geometry": { "type": "LineString", "coordinates": [ [ -76.99694486526937, 38.952145566277196 ], [ -76.981348337389022, 38.948432535123693 ] ] } },
{ "type": "Feature", "properties": { "type": "edge", "id": null, "source": 236.0, "target": 367.0 }, "geometry": { "type": "LineString", "coordinates": [ [ -77.075774972360065, 38.96627212458138 ], [ -77.0634465223647, 38.965344656536566 ] ] } },
{ "type": "Feature", "properties": { "type": "edge", "id": null, "source": 236.0, "target": 250.0 }, "geometry": { "type": "LineString", "coordinates": [ [ -77.075774972360065, 38.96627212458138 ], [ -77.071074111024402, 38.957100457300228 ] ] } },
{ "type": "Feature", "properties": { "type": "edge", "id": null, "source": 236.0, "target": 391.0 }, "geometry": { "type": "LineString", "coordinates": [ [ -77.075774972360065, 38.96627212458138 ], [ -77.065250283285792, 38.975017224934462 ] ] } },
{ "type": "Feature", "properties": { "type": "edge", "id": null, "source": 236.0, "target": 159.0 }, "geometry": { "type": "LineString", "coordinates": [ [ -77.075774972360065, 38.96627212458138 ], [ -77.084837927896743, 38.96056582936189 ] ] } },
{ "type": "Feature", "properties": { "type": "edge", "id": null, "source": 236.0, "target": 182.0 }, "geometry": { "type": "LineString", "coordinates": [ [ -77.075774972360065, 38.96627212458138 ], [ -77.082059131197994, 38.977104130084356 ] ] } },
{ "type": "Feature", "properties": { "type": "edge", "id": null, "source": 197.0, "target": 250.0 }, "geometry": { "type": "LineString", "coordinates": [ [ -77.083263919393858, 38.949854761478811 ], [ -77.071074111024402, 38.957100457300228 ] ] } },
{ "type": "Feature", "properties": { "type": "edge", "id": null, "source": 197.0, "target": 159.0 }, "geometry": { "type": "LineString", "coordinates": [ [ -77.083263919393858, 38.949854761478811 ], [ -77.084837927896743, 38.96056582936189 ] ] } },
{ "type": "Feature", "properties": { "type": "edge", "id": null, "source": 197.0, "target": 202.0 }, "geometry": { "type": "LineString", "coordinates": [ [ -77.083263919393858, 38.949854761478811 ], [ -77.098599670105756, 38.951373555007642 ] ] } },
{ "type": "Feature", "properties": { "type": "edge", "id": null, "source": 459.0, "target": 254.0 }, "geometry": { "type": "LineString", "coordinates": [ [ -77.065378969209206, 38.947423447564347 ], [ -77.03462059394171, 38.954934160548476 ] ] } },
{ "type": "Feature", "properties": { "type": "edge", "id": null, "source": 459.0, "target": 272.0 }, "geometry": { "type": "LineString", "coordinates": [ [ -77.065378969209206, 38.947423447564347 ], [ -77.058545133975628, 38.9370548444764 ] ] } },
{ "type": "Feature", "properties": { "type": "edge", "id": null, "source": 459.0, "target": 250.0 }, "geometry": { "type": "LineString", "coordinates": [ [ -77.065378969209206, 38.947423447564347 ], [ -77.071074111024402, 38.957100457300228 ] ] } },
{ "type": "Feature", "properties": { "type": "edge", "id": null, "source": 203.0, "target": 272.0 }, "geometry": { "type": "LineString", "coordinates": [ [ -77.034166042521392, 38.942865404978626 ], [ -77.058545133975628, 38.9370548444764 ] ] } },
{ "type": "Feature", "properties": { "type": "edge", "id": null, "source": 203.0, "target": 254.0 }, "geometry": { "type": "LineString", "coordinates": [ [ -77.034166042521392, 38.942865404978626 ], [ -77.03462059394171, 38.954934160548476 ] ] } },
{ "type": "Feature", "properties": { "type": "edge", "id": null, "source": 272.0, "target": 254.0 }, "geometry": { "type": "LineString", "coordinates": [ [ -77.058545133975628, 38.9370548444764 ], [ -77.03462059394171, 38.954934160548476 ] ] } },
{ "type": "Feature", "properties": { "type": "edge", "id": null, "source": 272.0, "target": 280.0 }, "geometry": { "type": "LineString", "coordinates": [ [ -77.058545133975628, 38.9370548444764 ], [ -77.073903353155615, 38.927562436221237 ] ] } },
{ "type": "Feature", "properties": { "type": "edge", "id": null, "source": 272.0, "target": 403.0 }, "geometry": { "type": "LineString", "coordinates": [ [ -77.058545133975628, 38.9370548444764 ], [ -77.048614144646947, 38.930787332520936 ] ] } },
{ "type": "Feature", "properties": { "type": "edge", "id": null, "source": 272.0, "target": 389.0 }, "geometry": { "type": "LineString", "coordinates": [ [ -77.058545133975628, 38.9370548444764 ], [ -77.056589712164481, 38.924527591732165 ] ] } },
{ "type": "Feature", "properties": { "type": "edge", "id": null, "source": 277.0, "target": 281.0 }, "geometry": { "type": "LineString", "coordinates": [ [ -76.976671832733572, 38.929480543107694 ], [ -76.990053290920102, 38.930674968718883 ] ] } },
{ "type": "Feature", "properties": { "type": "edge", "id": null, "source": 277.0, "target": 282.0 }, "geometry": { "type": "LineString", "coordinates": [ [ -76.976671832733572, 38.929480543107694 ], [ -76.960592842327202, 38.926480345322915 ] ] } },
{ "type": "Feature", "properties": { "type": "edge", "id": null, "source": 213.0, "target": 280.0 }, "geometry": { "type": "LineString", "coordinates": [ [ -77.070345391893781, 38.917344418754119 ], [ -77.073903353155615, 38.927562436221237 ] ] } },
{ "type": "Feature", "properties": { "type": "edge", "id": null, "source": 213.0, "target": 389.0 }, "geometry": { "type": "LineString", "coordinates": [ [ -77.070345391893781, 38.917344418754119 ], [ -77.056589712164481, 38.924527591732165 ] ] } },
{ "type": "Feature", "properties": { "type": "edge", "id": null, "source": 449.0, "target": 156.0 }, "geometry": { "type": "LineString", "coordinates": [ [ -77.097424638175752, 38.912993370127296 ], [ -77.08066185451716, 38.893946802113824 ] ] } },
{ "type": "Feature", "properties": { "type": "edge", "id": null, "source": 449.0, "target": 293.0 }, "geometry": { "type": "LineString", "coordinates": [ [ -77.097424638175752, 38.912993370127296 ], [ -77.105221282974895, 38.894880343102663 ] ] } },
{ "type": "Feature", "properties": { "type": "edge", "id": null, "source": 234.0, "target": 254.0 }, "geometry": { "type": "LineString", "coordinates": [ [ -77.039389772585963, 38.974742184200565 ], [ -77.03462059394171, 38.954934160548476 ] ] } },
{ "type": "Feature", "properties": { "type": "edge", "id": null, "source": 234.0, "target": 361.0 }, "geometry": { "type": "LineString", "coordinates": [ [ -77.039389772585963, 38.974742184200565 ], [ -77.03494784245261, 38.968046264671955 ] ] } },
{ "type": "Feature", "properties": { "type": "edge", "id": null, "source": 234.0, "target": 163.0 }, "geometry": { "type": "LineString", "coordinates": [ [ -77.039389772585963, 38.974742184200565 ], [ -77.062505609118631, 38.988851962976675 ] ] } },
{ "type": "Feature", "properties": { "type": "edge", "id": null, "source": 234.0, "target": 367.0 }, "geometry": { "type": "LineString", "coordinates": [ [ -77.039389772585963, 38.974742184200565 ], [ -77.0634465223647, 38.965344656536566 ] ] } },
{ "type": "Feature", "properties": { "type": "edge", "id": null, "source": 246.0, "target": 247.0 }, "geometry": { "type": "LineString", "coordinates": [ [ -77.002144777881909, 38.963503230677716 ], [ -76.99520739392328, 38.962817938108373 ] ] } },
{ "type": "Feature", "properties": { "type": "edge", "id": null, "source": 247.0, "target": 129.0 }, "geometry": { "type": "LineString", "coordinates": [ [ -76.99520739392328, 38.962817938108373 ], [ -76.984296669880607, 38.958821393775409 ] ] } },
{ "type": "Feature", "properties": { "type": "edge", "id": null, "source": 367.0, "target": 254.0 }, "geometry": { "type": "LineString", "coordinates": [ [ -77.0634465223647, 38.965344656536566 ], [ -77.03462059394171, 38.954934160548476 ] ] } },
{ "type": "Feature", "properties": { "type": "edge", "id": null, "source": 367.0, "target": 391.0 }, "geometry": { "type": "LineString", "coordinates": [ [ -77.0634465223647, 38.965344656536566 ], [ -77.065250283285792, 38.975017224934462 ] ] } },
{ "type": "Feature", "properties": { "type": "edge", "id": null, "source": 367.0, "target": 250.0 }, "geometry": { "type": "LineString", "coordinates": [ [ -77.0634465223647, 38.965344656536566 ], [ -77.071074111024402, 38.957100457300228 ] ] } },
{ "type": "Feature", "properties": { "type": "edge", "id": null, "source": 261.0, "target": 155.0 }, "geometry": { "type": "LineString", "coordinates": [ [ -76.981348337389022, 38.948432535123693 ], [ -76.965278674784088, 38.955124783928177 ] ] } },
{ "type": "Feature", "properties": { "type": "edge", "id": null, "source": 261.0, "target": 129.0 }, "geometry": { "type": "LineString", "coordinates": [ [ -76.981348337389022, 38.948432535123693 ], [ -76.984296669880607, 38.958821393775409 ] ] } },
{ "type": "Feature", "properties": { "type": "edge", "id": null, "source": 261.0, "target": 239.0 }, "geometry": { "type": "LineString", "coordinates": [ [ -76.981348337389022, 38.948432535123693 ], [ -76.961565335618388, 38.948038843272066 ] ] } },
{ "type": "Feature", "properties": { "type": "edge", "id": null, "source": 280.0, "target": 389.0 }, "geometry": { "type": "LineString", "coordinates": [ [ -77.073903353155615, 38.927562436221237 ], [ -77.056589712164481, 38.924527591732165 ] ] } },
{ "type": "Feature", "properties": { "type": "edge", "id": null, "source": 282.0, "target": 223.0 }, "geometry": { "type": "LineString", "coordinates": [ [ -76.960592842327202, 38.926480345322915 ], [ -76.958924131790681, 38.936068102151388 ] ] } },
{ "type": "Feature", "properties": { "type": "edge", "id": null, "source": 389.0, "target": 403.0 }, "geometry": { "type": "LineString", "coordinates": [ [ -77.056589712164481, 38.924527591732165 ], [ -77.048614144646947, 38.930787332520936 ] ] } },
{ "type": "Feature", "properties": { "type": "edge", "id": null, "source": 294.0, "target": 301.0 }, "geometry": { "type": "LineString", "coordinates": [ [ -76.928467171749375, 38.89266484409994 ], [ -76.924650681801069, 38.880637094401102 ] ] } },
{ "type": "Feature", "properties": { "type": "edge", "id": null, "source": 294.0, "target": 352.0 }, "geometry": { "type": "LineString", "coordinates": [ [ -76.928467171749375, 38.89266484409994 ], [ -76.91741915269823, 38.900346672675916 ] ] } },
{ "type": "Feature", "properties": { "type": "edge", "id": null, "source": 294.0, "target": 295.0 }, "geometry": { "type": "LineString", "coordinates": [ [ -76.928467171749375, 38.89266484409994 ], [ -76.938385872012091, 38.889598912962676 ] ] } },
{ "type": "Feature", "properties": { "type": "edge", "id": null, "source": 294.0, "target": 258.0 }, "geometry": { "type": "LineString", "coordinates": [ [ -76.928467171749375, 38.89266484409994 ], [ -76.910556735311246, 38.894343837864682 ] ] } },
{ "type": "Feature", "properties": { "type": "edge", "id": null, "source": 295.0, "target": 300.0 }, "geometry": { "type": "LineString", "coordinates": [ [ -76.938385872012091, 38.889598912962676 ], [ -76.941940456503474, 38.880982099956675 ] ] } },
{ "type": "Feature", "properties": { "type": "edge", "id": null, "source": 295.0, "target": 301.0 }, "geometry": { "type": "LineString", "coordinates": [ [ -76.938385872012091, 38.889598912962676 ], [ -76.924650681801069, 38.880637094401102 ] ] } },
{ "type": "Feature", "properties": { "type": "edge", "id": null, "source": 297.0, "target": 434.0 }, "geometry": { "type": "LineString", "coordinates": [ [ -76.954393901324451, 38.888214703797559 ], [ -76.949170137321715, 38.884123262358429 ] ] } },
{ "type": "Feature", "properties": { "type": "edge", "id": null, "source": 301.0, "target": 258.0 }, "geometry": { "type": "LineString", "coordinates": [ [ -76.924650681801069, 38.880637094401102 ], [ -76.910556735311246, 38.894343837864682 ] ] } },
{ "type": "Feature", "properties": { "type": "edge", "id": null, "source": 301.0, "target": 228.0 }, "geometry": { "type": "LineString", "coordinates": [ [ -76.924650681801069, 38.880637094401102 ], [ -76.911935126427409, 38.885104284972222 ] ] } },
{ "type": "Feature", "properties": { "type": "edge", "id": null, "source": 301.0, "target": 90.0 }, "geometry": { "type": "LineString", "coordinates": [ [ -76.924650681801069, 38.880637094401102 ], [ -76.900025744988639, 38.873014027927098 ] ] } },
{ "type": "Feature", "properties": { "type": "edge", "id": null, "source": 301.0, "target": 266.0 }, "geometry": { "type": "LineString", "coordinates": [ [ -76.924650681801069, 38.880637094401102 ], [ -76.927859897583446, 38.871645057355622 ] ] } },
{ "type": "Feature", "properties": { "type": "edge", "id": null, "source": 301.0, "target": 300.0 }, "geometry": { "type": "LineString", "coordinates": [ [ -76.924650681801069, 38.880637094401102 ], [ -76.941940456503474, 38.880982099956675 ] ] } },
{ "type": "Feature", "properties": { "type": "edge", "id": null, "source": 300.0, "target": 434.0 }, "geometry": { "type": "LineString", "coordinates": [ [ -76.941940456503474, 38.880982099956675 ], [ -76.949170137321715, 38.884123262358429 ] ] } },
{ "type": "Feature", "properties": { "type": "edge", "id": null, "source": 311.0, "target": 332.0 }, "geometry": { "type": "LineString", "coordinates": [ [ -76.984685631605473, 38.865709249128429 ], [ -76.994970918548503, 38.85997994921393 ] ] } },
{ "type": "Feature", "properties": { "type": "edge", "id": null, "source": 311.0, "target": 322.0 }, "geometry": { "type": "LineString", "coordinates": [ [ -76.984685631605473, 38.865709249128429 ], [ -76.984535591179736, 38.855876433821877 ] ] } },
{ "type": "Feature", "properties": { "type": "edge", "id": null, "source": 311.0, "target": 405.0 }, "geometry": { "type": "LineString", "coordinates": [ [ -76.984685631605473, 38.865709249128429 ], [ -76.994293266347242, 38.8759296306132 ] ] } },
{ "type": "Feature", "properties": { "type": "edge", "id": null, "source": 332.0, "target": 322.0 }, "geometry": { "type": "LineString", "coordinates": [ [ -76.994970918548503, 38.85997994921393 ], [ -76.984535591179736, 38.855876433821877 ] ] } },
{ "type": "Feature", "properties": { "type": "edge", "id": null, "source": 332.0, "target": 378.0 }, "geometry": { "type": "LineString", "coordinates": [ [ -76.994970918548503, 38.85997994921393 ], [ -77.005147951768507, 38.848710445968564 ] ] } },
{ "type": "Feature", "properties": { "type": "edge", "id": null, "source": 337.0, "target": 326.0 }, "geometry": { "type": "LineString", "coordinates": [ [ -76.998041316804859, 38.843290491952501 ], [ -76.989967070056224, 38.841443072355645 ] ] } },
{ "type": "Feature", "properties": { "type": "edge", "id": null, "source": 337.0, "target": 378.0 }, "geometry": { "type": "LineString", "coordinates": [ [ -76.998041316804859, 38.843290491952501 ], [ -77.005147951768507, 38.848710445968564 ] ] } },
{ "type": "Feature", "properties": { "type": "edge", "id": null, "source": 337.0, "target": 341.0 }, "geometry": { "type": "LineString", "coordinates": [ [ -76.998041316804859, 38.843290491952501 ], [ -76.999136674107859, 38.836301107106465 ] ] } },
{ "type": "Feature", "properties": { "type": "edge", "id": null, "source": 337.0, "target": 408.0 }, "geometry": { "type": "LineString", "coordinates": [ [ -76.998041316804859, 38.843290491952501 ], [ -76.994632017794004, 38.842336329368187 ] ] } },
{ "type": "Feature", "properties": { "type": "edge", "id": null, "source": 326.0, "target": 341.0 }, "geometry": { "type": "LineString", "coordinates": [ [ -76.989967070056224, 38.841443072355645 ], [ -76.999136674107859, 38.836301107106465 ] ] } },
{ "type": "Feature", "properties": { "type": "edge", "id": null, "source": 326.0, "target": 138.0 }, "geometry": { "type": "LineString", "coordinates": [ [ -76.989967070056224, 38.841443072355645 ], [ -76.974080987532432, 38.834678291105945 ] ] } },
{ "type": "Feature", "properties": { "type": "edge", "id": null, "source": 326.0, "target": 360.0 }, "geometry": { "type": "LineString", "coordinates": [ [ -76.989967070056224, 38.841443072355645 ], [ -76.988479749962934, 38.833605978943915 ] ] } },
{ "type": "Feature", "properties": { "type": "edge", "id": null, "source": 326.0, "target": 408.0 }, "geometry": { "type": "LineString", "coordinates": [ [ -76.989967070056224, 38.841443072355645 ], [ -76.994632017794004, 38.842336329368187 ] ] } },
{ "type": "Feature", "properties": { "type": "edge", "id": null, "source": 378.0, "target": 341.0 }, "geometry": { "type": "LineString", "coordinates": [ [ -77.005147951768507, 38.848710445968564 ], [ -76.999136674107859, 38.836301107106465 ] ] } },
{ "type": "Feature", "properties": { "type": "edge", "id": null, "source": 378.0, "target": 431.0 }, "geometry": { "type": "LineString", "coordinates": [ [ -77.005147951768507, 38.848710445968564 ], [ -77.04985037199431, 38.855403697054584 ] ] } },
{ "type": "Feature", "properties": { "type": "edge", "id": null, "source": 341.0, "target": 275.0 }, "geometry": { "type": "LineString", "coordinates": [ [ -76.999136674107859, 38.836301107106465 ], [ -76.995775516919636, 38.825712092385956 ] ] } },
{ "type": "Feature", "properties": { "type": "edge", "id": null, "source": 341.0, "target": 360.0 }, "geometry": { "type": "LineString", "coordinates": [ [ -76.999136674107859, 38.836301107106465 ], [ -76.988479749962934, 38.833605978943915 ] ] } },
{ "type": "Feature", "properties": { "type": "edge", "id": null, "source": 342.0, "target": 275.0 }, "geometry": { "type": "LineString", "coordinates": [ [ -77.016659524735957, 38.83253780166887 ], [ -76.995775516919636, 38.825712092385956 ] ] } },
{ "type": "Feature", "properties": { "type": "edge", "id": null, "source": 275.0, "target": 383.0 }, "geometry": { "type": "LineString", "coordinates": [ [ -76.995775516919636, 38.825712092385956 ], [ -76.983426296730087, 38.819945501668528 ] ] } },
{ "type": "Feature", "properties": { "type": "edge", "id": null, "source": 275.0, "target": 360.0 }, "geometry": { "type": "LineString", "coordinates": [ [ -76.995775516919636, 38.825712092385956 ], [ -76.988479749962934, 38.833605978943915 ] ] } },
{ "type": "Feature", "properties": { "type": "edge", "id": null, "source": 275.0, "target": 283.0 }, "geometry": { "type": "LineString", "coordinates": [ [ -76.995775516919636, 38.825712092385956 ], [ -76.999906701003127, 38.816872843149987 ] ] } },
{ "type": "Feature", "properties": { "type": "edge", "id": null, "source": 350.0, "target": 410.0 }, "geometry": { "type": "LineString", "coordinates": [ [ -77.03286508920722, 38.900331433040883 ], [ -77.040272873124863, 38.901289122655221 ] ] } },
{ "type": "Feature", "properties": { "type": "edge", "id": null, "source": 350.0, "target": 364.0 }, "geometry": { "type": "LineString", "coordinates": [ [ -77.03286508920722, 38.900331433040883 ], [ -77.042378061643959, 38.894067167028872 ] ] } },
{ "type": "Feature", "properties": { "type": "edge", "id": null, "source": 350.0, "target": 366.0 }, "geometry": { "type": "LineString", "coordinates": [ [ -77.03286508920722, 38.900331433040883 ], [ -77.029630568853847, 38.895495223998054 ] ] } },
{ "type": "Feature", "properties": { "type": "edge", "id": null, "source": 352.0, "target": 258.0 }, "geometry": { "type": "LineString", "coordinates": [ [ -76.91741915269823, 38.900346672675916 ], [ -76.910556735311246, 38.894343837864682 ] ] } },
{ "type": "Feature", "properties": { "type": "edge", "id": null, "source": 352.0, "target": 82.0 }, "geometry": { "type": "LineString", "coordinates": [ [ -76.91741915269823, 38.900346672675916 ], [ -76.89949256882349, 38.904344970659906 ] ] } },
{ "type": "Feature", "properties": { "type": "edge", "id": null, "source": 366.0, "target": 419.0 }, "geometry": { "type": "LineString", "coordinates": [ [ -77.029630568853847, 38.895495223998054 ], [ -77.026398246032343, 38.891571170801967 ] ] } },
{ "type": "Feature", "properties": { "type": "edge", "id": null, "source": 258.0, "target": 55.0 }, "geometry": { "type": "LineString", "coordinates": [ [ -76.910556735311246, 38.894343837864682 ], [ -76.904207923601618, 38.888170425003594 ] ] } },
{ "type": "Feature", "properties": { "type": "edge", "id": null, "source": 258.0, "target": 228.0 }, "geometry": { "type": "LineString", "coordinates": [ [ -76.910556735311246, 38.894343837864682 ], [ -76.911935126427409, 38.885104284972222 ] ] } },
{ "type": "Feature", "properties": { "type": "edge", "id": null, "source": 258.0, "target": 82.0 }, "geometry": { "type": "LineString", "coordinates": [ [ -76.910556735311246, 38.894343837864682 ], [ -76.89949256882349, 38.904344970659906 ] ] } },
{ "type": "Feature", "properties": { "type": "edge", "id": null, "source": 431.0, "target": 393.0 }, "geometry": { "type": "LineString", "coordinates": [ [ -77.04985037199431, 38.855403697054584 ], [ -77.056378198695185, 38.83875989022507 ] ] } },
{ "type": "Feature", "properties": { "type": "edge", "id": null, "source": 431.0, "target": 417.0 }, "geometry": { "type": "LineString", "coordinates": [ [ -77.04985037199431, 38.855403697054584 ], [ -77.05848901821318, 38.859959430776186 ] ] } },
{ "type": "Feature", "properties": { "type": "edge", "id": null, "source": 393.0, "target": 298.0 }, "geometry": { "type": "LineString", "coordinates": [ [ -77.056378198695185, 38.83875989022507 ], [ -77.075017918574048, 38.848092418345182 ] ] } },
{ "type": "Feature", "properties": { "type": "edge", "id": null, "source": 393.0, "target": 388.0 }, "geometry": { "type": "LineString", "coordinates": [ [ -77.056378198695185, 38.83875989022507 ], [ -77.06474215132495, 38.826671948058994 ] ] } },
{ "type": "Feature", "properties": { "type": "edge", "id": null, "source": 390.0, "target": 138.0 }, "geometry": { "type": "LineString", "coordinates": [ [ -76.959989103085292, 38.846888222036966 ], [ -76.974080987532432, 38.834678291105945 ] ] } },
{ "type": "Feature", "properties": { "type": "edge", "id": null, "source": 390.0, "target": 68.0 }, "geometry": { "type": "LineString", "coordinates": [ [ -76.959989103085292, 38.846888222036966 ], [ -76.956348763809174, 38.835854671882551 ] ] } },
{ "type": "Feature", "properties": { "type": "edge", "id": null, "source": 390.0, "target": 274.0 }, "geometry": { "type": "LineString", "coordinates": [ [ -76.959989103085292, 38.846888222036966 ], [ -76.92716791355781, 38.850494649937765 ] ] } },
{ "type": "Feature", "properties": { "type": "edge", "id": null, "source": 390.0, "target": 451.0 }, "geometry": { "type": "LineString", "coordinates": [ [ -76.959989103085292, 38.846888222036966 ], [ -76.943720519197285, 38.834087304797777 ] ] } },
{ "type": "Feature", "properties": { "type": "edge", "id": null, "source": 390.0, "target": 439.0 }, "geometry": { "type": "LineString", "coordinates": [ [ -76.959989103085292, 38.846888222036966 ], [ -76.958723726827742, 38.857535301487893 ] ] } },
{ "type": "Feature", "properties": { "type": "edge", "id": null, "source": 411.0, "target": 385.0 }, "geometry": { "type": "LineString", "coordinates": [ [ -77.047474825885089, 38.819985288451463 ], [ -77.070665577126746, 38.809183029670947 ] ] } },
{ "type": "Feature", "properties": { "type": "edge", "id": null, "source": 411.0, "target": 296.0 }, "geometry": { "type": "LineString", "coordinates": [ [ -77.047474825885089, 38.819985288451463 ], [ -77.055913673508357, 38.809142266175556 ] ] } },
{ "type": "Feature", "properties": { "type": "edge", "id": null, "source": 411.0, "target": 388.0 }, "geometry": { "type": "LineString", "coordinates": [ [ -77.047474825885089, 38.819985288451463 ], [ -77.06474215132495, 38.826671948058994 ] ] } },
{ "type": "Feature", "properties": { "type": "edge", "id": null, "source": 411.0, "target": 448.0 }, "geometry": { "type": "LineString", "coordinates": [ [ -77.047474825885089, 38.819985288451463 ], [ -77.041014726542727, 38.804375408958549 ] ] } },
{ "type": "Feature", "properties": { "type": "edge", "id": null, "source": 163.0, "target": 144.0 }, "geometry": { "type": "LineString", "coordinates": [ [ -77.062505609118631, 38.988851962976675 ], [ -77.076403032254177, 38.996842896786468 ] ] } },
{ "type": "Feature", "properties": { "type": "edge", "id": null, "source": 163.0, "target": 52.0 }, "geometry": { "type": "LineString", "coordinates": [ [ -77.062505609118631, 38.988851962976675 ], [ -77.044429289426816, 39.007363105433491 ] ] } },
{ "type": "Feature", "properties": { "type": "edge", "id": null, "source": 163.0, "target": 391.0 }, "geometry": { "type": "LineString", "coordinates": [ [ -77.062505609118631, 38.988851962976675 ], [ -77.065250283285792, 38.975017224934462 ] ] } },
{ "type": "Feature", "properties": { "type": "edge", "id": null, "source": 163.0, "target": 183.0 }, "geometry": { "type": "LineString", "coordinates": [ [ -77.062505609118631, 38.988851962976675 ], [ -77.077172138814234, 38.983019043246159 ] ] } },
{ "type": "Feature", "properties": { "type": "edge", "id": null, "source": 163.0, "target": 182.0 }, "geometry": { "type": "LineString", "coordinates": [ [ -77.062505609118631, 38.988851962976675 ], [ -77.082059131197994, 38.977104130084356 ] ] } },
{ "type": "Feature", "properties": { "type": "edge", "id": null, "source": 419.0, "target": 364.0 }, "geometry": { "type": "LineString", "coordinates": [ [ -77.026398246032343, 38.891571170801967 ], [ -77.042378061643959, 38.894067167028872 ] ] } },
{ "type": "Feature", "properties": { "type": "edge", "id": null, "source": 419.0, "target": 418.0 }, "geometry": { "type": "LineString", "coordinates": [ [ -77.026398246032343, 38.891571170801967 ], [ -77.054503556125795, 38.867422632970381 ] ] } },
{ "type": "Feature", "properties": { "type": "edge", "id": null, "source": 418.0, "target": 349.0 }, "geometry": { "type": "LineString", "coordinates": [ [ -77.054503556125795, 38.867422632970381 ], [ -77.067411401667073, 38.864695035742997 ] ] } },
{ "type": "Feature", "properties": { "type": "edge", "id": null, "source": 418.0, "target": 417.0 }, "geometry": { "type": "LineString", "coordinates": [ [ -77.054503556125795, 38.867422632970381 ], [ -77.05848901821318, 38.859959430776186 ] ] } },
{ "type": "Feature", "properties": { "type": "edge", "id": null, "source": 156.0, "target": 437.0 }, "geometry": { "type": "LineString", "coordinates": [ [ -77.08066185451716, 38.893946802113824 ], [ -77.088381184324831, 38.881996806853728 ] ] } },
{ "type": "Feature", "properties": { "type": "edge", "id": null, "source": 156.0, "target": 293.0 }, "geometry": { "type": "LineString", "coordinates": [ [ -77.08066185451716, 38.893946802113824 ], [ -77.105221282974895, 38.894880343102663 ] ] } },
{ "type": "Feature", "properties": { "type": "edge", "id": null, "source": 156.0, "target": 349.0 }, "geometry": { "type": "LineString", "coordinates": [ [ -77.08066185451716, 38.893946802113824 ], [ -77.067411401667073, 38.864695035742997 ] ] } },
{ "type": "Feature", "properties": { "type": "edge", "id": null, "source": 156.0, "target": 440.0 }, "geometry": { "type": "LineString", "coordinates": [ [ -77.08066185451716, 38.893946802113824 ], [ -77.096428342318376, 38.886461086043916 ] ] } },
{ "type": "Feature", "properties": { "type": "edge", "id": null, "source": 85.0, "target": 257.0 }, "geometry": { "type": "LineString", "coordinates": [ [ -76.904149717678536, 38.859214271342857 ], [ -76.900211890914591, 38.849296557610124 ] ] } },
{ "type": "Feature", "properties": { "type": "edge", "id": null, "source": 85.0, "target": 274.0 }, "geometry": { "type": "LineString", "coordinates": [ [ -76.904149717678536, 38.859214271342857 ], [ -76.92716791355781, 38.850494649937765 ] ] } },
{ "type": "Feature", "properties": { "type": "edge", "id": null, "source": 85.0, "target": 94.0 }, "geometry": { "type": "LineString", "coordinates": [ [ -76.904149717678536, 38.859214271342857 ], [ -76.898668921382367, 38.855433970007311 ] ] } },
{ "type": "Feature", "properties": { "type": "edge", "id": null, "source": 85.0, "target": 73.0 }, "geometry": { "type": "LineString", "coordinates": [ [ -76.904149717678536, 38.859214271342857 ], [ -76.879557556741986, 38.84852375144046 ] ] } },
{ "type": "Feature", "properties": { "type": "edge", "id": null, "source": 85.0, "target": 90.0 }, "geometry": { "type": "LineString", "coordinates": [ [ -76.904149717678536, 38.859214271342857 ], [ -76.900025744988639, 38.873014027927098 ] ] } },
{ "type": "Feature", "properties": { "type": "edge", "id": null, "source": 85.0, "target": 266.0 }, "geometry": { "type": "LineString", "coordinates": [ [ -76.904149717678536, 38.859214271342857 ], [ -76.927859897583446, 38.871645057355622 ] ] } },
{ "type": "Feature", "properties": { "type": "edge", "id": null, "source": 266.0, "target": 90.0 }, "geometry": { "type": "LineString", "coordinates": [ [ -76.927859897583446, 38.871645057355622 ], [ -76.900025744988639, 38.873014027927098 ] ] } },
{ "type": "Feature", "properties": { "type": "edge", "id": null, "source": 451.0, "target": 68.0 }, "geometry": { "type": "LineString", "coordinates": [ [ -76.943720519197285, 38.834087304797777 ], [ -76.956348763809174, 38.835854671882551 ] ] } },
{ "type": "Feature", "properties": { "type": "edge", "id": null, "source": 451.0, "target": 278.0 }, "geometry": { "type": "LineString", "coordinates": [ [ -76.943720519197285, 38.834087304797777 ], [ -76.949276255202861, 38.82491968534594 ] ] } },
{ "type": "Feature", "properties": { "type": "edge", "id": null, "source": 451.0, "target": 158.0 }, "geometry": { "type": "LineString", "coordinates": [ [ -76.943720519197285, 38.834087304797777 ], [ -76.928958700204547, 38.841960736890734 ] ] } },
{ "type": "Feature", "properties": { "type": "edge", "id": null, "source": 452.0, "target": 73.0 }, "geometry": { "type": "LineString", "coordinates": [ [ -76.849849428034361, 38.888229253761921 ], [ -76.879557556741986, 38.84852375144046 ] ] } },
{ "type": "Feature", "properties": { "type": "edge", "id": null, "source": 452.0, "target": 39.0 }, "geometry": { "type": "LineString", "coordinates": [ [ -76.849849428034361, 38.888229253761921 ], [ -76.876198527990354, 38.89469225447354 ] ] } },
{ "type": "Feature", "properties": { "type": "edge", "id": null, "source": 452.0, "target": 218.0 }, "geometry": { "type": "LineString", "coordinates": [ [ -76.849849428034361, 38.888229253761921 ], [ -76.831082335063783, 38.88570857544012 ] ] } },
{ "type": "Feature", "properties": { "type": "edge", "id": null, "source": 283.0, "target": 249.0 }, "geometry": { "type": "LineString", "coordinates": [ [ -76.999906701003127, 38.816872843149987 ], [ -76.984771601339716, 38.803270926866588 ] ] } },
{ "type": "Feature", "properties": { "type": "edge", "id": null, "source": 283.0, "target": 383.0 }, "geometry": { "type": "LineString", "coordinates": [ [ -76.999906701003127, 38.816872843149987 ], [ -76.983426296730087, 38.819945501668528 ] ] } },
{ "type": "Feature", "properties": { "type": "edge", "id": null, "source": 454.0, "target": 235.0 }, "geometry": { "type": "LineString", "coordinates": [ [ -76.948968825479767, 38.936035075726991 ], [ -76.936279884873159, 38.937706902533726 ] ] } },
{ "type": "Feature", "properties": { "type": "edge", "id": null, "source": 454.0, "target": 223.0 }, "geometry": { "type": "LineString", "coordinates": [ [ -76.948968825479767, 38.936035075726991 ], [ -76.958924131790681, 38.936068102151388 ] ] } },
{ "type": "Feature", "properties": { "type": "edge", "id": null, "source": 155.0, "target": 239.0 }, "geometry": { "type": "LineString", "coordinates": [ [ -76.965278674784088, 38.955124783928177 ], [ -76.961565335618388, 38.948038843272066 ] ] } },
{ "type": "Feature", "properties": { "type": "edge", "id": null, "source": 155.0, "target": 126.0 }, "geometry": { "type": "LineString", "coordinates": [ [ -76.965278674784088, 38.955124783928177 ], [ -76.959480529538382, 38.963137255925133 ] ] } },
{ "type": "Feature", "properties": { "type": "edge", "id": null, "source": 155.0, "target": 9.0 }, "geometry": { "type": "LineString", "coordinates": [ [ -76.965278674784088, 38.955124783928177 ], [ -76.948416743609187, 38.95264928582845 ] ] } },
{ "type": "Feature", "properties": { "type": "edge", "id": null, "source": 249.0, "target": 396.0 }, "geometry": { "type": "LineString", "coordinates": [ [ -76.984771601339716, 38.803270926866588 ], [ -76.971598332895525, 38.789512970436185 ] ] } },
{ "type": "Feature", "properties": { "type": "edge", "id": null, "source": 249.0, "target": 252.0 }, "geometry": { "type": "LineString", "coordinates": [ [ -76.984771601339716, 38.803270926866588 ], [ -76.958941165670367, 38.80715899400041 ] ] } },
{ "type": "Feature", "properties": { "type": "edge", "id": null, "source": 249.0, "target": 229.0 }, "geometry": { "type": "LineString", "coordinates": [ [ -76.984771601339716, 38.803270926866588 ], [ -77.000263454266872, 38.785476930131331 ] ] } },
{ "type": "Feature", "properties": { "type": "edge", "id": null, "source": 249.0, "target": 383.0 }, "geometry": { "type": "LineString", "coordinates": [ [ -76.984771601339716, 38.803270926866588 ], [ -76.983426296730087, 38.819945501668528 ] ] } },
{ "type": "Feature", "properties": { "type": "edge", "id": null, "source": 249.0, "target": 448.0 }, "geometry": { "type": "LineString", "coordinates": [ [ -76.984771601339716, 38.803270926866588 ], [ -77.041014726542727, 38.804375408958549 ] ] } },
{ "type": "Feature", "properties": { "type": "edge", "id": null, "source": 245.0, "target": 263.0 }, "geometry": { "type": "LineString", "coordinates": [ [ -76.92503257022787, 39.004575641235476 ], [ -76.930528716286858, 39.0200073763083 ] ] } },
{ "type": "Feature", "properties": { "type": "edge", "id": null, "source": 245.0, "target": 394.0 }, "geometry": { "type": "LineString", "coordinates": [ [ -76.92503257022787, 39.004575641235476 ], [ -76.967216403289569, 39.005262662203165 ] ] } },
{ "type": "Feature", "properties": { "type": "edge", "id": null, "source": 245.0, "target": 60.0 }, "geometry": { "type": "LineString", "coordinates": [ [ -76.92503257022787, 39.004575641235476 ], [ -76.90394419569003, 38.99316693816958 ] ] } },
{ "type": "Feature", "properties": { "type": "edge", "id": null, "source": 245.0, "target": 8.0 }, "geometry": { "type": "LineString", "coordinates": [ [ -76.92503257022787, 39.004575641235476 ], [ -76.935355353029365, 38.982298342971546 ] ] } },
{ "type": "Feature", "properties": { "type": "edge", "id": null, "source": 245.0, "target": 262.0 }, "geometry": { "type": "LineString", "coordinates": [ [ -76.92503257022787, 39.004575641235476 ], [ -76.907661048338724, 39.010987557501011 ] ] } },
{ "type": "Feature", "properties": { "type": "edge", "id": null, "source": 245.0, "target": 251.0 }, "geometry": { "type": "LineString", "coordinates": [ [ -76.92503257022787, 39.004575641235476 ], [ -76.907070479475991, 39.001826376208015 ] ] } },
{ "type": "Feature", "properties": { "type": "edge", "id": null, "source": 245.0, "target": 243.0 }, "geometry": { "type": "LineString", "coordinates": [ [ -76.92503257022787, 39.004575641235476 ], [ -76.932700143229738, 38.993608258588061 ] ] } },
{ "type": "Feature", "properties": { "type": "edge", "id": null, "source": 76.0, "target": 218.0 }, "geometry": { "type": "LineString", "coordinates": [ [ -76.816565261108011, 38.888561550641604 ], [ -76.831082335063783, 38.88570857544012 ] ] } },
{ "type": "Feature", "properties": { "type": "edge", "id": null, "source": 76.0, "target": 413.0 }, "geometry": { "type": "LineString", "coordinates": [ [ -76.816565261108011, 38.888561550641604 ], [ -76.784022429950269, 38.890032100869973 ] ] } },
{ "type": "Feature", "properties": { "type": "edge", "id": null, "source": 76.0, "target": 353.0 }, "geometry": { "type": "LineString", "coordinates": [ [ -76.816565261108011, 38.888561550641604 ], [ -76.820574056695079, 38.904699766881009 ] ] } },
{ "type": "Feature", "properties": { "type": "edge", "id": null, "source": 76.0, "target": 382.0 }, "geometry": { "type": "LineString", "coordinates": [ [ -76.816565261108011, 38.888561550641604 ], [ -76.815141067465319, 38.938628055042528 ] ] } },
{ "type": "Feature", "properties": { "type": "edge", "id": null, "source": 0.0, "target": 75.0 }, "geometry": { "type": "LineString", "coordinates": [ [ -76.827292497323285, 38.763885602437476 ], [ -76.896071017352398, 38.765784833529501 ] ] } },
{ "type": "Feature", "properties": { "type": "edge", "id": null, "source": 0.0, "target": 33.0 }, "geometry": { "type": "LineString", "coordinates": [ [ -76.827292497323285, 38.763885602437476 ], [ -76.747881828519539, 38.839827604926448 ] ] } },
{ "type": "Feature", "properties": { "type": "edge", "id": null, "source": 0.0, "target": 13.0 }, "geometry": { "type": "LineString", "coordinates": [ [ -76.827292497323285, 38.763885602437476 ], [ -76.900767950208703, 38.806518081061249 ] ] } },
{ "type": "Feature", "properties": { "type": "edge", "id": null, "source": 0.0, "target": 73.0 }, "geometry": { "type": "LineString", "coordinates": [ [ -76.827292497323285, 38.763885602437476 ], [ -76.879557556741986, 38.84852375144046 ] ] } },
{ "type": "Feature", "properties": { "type": "edge", "id": null, "source": 0.0, "target": 71.0 }, "geometry": { "type": "LineString", "coordinates": [ [ -76.827292497323285, 38.763885602437476 ], [ -76.97391813312953, 38.706875558179341 ] ] } },
{ "type": "Feature", "properties": { "type": "edge", "id": null, "source": 464.0, "target": 124.0 }, "geometry": { "type": "LineString", "coordinates": [ [ -77.050672672094137, 39.039025645307554 ], [ -77.056506111010634, 39.035528028165189 ] ] } },
{ "type": "Feature", "properties": { "type": "edge", "id": null, "source": 464.0, "target": 119.0 }, "geometry": { "type": "LineString", "coordinates": [ [ -77.050672672094137, 39.039025645307554 ], [ -77.044373858012051, 39.041997443077157 ] ] } },
{ "type": "Feature", "properties": { "type": "edge", "id": null, "source": 1.0, "target": 93.0 }, "geometry": { "type": "LineString", "coordinates": [ [ -76.881163752157349, 39.023131764055435 ], [ -76.855443511848208, 39.078421434301909 ] ] } },
{ "type": "Feature", "properties": { "type": "edge", "id": null, "source": 1.0, "target": 421.0 }, "geometry": { "type": "LineString", "coordinates": [ [ -76.881163752157349, 39.023131764055435 ], [ -76.928269115892476, 39.048617278733076 ] ] } },
{ "type": "Feature", "properties": { "type": "edge", "id": null, "source": 1.0, "target": 38.0 }, "geometry": { "type": "LineString", "coordinates": [ [ -76.881163752157349, 39.023131764055435 ], [ -76.872488323965584, 38.99259884886056 ] ] } },
{ "type": "Feature", "properties": { "type": "edge", "id": null, "source": 1.0, "target": 54.0 }, "geometry": { "type": "LineString", "coordinates": [ [ -76.881163752157349, 39.023131764055435 ], [ -76.889227977849188, 39.003789808543445 ] ] } },
{ "type": "Feature", "properties": { "type": "edge", "id": null, "source": 1.0, "target": 64.0 }, "geometry": { "type": "LineString", "coordinates": [ [ -76.881163752157349, 39.023131764055435 ], [ -76.911992143494786, 39.03355063756203 ] ] } },
{ "type": "Feature", "properties": { "type": "edge", "id": null, "source": 5.0, "target": 17.0 }, "geometry": { "type": "LineString", "coordinates": [ [ -76.954190838664843, 39.050205975487231 ], [ -76.942809280299826, 39.07204363551358 ] ] } },
{ "type": "Feature", "properties": { "type": "edge", "id": null, "source": 5.0, "target": 7.0 }, "geometry": { "type": "LineString", "coordinates": [ [ -76.954190838664843, 39.050205975487231 ], [ -76.968090198809151, 39.058880456568062 ] ] } },
{ "type": "Feature", "properties": { "type": "edge", "id": null, "source": 5.0, "target": 421.0 }, "geometry": { "type": "LineString", "coordinates": [ [ -76.954190838664843, 39.050205975487231 ], [ -76.928269115892476, 39.048617278733076 ] ] } },
{ "type": "Feature", "properties": { "type": "edge", "id": null, "source": 5.0, "target": 420.0 }, "geometry": { "type": "LineString", "coordinates": [ [ -76.954190838664843, 39.050205975487231 ], [ -76.945363772108962, 39.056051816619792 ] ] } },
{ "type": "Feature", "properties": { "type": "edge", "id": null, "source": 5.0, "target": 321.0 }, "geometry": { "type": "LineString", "coordinates": [ [ -76.954190838664843, 39.050205975487231 ], [ -76.953256862972793, 39.031542177516229 ] ] } },
{ "type": "Feature", "properties": { "type": "edge", "id": null, "source": 20.0, "target": 196.0 }, "geometry": { "type": "LineString", "coordinates": [ [ -77.049143991146238, 39.061312408333229 ], [ -77.051109624708658, 39.052135703606979 ] ] } },
{ "type": "Feature", "properties": { "type": "edge", "id": null, "source": 20.0, "target": 25.0 }, "geometry": { "type": "LineString", "coordinates": [ [ -77.049143991146238, 39.061312408333229 ], [ -77.023256060251668, 39.036477266122326 ] ] } },
{ "type": "Feature", "properties": { "type": "edge", "id": null, "source": 20.0, "target": 215.0 }, "geometry": { "type": "LineString", "coordinates": [ [ -77.049143991146238, 39.061312408333229 ], [ -77.01513534030137, 39.06391331585089 ] ] } },
{ "type": "Feature", "properties": { "type": "edge", "id": null, "source": 20.0, "target": 214.0 }, "geometry": { "type": "LineString", "coordinates": [ [ -77.049143991146238, 39.061312408333229 ], [ -77.064626523930571, 39.050048789154182 ] ] } },
{ "type": "Feature", "properties": { "type": "edge", "id": null, "source": 20.0, "target": 216.0 }, "geometry": { "type": "LineString", "coordinates": [ [ -77.049143991146238, 39.061312408333229 ], [ -77.061059590200429, 39.067553798763946 ] ] } },
{ "type": "Feature", "properties": { "type": "edge", "id": null, "source": 6.0, "target": 104.0 }, "geometry": { "type": "LineString", "coordinates": [ [ -77.158234199044387, 39.071448800159764 ], [ -77.178217097736066, 39.080844717526965 ] ] } },
{ "type": "Feature", "properties": { "type": "edge", "id": null, "source": 6.0, "target": 41.0 }, "geometry": { "type": "LineString", "coordinates": [ [ -77.158234199044387, 39.071448800159764 ], [ -77.150285060692823, 39.085209965285415 ] ] } },
{ "type": "Feature", "properties": { "type": "edge", "id": null, "source": 6.0, "target": 162.0 }, "geometry": { "type": "LineString", "coordinates": [ [ -77.158234199044387, 39.071448800159764 ], [ -77.112562137356207, 39.085581053921395 ] ] } },
{ "type": "Feature", "properties": { "type": "edge", "id": null, "source": 6.0, "target": 106.0 }, "geometry": { "type": "LineString", "coordinates": [ [ -77.158234199044387, 39.071448800159764 ], [ -77.177206652857961, 39.052188567936504 ] ] } },
{ "type": "Feature", "properties": { "type": "edge", "id": null, "source": 6.0, "target": 118.0 }, "geometry": { "type": "LineString", "coordinates": [ [ -77.158234199044387, 39.071448800159764 ], [ -77.12276497302679, 39.061382744401747 ] ] } },
{ "type": "Feature", "properties": { "type": "edge", "id": null, "source": 33.0, "target": 73.0 }, "geometry": { "type": "LineString", "coordinates": [ [ -76.747881828519539, 38.839827604926448 ], [ -76.879557556741986, 38.84852375144046 ] ] } },
{ "type": "Feature", "properties": { "type": "edge", "id": null, "source": 33.0, "target": 413.0 }, "geometry": { "type": "LineString", "coordinates": [ [ -76.747881828519539, 38.839827604926448 ], [ -76.784022429950269, 38.890032100869973 ] ] } },
{ "type": "Feature", "properties": { "type": "edge", "id": null, "source": 33.0, "target": 32.0 }, "geometry": { "type": "LineString", "coordinates": [ [ -76.747881828519539, 38.839827604926448 ], [ -76.736285571197783, 38.909869877161896 ] ] } },
{ "type": "Feature", "properties": { "type": "edge", "id": null, "source": 49.0, "target": 47.0 }, "geometry": { "type": "LineString", "coordinates": [ [ -77.190617051577149, 39.109773783105979 ], [ -77.161403046844413, 39.121772020201611 ] ] } },
{ "type": "Feature", "properties": { "type": "edge", "id": null, "source": 49.0, "target": 146.0 }, "geometry": { "type": "LineString", "coordinates": [ [ -77.190617051577149, 39.109773783105979 ], [ -77.192601155346026, 39.141606020715983 ] ] } },
{ "type": "Feature", "properties": { "type": "edge", "id": null, "source": 49.0, "target": 104.0 }, "geometry": { "type": "LineString", "coordinates": [ [ -77.190617051577149, 39.109773783105979 ], [ -77.178217097736066, 39.080844717526965 ] ] } },
{ "type": "Feature", "properties": { "type": "edge", "id": null, "source": 49.0, "target": 198.0 }, "geometry": { "type": "LineString", "coordinates": [ [ -77.190617051577149, 39.109773783105979 ], [ -77.157402594374773, 39.100954362481204 ] ] } },
{ "type": "Feature", "properties": { "type": "edge", "id": null, "source": 49.0, "target": 194.0 }, "geometry": { "type": "LineString", "coordinates": [ [ -77.190617051577149, 39.109773783105979 ], [ -77.201600433420069, 39.056731385992094 ] ] } },
{ "type": "Feature", "properties": { "type": "edge", "id": null, "source": 134.0, "target": 324.0 }, "geometry": { "type": "LineString", "coordinates": [ [ -76.764628705093884, 38.993806491025417 ], [ -76.753365165192108, 38.981960415924931 ] ] } },
{ "type": "Feature", "properties": { "type": "edge", "id": null, "source": 134.0, "target": 35.0 }, "geometry": { "type": "LineString", "coordinates": [ [ -76.764628705093884, 38.993806491025417 ], [ -76.734182046659456, 38.976179605454945 ] ] } },
{ "type": "Feature", "properties": { "type": "edge", "id": null, "source": 134.0, "target": 93.0 }, "geometry": { "type": "LineString", "coordinates": [ [ -76.764628705093884, 38.993806491025417 ], [ -76.855443511848208, 39.078421434301909 ] ] } },
{ "type": "Feature", "properties": { "type": "edge", "id": null, "source": 134.0, "target": 30.0 }, "geometry": { "type": "LineString", "coordinates": [ [ -76.764628705093884, 38.993806491025417 ], [ -76.821243581891579, 38.987392926868708 ] ] } },
{ "type": "Feature", "properties": { "type": "edge", "id": null, "source": 134.0, "target": 319.0 }, "geometry": { "type": "LineString", "coordinates": [ [ -76.764628705093884, 38.993806491025417 ], [ -76.751026028739474, 38.971549268897796 ] ] } },
{ "type": "Feature", "properties": { "type": "edge", "id": null, "source": 61.0, "target": 96.0 }, "geometry": { "type": "LineString", "coordinates": [ [ -76.850785542274807, 39.101649753449443 ], [ -76.876297277581585, 39.097525405182239 ] ] } },
{ "type": "Feature", "properties": { "type": "edge", "id": null, "source": 61.0, "target": 93.0 }, "geometry": { "type": "LineString", "coordinates": [ [ -76.850785542274807, 39.101649753449443 ], [ -76.855443511848208, 39.078421434301909 ] ] } },
{ "type": "Feature", "properties": { "type": "edge", "id": null, "source": 41.0, "target": 198.0 }, "geometry": { "type": "LineString", "coordinates": [ [ -77.150285060692823, 39.085209965285415 ], [ -77.157402594374773, 39.100954362481204 ] ] } },
{ "type": "Feature", "properties": { "type": "edge", "id": null, "source": 41.0, "target": 162.0 }, "geometry": { "type": "LineString", "coordinates": [ [ -77.150285060692823, 39.085209965285415 ], [ -77.112562137356207, 39.085581053921395 ] ] } },
{ "type": "Feature", "properties": { "type": "edge", "id": null, "source": 73.0, "target": 140.0 }, "geometry": { "type": "LineString", "coordinates": [ [ -76.879557556741986, 38.84852375144046 ], [ -76.908620036723732, 38.83100701519686 ] ] } },
{ "type": "Feature", "properties": { "type": "edge", "id": null, "source": 73.0, "target": 90.0 }, "geometry": { "type": "LineString", "coordinates": [ [ -76.879557556741986, 38.84852375144046 ], [ -76.900025744988639, 38.873014027927098 ] ] } },
{ "type": "Feature", "properties": { "type": "edge", "id": null, "source": 73.0, "target": 218.0 }, "geometry": { "type": "LineString", "coordinates": [ [ -76.879557556741986, 38.84852375144046 ], [ -76.831082335063783, 38.88570857544012 ] ] } },
{ "type": "Feature", "properties": { "type": "edge", "id": null, "source": 73.0, "target": 257.0 }, "geometry": { "type": "LineString", "coordinates": [ [ -76.879557556741986, 38.84852375144046 ], [ -76.900211890914591, 38.849296557610124 ] ] } },
{ "type": "Feature", "properties": { "type": "edge", "id": null, "source": 73.0, "target": 13.0 }, "geometry": { "type": "LineString", "coordinates": [ [ -76.879557556741986, 38.84852375144046 ], [ -76.900767950208703, 38.806518081061249 ] ] } },
{ "type": "Feature", "properties": { "type": "edge", "id": null, "source": 7.0, "target": 17.0 }, "geometry": { "type": "LineString", "coordinates": [ [ -76.968090198809151, 39.058880456568062 ], [ -76.942809280299826, 39.07204363551358 ] ] } },
{ "type": "Feature", "properties": { "type": "edge", "id": null, "source": 7.0, "target": 215.0 }, "geometry": { "type": "LineString", "coordinates": [ [ -76.968090198809151, 39.058880456568062 ], [ -77.01513534030137, 39.06391331585089 ] ] } },
{ "type": "Feature", "properties": { "type": "edge", "id": null, "source": 7.0, "target": 114.0 }, "geometry": { "type": "LineString", "coordinates": [ [ -76.968090198809151, 39.058880456568062 ], [ -76.994356300006885, 39.071040632785589 ] ] } },
{ "type": "Feature", "properties": { "type": "edge", "id": null, "source": 7.0, "target": 206.0 }, "geometry": { "type": "LineString", "coordinates": [ [ -76.968090198809151, 39.058880456568062 ], [ -76.986167071344028, 39.041413013173162 ] ] } },
{ "type": "Feature", "properties": { "type": "edge", "id": null, "source": 7.0, "target": 172.0 }, "geometry": { "type": "LineString", "coordinates": [ [ -76.968090198809151, 39.058880456568062 ], [ -76.95690068432215, 39.081142106970148 ] ] } },
{ "type": "Feature", "properties": { "type": "edge", "id": null, "source": 198.0, "target": 47.0 }, "geometry": { "type": "LineString", "coordinates": [ [ -77.157402594374773, 39.100954362481204 ], [ -77.161403046844413, 39.121772020201611 ] ] } },
{ "type": "Feature", "properties": { "type": "edge", "id": null, "source": 198.0, "target": 162.0 }, "geometry": { "type": "LineString", "coordinates": [ [ -77.157402594374773, 39.100954362481204 ], [ -77.112562137356207, 39.085581053921395 ] ] } },
{ "type": "Feature", "properties": { "type": "edge", "id": null, "source": 198.0, "target": 104.0 }, "geometry": { "type": "LineString", "coordinates": [ [ -77.157402594374773, 39.100954362481204 ], [ -77.178217097736066, 39.080844717526965 ] ] } },
{ "type": "Feature", "properties": { "type": "edge", "id": null, "source": 394.0, "target": 10.0 }, "geometry": { "type": "LineString", "coordinates": [ [ -76.967216403289569, 39.005262662203165 ], [ -76.941487290059854, 38.989886837747541 ] ] } },
{ "type": "Feature", "properties": { "type": "edge", "id": null, "source": 394.0, "target": 207.0 }, "geometry": { "type": "LineString", "coordinates": [ [ -76.967216403289569, 39.005262662203165 ], [ -76.982411703868607, 39.004844565698455 ] ] } },
{ "type": "Feature", "properties": { "type": "edge", "id": null, "source": 394.0, "target": 310.0 }, "geometry": { "type": "LineString", "coordinates": [ [ -76.967216403289569, 39.005262662203165 ], [ -76.961588357117876, 38.985556779114496 ] ] } },
{ "type": "Feature", "properties": { "type": "edge", "id": null, "source": 394.0, "target": 205.0 }, "geometry": { "type": "LineString", "coordinates": [ [ -76.967216403289569, 39.005262662203165 ], [ -76.983081977867869, 38.98924213147054 ] ] } },
{ "type": "Feature", "properties": { "type": "edge", "id": null, "source": 394.0, "target": 122.0 }, "geometry": { "type": "LineString", "coordinates": [ [ -76.967216403289569, 39.005262662203165 ], [ -76.980310844060767, 39.010770233248202 ] ] } },
{ "type": "Feature", "properties": { "type": "edge", "id": null, "source": 394.0, "target": 263.0 }, "geometry": { "type": "LineString", "coordinates": [ [ -76.967216403289569, 39.005262662203165 ], [ -76.930528716286858, 39.0200073763083 ] ] } },
{ "type": "Feature", "properties": { "type": "edge", "id": null, "source": 394.0, "target": 48.0 }, "geometry": { "type": "LineString", "coordinates": [ [ -76.967216403289569, 39.005262662203165 ], [ -76.970609827498009, 39.019873935480703 ] ] } },
{ "type": "Feature", "properties": { "type": "edge", "id": null, "source": 310.0, "target": 10.0 }, "geometry": { "type": "LineString", "coordinates": [ [ -76.961588357117876, 38.985556779114496 ], [ -76.941487290059854, 38.989886837747541 ] ] } },
{ "type": "Feature", "properties": { "type": "edge", "id": null, "source": 310.0, "target": 222.0 }, "geometry": { "type": "LineString", "coordinates": [ [ -76.961588357117876, 38.985556779114496 ], [ -76.97512302556909, 38.974088042639131 ] ] } },
{ "type": "Feature", "properties": { "type": "edge", "id": null, "source": 310.0, "target": 205.0 }, "geometry": { "type": "LineString", "coordinates": [ [ -76.961588357117876, 38.985556779114496 ], [ -76.983081977867869, 38.98924213147054 ] ] } },
{ "type": "Feature", "properties": { "type": "edge", "id": null, "source": 42.0, "target": 51.0 }, "geometry": { "type": "LineString", "coordinates": [ [ -77.103818811503558, 39.026119144082266 ], [ -77.073061987406376, 39.025782033667284 ] ] } },
{ "type": "Feature", "properties": { "type": "edge", "id": null, "source": 42.0, "target": 166.0 }, "geometry": { "type": "LineString", "coordinates": [ [ -77.103818811503558, 39.026119144082266 ], [ -77.111358628075365, 39.0068588100753 ] ] } },
{ "type": "Feature", "properties": { "type": "edge", "id": null, "source": 42.0, "target": 14.0 }, "geometry": { "type": "LineString", "coordinates": [ [ -77.103818811503558, 39.026119144082266 ], [ -77.087924100380448, 39.007431828962218 ] ] } },
{ "type": "Feature", "properties": { "type": "edge", "id": null, "source": 42.0, "target": 127.0 }, "geometry": { "type": "LineString", "coordinates": [ [ -77.103818811503558, 39.026119144082266 ], [ -77.073356698231564, 39.017126639027289 ] ] } },
{ "type": "Feature", "properties": { "type": "edge", "id": null, "source": 42.0, "target": 184.0 }, "geometry": { "type": "LineString", "coordinates": [ [ -77.103818811503558, 39.026119144082266 ], [ -77.075139009807174, 39.038918493971565 ] ] } },
{ "type": "Feature", "properties": { "type": "edge", "id": null, "source": 42.0, "target": 193.0 }, "geometry": { "type": "LineString", "coordinates": [ [ -77.103818811503558, 39.026119144082266 ], [ -77.114085015043216, 39.049335700335448 ] ] } },
{ "type": "Feature", "properties": { "type": "edge", "id": null, "source": 42.0, "target": 117.0 }, "geometry": { "type": "LineString", "coordinates": [ [ -77.103818811503558, 39.026119144082266 ], [ -77.093302525106878, 39.053932507764316 ] ] } },
{ "type": "Feature", "properties": { "type": "edge", "id": null, "source": 42.0, "target": 209.0 }, "geometry": { "type": "LineString", "coordinates": [ [ -77.103818811503558, 39.026119144082266 ], [ -77.139181638761031, 39.033005430309508 ] ] } },
{ "type": "Feature", "properties": { "type": "edge", "id": null, "source": 42.0, "target": 143.0 }, "geometry": { "type": "LineString", "coordinates": [ [ -77.103818811503558, 39.026119144082266 ], [ -77.128754313317657, 39.013945510055507 ] ] } },
{ "type": "Feature", "properties": { "type": "edge", "id": null, "source": 42.0, "target": 212.0 }, "geometry": { "type": "LineString", "coordinates": [ [ -77.103818811503558, 39.026119144082266 ], [ -77.119566640125427, 39.016234483360229 ] ] } },
{ "type": "Feature", "properties": { "type": "edge", "id": null, "source": 42.0, "target": 192.0 }, "geometry": { "type": "LineString", "coordinates": [ [ -77.103818811503558, 39.026119144082266 ], [ -77.132449746819219, 39.024284111392966 ] ] } },
{ "type": "Feature", "properties": { "type": "edge", "id": null, "source": 382.0, "target": 30.0 }, "geometry": { "type": "LineString", "coordinates": [ [ -76.815141067465319, 38.938628055042528 ], [ -76.821243581891579, 38.987392926868708 ] ] } },
{ "type": "Feature", "properties": { "type": "edge", "id": null, "source": 382.0, "target": 32.0 }, "geometry": { "type": "LineString", "coordinates": [ [ -76.815141067465319, 38.938628055042528 ], [ -76.736285571197783, 38.909869877161896 ] ] } },
{ "type": "Feature", "properties": { "type": "edge", "id": null, "source": 382.0, "target": 130.0 }, "geometry": { "type": "LineString", "coordinates": [ [ -76.815141067465319, 38.938628055042528 ], [ -76.841216004814839, 38.973975904119435 ] ] } },
{ "type": "Feature", "properties": { "type": "edge", "id": null, "source": 382.0, "target": 353.0 }, "geometry": { "type": "LineString", "coordinates": [ [ -76.815141067465319, 38.938628055042528 ], [ -76.820574056695079, 38.904699766881009 ] ] } },
{ "type": "Feature", "properties": { "type": "edge", "id": null, "source": 382.0, "target": 413.0 }, "geometry": { "type": "LineString", "coordinates": [ [ -76.815141067465319, 38.938628055042528 ], [ -76.784022429950269, 38.890032100869973 ] ] } },
{ "type": "Feature", "properties": { "type": "edge", "id": null, "source": 8.0, "target": 10.0 }, "geometry": { "type": "LineString", "coordinates": [ [ -76.935355353029365, 38.982298342971546 ], [ -76.941487290059854, 38.989886837747541 ] ] } },
{ "type": "Feature", "properties": { "type": "edge", "id": null, "source": 8.0, "target": 241.0 }, "geometry": { "type": "LineString", "coordinates": [ [ -76.935355353029365, 38.982298342971546 ], [ -76.930512909460305, 38.970609539356914 ] ] } },
{ "type": "Feature", "properties": { "type": "edge", "id": null, "source": 421.0, "target": 64.0 }, "geometry": { "type": "LineString", "coordinates": [ [ -76.928269115892476, 39.048617278733076 ], [ -76.911992143494786, 39.03355063756203 ] ] } },
{ "type": "Feature", "properties": { "type": "edge", "id": null, "source": 421.0, "target": 321.0 }, "geometry": { "type": "LineString", "coordinates": [ [ -76.928269115892476, 39.048617278733076 ], [ -76.953256862972793, 39.031542177516229 ] ] } },
{ "type": "Feature", "properties": { "type": "edge", "id": null, "source": 421.0, "target": 17.0 }, "geometry": { "type": "LineString", "coordinates": [ [ -76.928269115892476, 39.048617278733076 ], [ -76.942809280299826, 39.07204363551358 ] ] } },
{ "type": "Feature", "properties": { "type": "edge", "id": null, "source": 421.0, "target": 420.0 }, "geometry": { "type": "LineString", "coordinates": [ [ -76.928269115892476, 39.048617278733076 ], [ -76.945363772108962, 39.056051816619792 ] ] } },
{ "type": "Feature", "properties": { "type": "edge", "id": null, "source": 9.0, "target": 78.0 }, "geometry": { "type": "LineString", "coordinates": [ [ -76.948416743609187, 38.95264928582845 ], [ -76.923182033070603, 38.946408808341964 ] ] } },
{ "type": "Feature", "properties": { "type": "edge", "id": null, "source": 9.0, "target": 239.0 }, "geometry": { "type": "LineString", "coordinates": [ [ -76.948416743609187, 38.95264928582845 ], [ -76.961565335618388, 38.948038843272066 ] ] } },
{ "type": "Feature", "properties": { "type": "edge", "id": null, "source": 9.0, "target": 224.0 }, "geometry": { "type": "LineString", "coordinates": [ [ -76.948416743609187, 38.95264928582845 ], [ -76.942034728395129, 38.963675851392374 ] ] } },
{ "type": "Feature", "properties": { "type": "edge", "id": null, "source": 9.0, "target": 244.0 }, "geometry": { "type": "LineString", "coordinates": [ [ -76.948416743609187, 38.95264928582845 ], [ -76.940342089768706, 38.955658193116918 ] ] } },
{ "type": "Feature", "properties": { "type": "edge", "id": null, "source": 9.0, "target": 28.0 }, "geometry": { "type": "LineString", "coordinates": [ [ -76.948416743609187, 38.95264928582845 ], [ -76.953010995647361, 38.942754165488424 ] ] } },
{ "type": "Feature", "properties": { "type": "edge", "id": null, "source": 9.0, "target": 126.0 }, "geometry": { "type": "LineString", "coordinates": [ [ -76.948416743609187, 38.95264928582845 ], [ -76.959480529538382, 38.963137255925133 ] ] } },
{ "type": "Feature", "properties": { "type": "edge", "id": null, "source": 9.0, "target": 235.0 }, "geometry": { "type": "LineString", "coordinates": [ [ -76.948416743609187, 38.95264928582845 ], [ -76.936279884873159, 38.937706902533726 ] ] } },
{ "type": "Feature", "properties": { "type": "edge", "id": null, "source": 46.0, "target": 146.0 }, "geometry": { "type": "LineString", "coordinates": [ [ -77.215217641969147, 39.14655662907122 ], [ -77.192601155346026, 39.141606020715983 ] ] } },
{ "type": "Feature", "properties": { "type": "edge", "id": null, "source": 46.0, "target": 62.0 }, "geometry": { "type": "LineString", "coordinates": [ [ -77.215217641969147, 39.14655662907122 ], [ -77.196320759424509, 39.16171568980014 ] ] } },
{ "type": "Feature", "properties": { "type": "edge", "id": null, "source": 10.0, "target": 243.0 }, "geometry": { "type": "LineString", "coordinates": [ [ -76.941487290059854, 38.989886837747541 ], [ -76.932700143229738, 38.993608258588061 ] ] } },
{ "type": "Feature", "properties": { "type": "edge", "id": null, "source": 12.0, "target": 161.0 }, "geometry": { "type": "LineString", "coordinates": [ [ -77.157315757808576, 39.201020868669353 ], [ -77.181026226659313, 39.181626491311036 ] ] } },
{ "type": "Feature", "properties": { "type": "edge", "id": null, "source": 12.0, "target": 109.0 }, "geometry": { "type": "LineString", "coordinates": [ [ -77.157315757808576, 39.201020868669353 ], [ -77.196147152031855, 39.240376261769889 ] ] } },
{ "type": "Feature", "properties": { "type": "edge", "id": null, "source": 77.0, "target": 83.0 }, "geometry": { "type": "LineString", "coordinates": [ [ -76.906813002823583, 38.966925445672636 ], [ -76.922486411277731, 38.959891527647436 ] ] } },
{ "type": "Feature", "properties": { "type": "edge", "id": null, "source": 77.0, "target": 60.0 }, "geometry": { "type": "LineString", "coordinates": [ [ -76.906813002823583, 38.966925445672636 ], [ -76.90394419569003, 38.99316693816958 ] ] } },
{ "type": "Feature", "properties": { "type": "edge", "id": null, "source": 77.0, "target": 241.0 }, "geometry": { "type": "LineString", "coordinates": [ [ -76.906813002823583, 38.966925445672636 ], [ -76.930512909460305, 38.970609539356914 ] ] } },
{ "type": "Feature", "properties": { "type": "edge", "id": null, "source": 83.0, "target": 78.0 }, "geometry": { "type": "LineString", "coordinates": [ [ -76.922486411277731, 38.959891527647436 ], [ -76.923182033070603, 38.946408808341964 ] ] } },
{ "type": "Feature", "properties": { "type": "edge", "id": null, "source": 83.0, "target": 241.0 }, "geometry": { "type": "LineString", "coordinates": [ [ -76.922486411277731, 38.959891527647436 ], [ -76.930512909460305, 38.970609539356914 ] ] } },
{ "type": "Feature", "properties": { "type": "edge", "id": null, "source": 13.0, "target": 75.0 }, "geometry": { "type": "LineString", "coordinates": [ [ -76.900767950208703, 38.806518081061249 ], [ -76.896071017352398, 38.765784833529501 ] ] } },
{ "type": "Feature", "properties": { "type": "edge", "id": null, "source": 13.0, "target": 84.0 }, "geometry": { "type": "LineString", "coordinates": [ [ -76.900767950208703, 38.806518081061249 ], [ -76.917117392874104, 38.797365000319523 ] ] } },
{ "type": "Feature", "properties": { "type": "edge", "id": null, "source": 270.0, "target": 126.0 }, "geometry": { "type": "LineString", "coordinates": [ [ -76.952584360207936, 38.966905635789651 ], [ -76.959480529538382, 38.963137255925133 ] ] } },
{ "type": "Feature", "properties": { "type": "edge", "id": null, "source": 270.0, "target": 224.0 }, "geometry": { "type": "LineString", "coordinates": [ [ -76.952584360207936, 38.966905635789651 ], [ -76.942034728395129, 38.963675851392374 ] ] } },
{ "type": "Feature", "properties": { "type": "edge", "id": null, "source": 54.0, "target": 38.0 }, "geometry": { "type": "LineString", "coordinates": [ [ -76.889227977849188, 39.003789808543445 ], [ -76.872488323965584, 38.99259884886056 ] ] } },
{ "type": "Feature", "properties": { "type": "edge", "id": null, "source": 54.0, "target": 262.0 }, "geometry": { "type": "LineString", "coordinates": [ [ -76.889227977849188, 39.003789808543445 ], [ -76.907661048338724, 39.010987557501011 ] ] } },
{ "type": "Feature", "properties": { "type": "edge", "id": null, "source": 54.0, "target": 251.0 }, "geometry": { "type": "LineString", "coordinates": [ [ -76.889227977849188, 39.003789808543445 ], [ -76.907070479475991, 39.001826376208015 ] ] } },
{ "type": "Feature", "properties": { "type": "edge", "id": null, "source": 54.0, "target": 64.0 }, "geometry": { "type": "LineString", "coordinates": [ [ -76.889227977849188, 39.003789808543445 ], [ -76.911992143494786, 39.03355063756203 ] ] } },
{ "type": "Feature", "properties": { "type": "edge", "id": null, "source": 54.0, "target": 60.0 }, "geometry": { "type": "LineString", "coordinates": [ [ -76.889227977849188, 39.003789808543445 ], [ -76.90394419569003, 38.99316693816958 ] ] } },
{ "type": "Feature", "properties": { "type": "edge", "id": null, "source": 396.0, "target": 229.0 }, "geometry": { "type": "LineString", "coordinates": [ [ -76.971598332895525, 38.789512970436185 ], [ -77.000263454266872, 38.785476930131331 ] ] } },
{ "type": "Feature", "properties": { "type": "edge", "id": null, "source": 396.0, "target": 72.0 }, "geometry": { "type": "LineString", "coordinates": [ [ -76.971598332895525, 38.789512970436185 ], [ -76.931391021990564, 38.800998580765743 ] ] } },
{ "type": "Feature", "properties": { "type": "edge", "id": null, "source": 396.0, "target": 252.0 }, "geometry": { "type": "LineString", "coordinates": [ [ -76.971598332895525, 38.789512970436185 ], [ -76.958941165670367, 38.80715899400041 ] ] } },
{ "type": "Feature", "properties": { "type": "edge", "id": null, "source": 396.0, "target": 279.0 }, "geometry": { "type": "LineString", "coordinates": [ [ -76.971598332895525, 38.789512970436185 ], [ -76.95140484298561, 38.772102531379076 ] ] } },
{ "type": "Feature", "properties": { "type": "edge", "id": null, "source": 396.0, "target": 268.0 }, "geometry": { "type": "LineString", "coordinates": [ [ -76.971598332895525, 38.789512970436185 ], [ -76.978629744696178, 38.757808126984976 ] ] } },
{ "type": "Feature", "properties": { "type": "edge", "id": null, "source": 38.0, "target": 58.0 }, "geometry": { "type": "LineString", "coordinates": [ [ -76.872488323965584, 38.99259884886056 ], [ -76.860630411243307, 38.968693557241771 ] ] } },
{ "type": "Feature", "properties": { "type": "edge", "id": null, "source": 38.0, "target": 89.0 }, "geometry": { "type": "LineString", "coordinates": [ [ -76.872488323965584, 38.99259884886056 ], [ -76.860042844318386, 38.990514016491808 ] ] } },
{ "type": "Feature", "properties": { "type": "edge", "id": null, "source": 205.0, "target": 116.0 }, "geometry": { "type": "LineString", "coordinates": [ [ -76.983081977867869, 38.98924213147054 ], [ -76.992749562060453, 38.998360003984153 ] ] } },
{ "type": "Feature", "properties": { "type": "edge", "id": null, "source": 205.0, "target": 222.0 }, "geometry": { "type": "LineString", "coordinates": [ [ -76.983081977867869, 38.98924213147054 ], [ -76.97512302556909, 38.974088042639131 ] ] } },
{ "type": "Feature", "properties": { "type": "edge", "id": null, "source": 106.0, "target": 165.0 }, "geometry": { "type": "LineString", "coordinates": [ [ -77.177206652857961, 39.052188567936504 ], [ -77.195904053459245, 39.038787090076298 ] ] } },
{ "type": "Feature", "properties": { "type": "edge", "id": null, "source": 106.0, "target": 194.0 }, "geometry": { "type": "LineString", "coordinates": [ [ -77.177206652857961, 39.052188567936504 ], [ -77.201600433420069, 39.056731385992094 ] ] } },
{ "type": "Feature", "properties": { "type": "edge", "id": null, "source": 106.0, "target": 104.0 }, "geometry": { "type": "LineString", "coordinates": [ [ -77.177206652857961, 39.052188567936504 ], [ -77.178217097736066, 39.080844717526965 ] ] } },
{ "type": "Feature", "properties": { "type": "edge", "id": null, "source": 106.0, "target": 168.0 }, "geometry": { "type": "LineString", "coordinates": [ [ -77.177206652857961, 39.052188567936504 ], [ -77.17420280455417, 39.024645185787946 ] ] } },
{ "type": "Feature", "properties": { "type": "edge", "id": null, "source": 106.0, "target": 209.0 }, "geometry": { "type": "LineString", "coordinates": [ [ -77.177206652857961, 39.052188567936504 ], [ -77.139181638761031, 39.033005430309508 ] ] } },
{ "type": "Feature", "properties": { "type": "edge", "id": null, "source": 14.0, "target": 144.0 }, "geometry": { "type": "LineString", "coordinates": [ [ -77.087924100380448, 39.007431828962218 ], [ -77.076403032254177, 38.996842896786468 ] ] } },
{ "type": "Feature", "properties": { "type": "edge", "id": null, "source": 14.0, "target": 127.0 }, "geometry": { "type": "LineString", "coordinates": [ [ -77.087924100380448, 39.007431828962218 ], [ -77.073356698231564, 39.017126639027289 ] ] } },
{ "type": "Feature", "properties": { "type": "edge", "id": null, "source": 14.0, "target": 113.0 }, "geometry": { "type": "LineString", "coordinates": [ [ -77.087924100380448, 39.007431828962218 ], [ -77.116267347672974, 38.993678006728373 ] ] } },
{ "type": "Feature", "properties": { "type": "edge", "id": null, "source": 14.0, "target": 166.0 }, "geometry": { "type": "LineString", "coordinates": [ [ -77.087924100380448, 39.007431828962218 ], [ -77.111358628075365, 39.0068588100753 ] ] } },
{ "type": "Feature", "properties": { "type": "edge", "id": null, "source": 16.0, "target": 208.0 }, "geometry": { "type": "LineString", "coordinates": [ [ -77.168792322722183, 38.970289573729374 ], [ -77.185439868930899, 39.000834623966995 ] ] } },
{ "type": "Feature", "properties": { "type": "edge", "id": null, "source": 16.0, "target": 171.0 }, "geometry": { "type": "LineString", "coordinates": [ [ -77.168792322722183, 38.970289573729374 ], [ -77.148293572381192, 38.9957561395669 ] ] } },
{ "type": "Feature", "properties": { "type": "edge", "id": null, "source": 16.0, "target": 142.0 }, "geometry": { "type": "LineString", "coordinates": [ [ -77.168792322722183, 38.970289573729374 ], [ -77.126819081481273, 38.976697549601752 ] ] } },
{ "type": "Feature", "properties": { "type": "edge", "id": null, "source": 16.0, "target": 395.0 }, "geometry": { "type": "LineString", "coordinates": [ [ -77.168792322722183, 38.970289573729374 ], [ -77.176106753809066, 38.933908631666881 ] ] } },
{ "type": "Feature", "properties": { "type": "edge", "id": null, "source": 16.0, "target": 173.0 }, "geometry": { "type": "LineString", "coordinates": [ [ -77.168792322722183, 38.970289573729374 ], [ -77.132711331515111, 38.939140379908046 ] ] } },
{ "type": "Feature", "properties": { "type": "edge", "id": null, "source": 48.0, "target": 122.0 }, "geometry": { "type": "LineString", "coordinates": [ [ -76.970609827498009, 39.019873935480703 ], [ -76.980310844060767, 39.010770233248202 ] ] } },
{ "type": "Feature", "properties": { "type": "edge", "id": null, "source": 48.0, "target": 101.0 }, "geometry": { "type": "LineString", "coordinates": [ [ -76.970609827498009, 39.019873935480703 ], [ -76.991993278976466, 39.032686376095683 ] ] } },
{ "type": "Feature", "properties": { "type": "edge", "id": null, "source": 48.0, "target": 321.0 }, "geometry": { "type": "LineString", "coordinates": [ [ -76.970609827498009, 39.019873935480703 ], [ -76.953256862972793, 39.031542177516229 ] ] } },
{ "type": "Feature", "properties": { "type": "edge", "id": null, "source": 17.0, "target": 172.0 }, "geometry": { "type": "LineString", "coordinates": [ [ -76.942809280299826, 39.07204363551358 ], [ -76.95690068432215, 39.081142106970148 ] ] } },
{ "type": "Feature", "properties": { "type": "edge", "id": null, "source": 17.0, "target": 102.0 }, "geometry": { "type": "LineString", "coordinates": [ [ -76.942809280299826, 39.07204363551358 ], [ -76.93048948212666, 39.090196583997837 ] ] } },
{ "type": "Feature", "properties": { "type": "edge", "id": null, "source": 17.0, "target": 420.0 }, "geometry": { "type": "LineString", "coordinates": [ [ -76.942809280299826, 39.07204363551358 ], [ -76.945363772108962, 39.056051816619792 ] ] } },
{ "type": "Feature", "properties": { "type": "edge", "id": null, "source": 47.0, "target": 23.0 }, "geometry": { "type": "LineString", "coordinates": [ [ -77.161403046844413, 39.121772020201611 ], [ -77.157467252975835, 39.154849542303431 ] ] } },
{ "type": "Feature", "properties": { "type": "edge", "id": null, "source": 23.0, "target": 146.0 }, "geometry": { "type": "LineString", "coordinates": [ [ -77.157467252975835, 39.154849542303431 ], [ -77.192601155346026, 39.141606020715983 ] ] } },
{ "type": "Feature", "properties": { "type": "edge", "id": null, "source": 23.0, "target": 162.0 }, "geometry": { "type": "LineString", "coordinates": [ [ -77.157467252975835, 39.154849542303431 ], [ -77.112562137356207, 39.085581053921395 ] ] } },
{ "type": "Feature", "properties": { "type": "edge", "id": null, "source": 23.0, "target": 62.0 }, "geometry": { "type": "LineString", "coordinates": [ [ -77.157467252975835, 39.154849542303431 ], [ -77.196320759424509, 39.16171568980014 ] ] } },
{ "type": "Feature", "properties": { "type": "edge", "id": null, "source": 23.0, "target": 161.0 }, "geometry": { "type": "LineString", "coordinates": [ [ -77.157467252975835, 39.154849542303431 ], [ -77.181026226659313, 39.181626491311036 ] ] } },
{ "type": "Feature", "properties": { "type": "edge", "id": null, "source": 25.0, "target": 215.0 }, "geometry": { "type": "LineString", "coordinates": [ [ -77.023256060251668, 39.036477266122326 ], [ -77.01513534030137, 39.06391331585089 ] ] } },
{ "type": "Feature", "properties": { "type": "edge", "id": null, "source": 25.0, "target": 101.0 }, "geometry": { "type": "LineString", "coordinates": [ [ -77.023256060251668, 39.036477266122326 ], [ -76.991993278976466, 39.032686376095683 ] ] } },
{ "type": "Feature", "properties": { "type": "edge", "id": null, "source": 25.0, "target": 145.0 }, "geometry": { "type": "LineString", "coordinates": [ [ -77.023256060251668, 39.036477266122326 ], [ -77.028580716751904, 39.02572158334457 ] ] } },
{ "type": "Feature", "properties": { "type": "edge", "id": null, "source": 25.0, "target": 119.0 }, "geometry": { "type": "LineString", "coordinates": [ [ -77.023256060251668, 39.036477266122326 ], [ -77.044373858012051, 39.041997443077157 ] ] } },
{ "type": "Feature", "properties": { "type": "edge", "id": null, "source": 25.0, "target": 181.0 }, "geometry": { "type": "LineString", "coordinates": [ [ -77.023256060251668, 39.036477266122326 ], [ -77.013350895341461, 39.02179477919276 ] ] } },
{ "type": "Feature", "properties": { "type": "edge", "id": null, "source": 26.0, "target": 98.0 }, "geometry": { "type": "LineString", "coordinates": [ [ -76.998700570849351, 39.087103773085516 ], [ -77.011057688467972, 39.077287218079654 ] ] } },
{ "type": "Feature", "properties": { "type": "edge", "id": null, "source": 26.0, "target": 110.0 }, "geometry": { "type": "LineString", "coordinates": [ [ -76.998700570849351, 39.087103773085516 ], [ -76.98679264833153, 39.107951794210301 ] ] } },
{ "type": "Feature", "properties": { "type": "edge", "id": null, "source": 26.0, "target": 172.0 }, "geometry": { "type": "LineString", "coordinates": [ [ -76.998700570849351, 39.087103773085516 ], [ -76.95690068432215, 39.081142106970148 ] ] } },
{ "type": "Feature", "properties": { "type": "edge", "id": null, "source": 26.0, "target": 114.0 }, "geometry": { "type": "LineString", "coordinates": [ [ -76.998700570849351, 39.087103773085516 ], [ -76.994356300006885, 39.071040632785589 ] ] } },
{ "type": "Feature", "properties": { "type": "edge", "id": null, "source": 27.0, "target": 109.0 }, "geometry": { "type": "LineString", "coordinates": [ [ -77.209975879330656, 39.27341762326445 ], [ -77.196147152031855, 39.240376261769889 ] ] } },
{ "type": "Feature", "properties": { "type": "edge", "id": null, "source": 117.0, "target": 193.0 }, "geometry": { "type": "LineString", "coordinates": [ [ -77.093302525106878, 39.053932507764316 ], [ -77.114085015043216, 39.049335700335448 ] ] } },
{ "type": "Feature", "properties": { "type": "edge", "id": null, "source": 117.0, "target": 184.0 }, "geometry": { "type": "LineString", "coordinates": [ [ -77.093302525106878, 39.053932507764316 ], [ -77.075139009807174, 39.038918493971565 ] ] } },
{ "type": "Feature", "properties": { "type": "edge", "id": null, "source": 117.0, "target": 189.0 }, "geometry": { "type": "LineString", "coordinates": [ [ -77.093302525106878, 39.053932507764316 ], [ -77.076114465603666, 39.052167949693015 ] ] } },
{ "type": "Feature", "properties": { "type": "edge", "id": null, "source": 117.0, "target": 191.0 }, "geometry": { "type": "LineString", "coordinates": [ [ -77.093302525106878, 39.053932507764316 ], [ -77.077933437215066, 39.057242931772706 ] ] } },
{ "type": "Feature", "properties": { "type": "edge", "id": null, "source": 118.0, "target": 209.0 }, "geometry": { "type": "LineString", "coordinates": [ [ -77.12276497302679, 39.061382744401747 ], [ -77.139181638761031, 39.033005430309508 ] ] } },
{ "type": "Feature", "properties": { "type": "edge", "id": null, "source": 118.0, "target": 162.0 }, "geometry": { "type": "LineString", "coordinates": [ [ -77.12276497302679, 39.061382744401747 ], [ -77.112562137356207, 39.085581053921395 ] ] } },
{ "type": "Feature", "properties": { "type": "edge", "id": null, "source": 118.0, "target": 193.0 }, "geometry": { "type": "LineString", "coordinates": [ [ -77.12276497302679, 39.061382744401747 ], [ -77.114085015043216, 39.049335700335448 ] ] } },
{ "type": "Feature", "properties": { "type": "edge", "id": null, "source": 36.0, "target": 235.0 }, "geometry": { "type": "LineString", "coordinates": [ [ -76.931888256142855, 38.940110964404951 ], [ -76.936279884873159, 38.937706902533726 ] ] } },
{ "type": "Feature", "properties": { "type": "edge", "id": null, "source": 36.0, "target": 265.0 }, "geometry": { "type": "LineString", "coordinates": [ [ -76.931888256142855, 38.940110964404951 ], [ -76.921524430991241, 38.938338416151531 ] ] } },
{ "type": "Feature", "properties": { "type": "edge", "id": null, "source": 36.0, "target": 78.0 }, "geometry": { "type": "LineString", "coordinates": [ [ -76.931888256142855, 38.940110964404951 ], [ -76.923182033070603, 38.946408808341964 ] ] } },
{ "type": "Feature", "properties": { "type": "edge", "id": null, "source": 35.0, "target": 319.0 }, "geometry": { "type": "LineString", "coordinates": [ [ -76.734182046659456, 38.976179605454945 ], [ -76.751026028739474, 38.971549268897796 ] ] } },
{ "type": "Feature", "properties": { "type": "edge", "id": null, "source": 35.0, "target": 74.0 }, "geometry": { "type": "LineString", "coordinates": [ [ -76.734182046659456, 38.976179605454945 ], [ -76.739106718961949, 38.955152054033263 ] ] } },
{ "type": "Feature", "properties": { "type": "edge", "id": null, "source": 257.0, "target": 94.0 }, "geometry": { "type": "LineString", "coordinates": [ [ -76.900211890914591, 38.849296557610124 ], [ -76.898668921382367, 38.855433970007311 ] ] } },
{ "type": "Feature", "properties": { "type": "edge", "id": null, "source": 257.0, "target": 140.0 }, "geometry": { "type": "LineString", "coordinates": [ [ -76.900211890914591, 38.849296557610124 ], [ -76.908620036723732, 38.83100701519686 ] ] } },
{ "type": "Feature", "properties": { "type": "edge", "id": null, "source": 28.0, "target": 239.0 }, "geometry": { "type": "LineString", "coordinates": [ [ -76.953010995647361, 38.942754165488424 ], [ -76.961565335618388, 38.948038843272066 ] ] } },
{ "type": "Feature", "properties": { "type": "edge", "id": null, "source": 30.0, "target": 130.0 }, "geometry": { "type": "LineString", "coordinates": [ [ -76.821243581891579, 38.987392926868708 ], [ -76.841216004814839, 38.973975904119435 ] ] } },
{ "type": "Feature", "properties": { "type": "edge", "id": null, "source": 30.0, "target": 89.0 }, "geometry": { "type": "LineString", "coordinates": [ [ -76.821243581891579, 38.987392926868708 ], [ -76.860042844318386, 38.990514016491808 ] ] } },
{ "type": "Feature", "properties": { "type": "edge", "id": null, "source": 30.0, "target": 93.0 }, "geometry": { "type": "LineString", "coordinates": [ [ -76.821243581891579, 38.987392926868708 ], [ -76.855443511848208, 39.078421434301909 ] ] } },
{ "type": "Feature", "properties": { "type": "edge", "id": null, "source": 32.0, "target": 413.0 }, "geometry": { "type": "LineString", "coordinates": [ [ -76.736285571197783, 38.909869877161896 ], [ -76.784022429950269, 38.890032100869973 ] ] } },
{ "type": "Feature", "properties": { "type": "edge", "id": null, "source": 60.0, "target": 251.0 }, "geometry": { "type": "LineString", "coordinates": [ [ -76.90394419569003, 38.99316693816958 ], [ -76.907070479475991, 39.001826376208015 ] ] } },
{ "type": "Feature", "properties": { "type": "edge", "id": null, "source": 72.0, "target": 84.0 }, "geometry": { "type": "LineString", "coordinates": [ [ -76.931391021990564, 38.800998580765743 ], [ -76.917117392874104, 38.797365000319523 ] ] } },
{ "type": "Feature", "properties": { "type": "edge", "id": null, "source": 72.0, "target": 279.0 }, "geometry": { "type": "LineString", "coordinates": [ [ -76.931391021990564, 38.800998580765743 ], [ -76.95140484298561, 38.772102531379076 ] ] } },
{ "type": "Feature", "properties": { "type": "edge", "id": null, "source": 72.0, "target": 276.0 }, "geometry": { "type": "LineString", "coordinates": [ [ -76.931391021990564, 38.800998580765743 ], [ -76.949967631554941, 38.815000663847854 ] ] } },
{ "type": "Feature", "properties": { "type": "edge", "id": null, "source": 72.0, "target": 158.0 }, "geometry": { "type": "LineString", "coordinates": [ [ -76.931391021990564, 38.800998580765743 ], [ -76.928958700204547, 38.841960736890734 ] ] } },
{ "type": "Feature", "properties": { "type": "edge", "id": null, "source": 72.0, "target": 140.0 }, "geometry": { "type": "LineString", "coordinates": [ [ -76.931391021990564, 38.800998580765743 ], [ -76.908620036723732, 38.83100701519686 ] ] } },
{ "type": "Feature", "properties": { "type": "edge", "id": null, "source": 72.0, "target": 252.0 }, "geometry": { "type": "LineString", "coordinates": [ [ -76.931391021990564, 38.800998580765743 ], [ -76.958941165670367, 38.80715899400041 ] ] } },
{ "type": "Feature", "properties": { "type": "edge", "id": null, "source": 141.0, "target": 406.0 }, "geometry": { "type": "LineString", "coordinates": [ [ -77.019932897836298, 38.764283554867603 ], [ -76.986025976676999, 38.737659467171191 ] ] } },
{ "type": "Feature", "properties": { "type": "edge", "id": null, "source": 141.0, "target": 441.0 }, "geometry": { "type": "LineString", "coordinates": [ [ -77.019932897836298, 38.764283554867603 ], [ -77.066902173831878, 38.742992571570184 ] ] } },
{ "type": "Feature", "properties": { "type": "edge", "id": null, "source": 141.0, "target": 338.0 }, "geometry": { "type": "LineString", "coordinates": [ [ -77.019932897836298, 38.764283554867603 ], [ -77.087192534222382, 38.795214704709409 ] ] } },
{ "type": "Feature", "properties": { "type": "edge", "id": null, "source": 141.0, "target": 303.0 }, "geometry": { "type": "LineString", "coordinates": [ [ -77.019932897836298, 38.764283554867603 ], [ -77.065396993213653, 38.768125739943599 ] ] } },
{ "type": "Feature", "properties": { "type": "edge", "id": null, "source": 141.0, "target": 229.0 }, "geometry": { "type": "LineString", "coordinates": [ [ -77.019932897836298, 38.764283554867603 ], [ -77.000263454266872, 38.785476930131331 ] ] } },
{ "type": "Feature", "properties": { "type": "edge", "id": null, "source": 141.0, "target": 268.0 }, "geometry": { "type": "LineString", "coordinates": [ [ -77.019932897836298, 38.764283554867603 ], [ -76.978629744696178, 38.757808126984976 ] ] } },
{ "type": "Feature", "properties": { "type": "edge", "id": null, "source": 285.0, "target": 286.0 }, "geometry": { "type": "LineString", "coordinates": [ [ -77.027941029265108, 38.723440840038322 ], [ -77.082557255971849, 38.709223098455169 ] ] } },
{ "type": "Feature", "properties": { "type": "edge", "id": null, "source": 285.0, "target": 302.0 }, "geometry": { "type": "LineString", "coordinates": [ [ -77.027941029265108, 38.723440840038322 ], [ -77.060464683689219, 38.721548714796413 ] ] } },
{ "type": "Feature", "properties": { "type": "edge", "id": null, "source": 285.0, "target": 441.0 }, "geometry": { "type": "LineString", "coordinates": [ [ -77.027941029265108, 38.723440840038322 ], [ -77.066902173831878, 38.742992571570184 ] ] } },
{ "type": "Feature", "properties": { "type": "edge", "id": null, "source": 285.0, "target": 231.0 }, "geometry": { "type": "LineString", "coordinates": [ [ -77.027941029265108, 38.723440840038322 ], [ -76.988418331522482, 38.719397611414877 ] ] } },
{ "type": "Feature", "properties": { "type": "edge", "id": null, "source": 285.0, "target": 406.0 }, "geometry": { "type": "LineString", "coordinates": [ [ -77.027941029265108, 38.723440840038322 ], [ -76.986025976676999, 38.737659467171191 ] ] } },
{ "type": "Feature", "properties": { "type": "edge", "id": null, "source": 74.0, "target": 319.0 }, "geometry": { "type": "LineString", "coordinates": [ [ -76.739106718961949, 38.955152054033263 ], [ -76.751026028739474, 38.971549268897796 ] ] } },
{ "type": "Feature", "properties": { "type": "edge", "id": null, "source": 58.0, "target": 130.0 }, "geometry": { "type": "LineString", "coordinates": [ [ -76.860630411243307, 38.968693557241771 ], [ -76.841216004814839, 38.973975904119435 ] ] } },
{ "type": "Feature", "properties": { "type": "edge", "id": null, "source": 58.0, "target": 89.0 }, "geometry": { "type": "LineString", "coordinates": [ [ -76.860630411243307, 38.968693557241771 ], [ -76.860042844318386, 38.990514016491808 ] ] } },
{ "type": "Feature", "properties": { "type": "edge", "id": null, "source": 58.0, "target": 230.0 }, "geometry": { "type": "LineString", "coordinates": [ [ -76.860630411243307, 38.968693557241771 ], [ -76.857279966361077, 38.950748054206649 ] ] } },
{ "type": "Feature", "properties": { "type": "edge", "id": null, "source": 39.0, "target": 82.0 }, "geometry": { "type": "LineString", "coordinates": [ [ -76.876198527990354, 38.89469225447354 ], [ -76.89949256882349, 38.904344970659906 ] ] } },
{ "type": "Feature", "properties": { "type": "edge", "id": null, "source": 39.0, "target": 95.0 }, "geometry": { "type": "LineString", "coordinates": [ [ -76.876198527990354, 38.89469225447354 ], [ -76.896635623328649, 38.886719927233941 ] ] } },
{ "type": "Feature", "properties": { "type": "edge", "id": null, "source": 39.0, "target": 90.0 }, "geometry": { "type": "LineString", "coordinates": [ [ -76.876198527990354, 38.89469225447354 ], [ -76.900025744988639, 38.873014027927098 ] ] } },
{ "type": "Feature", "properties": { "type": "edge", "id": null, "source": 228.0, "target": 55.0 }, "geometry": { "type": "LineString", "coordinates": [ [ -76.911935126427409, 38.885104284972222 ], [ -76.904207923601618, 38.888170425003594 ] ] } },
{ "type": "Feature", "properties": { "type": "edge", "id": null, "source": 37.0, "target": 133.0 }, "geometry": { "type": "LineString", "coordinates": [ [ -76.907376626850279, 38.919511976872002 ], [ -76.902076315880706, 38.937638612403958 ] ] } },
{ "type": "Feature", "properties": { "type": "edge", "id": null, "source": 37.0, "target": 82.0 }, "geometry": { "type": "LineString", "coordinates": [ [ -76.907376626850279, 38.919511976872002 ], [ -76.89949256882349, 38.904344970659906 ] ] } },
{ "type": "Feature", "properties": { "type": "edge", "id": null, "source": 37.0, "target": 59.0 }, "geometry": { "type": "LineString", "coordinates": [ [ -76.907376626850279, 38.919511976872002 ], [ -76.922444068318072, 38.929284882929167 ] ] } },
{ "type": "Feature", "properties": { "type": "edge", "id": null, "source": 37.0, "target": 255.0 }, "geometry": { "type": "LineString", "coordinates": [ [ -76.907376626850279, 38.919511976872002 ], [ -76.914455023690579, 38.917857232161758 ] ] } },
{ "type": "Feature", "properties": { "type": "edge", "id": null, "source": 37.0, "target": 253.0 }, "geometry": { "type": "LineString", "coordinates": [ [ -76.907376626850279, 38.919511976872002 ], [ -76.913111659226686, 38.931328631961669 ] ] } },
{ "type": "Feature", "properties": { "type": "edge", "id": null, "source": 158.0, "target": 140.0 }, "geometry": { "type": "LineString", "coordinates": [ [ -76.928958700204547, 38.841960736890734 ], [ -76.908620036723732, 38.83100701519686 ] ] } },
{ "type": "Feature", "properties": { "type": "edge", "id": null, "source": 158.0, "target": 274.0 }, "geometry": { "type": "LineString", "coordinates": [ [ -76.928958700204547, 38.841960736890734 ], [ -76.92716791355781, 38.850494649937765 ] ] } },
{ "type": "Feature", "properties": { "type": "edge", "id": null, "source": 93.0, "target": 96.0 }, "geometry": { "type": "LineString", "coordinates": [ [ -76.855443511848208, 39.078421434301909 ], [ -76.876297277581585, 39.097525405182239 ] ] } },
{ "type": "Feature", "properties": { "type": "edge", "id": null, "source": 93.0, "target": 102.0 }, "geometry": { "type": "LineString", "coordinates": [ [ -76.855443511848208, 39.078421434301909 ], [ -76.93048948212666, 39.090196583997837 ] ] } },
{ "type": "Feature", "properties": { "type": "edge", "id": null, "source": 259.0, "target": 133.0 }, "geometry": { "type": "LineString", "coordinates": [ [ -76.880253933648987, 38.931204665002959 ], [ -76.902076315880706, 38.937638612403958 ] ] } },
{ "type": "Feature", "properties": { "type": "edge", "id": null, "source": 259.0, "target": 56.0 }, "geometry": { "type": "LineString", "coordinates": [ [ -76.880253933648987, 38.931204665002959 ], [ -76.868773157322948, 38.941713236544558 ] ] } },
{ "type": "Feature", "properties": { "type": "edge", "id": null, "source": 406.0, "target": 231.0 }, "geometry": { "type": "LineString", "coordinates": [ [ -76.986025976676999, 38.737659467171191 ], [ -76.988418331522482, 38.719397611414877 ] ] } },
{ "type": "Feature", "properties": { "type": "edge", "id": null, "source": 406.0, "target": 268.0 }, "geometry": { "type": "LineString", "coordinates": [ [ -76.986025976676999, 38.737659467171191 ], [ -76.978629744696178, 38.757808126984976 ] ] } },
{ "type": "Feature", "properties": { "type": "edge", "id": null, "source": 383.0, "target": 138.0 }, "geometry": { "type": "LineString", "coordinates": [ [ -76.983426296730087, 38.819945501668528 ], [ -76.974080987532432, 38.834678291105945 ] ] } },
{ "type": "Feature", "properties": { "type": "edge", "id": null, "source": 383.0, "target": 252.0 }, "geometry": { "type": "LineString", "coordinates": [ [ -76.983426296730087, 38.819945501668528 ], [ -76.958941165670367, 38.80715899400041 ] ] } },
{ "type": "Feature", "properties": { "type": "edge", "id": null, "source": 383.0, "target": 91.0 }, "geometry": { "type": "LineString", "coordinates": [ [ -76.983426296730087, 38.819945501668528 ], [ -76.96477428233014, 38.81675311185186 ] ] } },
{ "type": "Feature", "properties": { "type": "edge", "id": null, "source": 78.0, "target": 133.0 }, "geometry": { "type": "LineString", "coordinates": [ [ -76.923182033070603, 38.946408808341964 ], [ -76.902076315880706, 38.937638612403958 ] ] } },
{ "type": "Feature", "properties": { "type": "edge", "id": null, "source": 78.0, "target": 265.0 }, "geometry": { "type": "LineString", "coordinates": [ [ -76.923182033070603, 38.946408808341964 ], [ -76.921524430991241, 38.938338416151531 ] ] } },
{ "type": "Feature", "properties": { "type": "edge", "id": null, "source": 75.0, "target": 279.0 }, "geometry": { "type": "LineString", "coordinates": [ [ -76.896071017352398, 38.765784833529501 ], [ -76.95140484298561, 38.772102531379076 ] ] } },
{ "type": "Feature", "properties": { "type": "edge", "id": null, "source": 75.0, "target": 84.0 }, "geometry": { "type": "LineString", "coordinates": [ [ -76.896071017352398, 38.765784833529501 ], [ -76.917117392874104, 38.797365000319523 ] ] } },
{ "type": "Feature", "properties": { "type": "edge", "id": null, "source": 209.0, "target": 168.0 }, "geometry": { "type": "LineString", "coordinates": [ [ -77.139181638761031, 39.033005430309508 ], [ -77.17420280455417, 39.024645185787946 ] ] } },
{ "type": "Feature", "properties": { "type": "edge", "id": null, "source": 209.0, "target": 193.0 }, "geometry": { "type": "LineString", "coordinates": [ [ -77.139181638761031, 39.033005430309508 ], [ -77.114085015043216, 39.049335700335448 ] ] } },
{ "type": "Feature", "properties": { "type": "edge", "id": null, "source": 209.0, "target": 192.0 }, "geometry": { "type": "LineString", "coordinates": [ [ -77.139181638761031, 39.033005430309508 ], [ -77.132449746819219, 39.024284111392966 ] ] } },
{ "type": "Feature", "properties": { "type": "edge", "id": null, "source": 162.0, "target": 121.0 }, "geometry": { "type": "LineString", "coordinates": [ [ -77.112562137356207, 39.085581053921395 ], [ -77.074430948554408, 39.077792883654737 ] ] } },
{ "type": "Feature", "properties": { "type": "edge", "id": null, "source": 162.0, "target": 191.0 }, "geometry": { "type": "LineString", "coordinates": [ [ -77.112562137356207, 39.085581053921395 ], [ -77.077933437215066, 39.057242931772706 ] ] } },
{ "type": "Feature", "properties": { "type": "edge", "id": null, "source": 162.0, "target": 199.0 }, "geometry": { "type": "LineString", "coordinates": [ [ -77.112562137356207, 39.085581053921395 ], [ -77.077764065994188, 39.128021505811525 ] ] } },
{ "type": "Feature", "properties": { "type": "edge", "id": null, "source": 162.0, "target": 412.0 }, "geometry": { "type": "LineString", "coordinates": [ [ -77.112562137356207, 39.085581053921395 ], [ -77.04776837167492, 39.129025224723975 ] ] } },
{ "type": "Feature", "properties": { "type": "edge", "id": null, "source": 162.0, "target": 193.0 }, "geometry": { "type": "LineString", "coordinates": [ [ -77.112562137356207, 39.085581053921395 ], [ -77.114085015043216, 39.049335700335448 ] ] } },
{ "type": "Feature", "properties": { "type": "edge", "id": null, "source": 146.0, "target": 62.0 }, "geometry": { "type": "LineString", "coordinates": [ [ -77.192601155346026, 39.141606020715983 ], [ -77.196320759424509, 39.16171568980014 ] ] } },
{ "type": "Feature", "properties": { "type": "edge", "id": null, "source": 191.0, "target": 112.0 }, "geometry": { "type": "LineString", "coordinates": [ [ -77.077933437215066, 39.057242931772706 ], [ -77.071916933777771, 39.062513310167098 ] ] } },
{ "type": "Feature", "properties": { "type": "edge", "id": null, "source": 191.0, "target": 189.0 }, "geometry": { "type": "LineString", "coordinates": [ [ -77.077933437215066, 39.057242931772706 ], [ -77.076114465603666, 39.052167949693015 ] ] } },
{ "type": "Feature", "properties": { "type": "edge", "id": null, "source": 51.0, "target": 124.0 }, "geometry": { "type": "LineString", "coordinates": [ [ -77.073061987406376, 39.025782033667284 ], [ -77.056506111010634, 39.035528028165189 ] ] } },
{ "type": "Feature", "properties": { "type": "edge", "id": null, "source": 51.0, "target": 52.0 }, "geometry": { "type": "LineString", "coordinates": [ [ -77.073061987406376, 39.025782033667284 ], [ -77.044429289426816, 39.007363105433491 ] ] } },
{ "type": "Feature", "properties": { "type": "edge", "id": null, "source": 51.0, "target": 127.0 }, "geometry": { "type": "LineString", "coordinates": [ [ -77.073061987406376, 39.025782033667284 ], [ -77.073356698231564, 39.017126639027289 ] ] } },
{ "type": "Feature", "properties": { "type": "edge", "id": null, "source": 51.0, "target": 184.0 }, "geometry": { "type": "LineString", "coordinates": [ [ -77.073061987406376, 39.025782033667284 ], [ -77.075139009807174, 39.038918493971565 ] ] } },
{ "type": "Feature", "properties": { "type": "edge", "id": null, "source": 52.0, "target": 127.0 }, "geometry": { "type": "LineString", "coordinates": [ [ -77.044429289426816, 39.007363105433491 ], [ -77.073356698231564, 39.017126639027289 ] ] } },
{ "type": "Feature", "properties": { "type": "edge", "id": null, "source": 52.0, "target": 175.0 }, "geometry": { "type": "LineString", "coordinates": [ [ -77.044429289426816, 39.007363105433491 ], [ -77.020080976160344, 39.009272672657701 ] ] } },
{ "type": "Feature", "properties": { "type": "edge", "id": null, "source": 52.0, "target": 145.0 }, "geometry": { "type": "LineString", "coordinates": [ [ -77.044429289426816, 39.007363105433491 ], [ -77.028580716751904, 39.02572158334457 ] ] } },
{ "type": "Feature", "properties": { "type": "edge", "id": null, "source": 262.0, "target": 251.0 }, "geometry": { "type": "LineString", "coordinates": [ [ -76.907661048338724, 39.010987557501011 ], [ -76.907070479475991, 39.001826376208015 ] ] } },
{ "type": "Feature", "properties": { "type": "edge", "id": null, "source": 262.0, "target": 64.0 }, "geometry": { "type": "LineString", "coordinates": [ [ -76.907661048338724, 39.010987557501011 ], [ -76.911992143494786, 39.03355063756203 ] ] } },
{ "type": "Feature", "properties": { "type": "edge", "id": null, "source": 96.0, "target": 217.0 }, "geometry": { "type": "LineString", "coordinates": [ [ -76.876297277581585, 39.097525405182239 ], [ -76.934680592334828, 39.107799560511431 ] ] } },
{ "type": "Feature", "properties": { "type": "edge", "id": null, "source": 96.0, "target": 102.0 }, "geometry": { "type": "LineString", "coordinates": [ [ -76.876297277581585, 39.097525405182239 ], [ -76.93048948212666, 39.090196583997837 ] ] } },
{ "type": "Feature", "properties": { "type": "edge", "id": null, "source": 55.0, "target": 90.0 }, "geometry": { "type": "LineString", "coordinates": [ [ -76.904207923601618, 38.888170425003594 ], [ -76.900025744988639, 38.873014027927098 ] ] } },
{ "type": "Feature", "properties": { "type": "edge", "id": null, "source": 55.0, "target": 95.0 }, "geometry": { "type": "LineString", "coordinates": [ [ -76.904207923601618, 38.888170425003594 ], [ -76.896635623328649, 38.886719927233941 ] ] } },
{ "type": "Feature", "properties": { "type": "edge", "id": null, "source": 95.0, "target": 90.0 }, "geometry": { "type": "LineString", "coordinates": [ [ -76.896635623328649, 38.886719927233941 ], [ -76.900025744988639, 38.873014027927098 ] ] } },
{ "type": "Feature", "properties": { "type": "edge", "id": null, "source": 56.0, "target": 230.0 }, "geometry": { "type": "LineString", "coordinates": [ [ -76.868773157322948, 38.941713236544558 ], [ -76.857279966361077, 38.950748054206649 ] ] } },
{ "type": "Feature", "properties": { "type": "edge", "id": null, "source": 56.0, "target": 267.0 }, "geometry": { "type": "LineString", "coordinates": [ [ -76.868773157322948, 38.941713236544558 ], [ -76.87061618401593, 38.948491476260038 ] ] } },
{ "type": "Feature", "properties": { "type": "edge", "id": null, "source": 59.0, "target": 255.0 }, "geometry": { "type": "LineString", "coordinates": [ [ -76.922444068318072, 38.929284882929167 ], [ -76.914455023690579, 38.917857232161758 ] ] } },
{ "type": "Feature", "properties": { "type": "edge", "id": null, "source": 59.0, "target": 265.0 }, "geometry": { "type": "LineString", "coordinates": [ [ -76.922444068318072, 38.929284882929167 ], [ -76.921524430991241, 38.938338416151531 ] ] } },
{ "type": "Feature", "properties": { "type": "edge", "id": null, "source": 59.0, "target": 235.0 }, "geometry": { "type": "LineString", "coordinates": [ [ -76.922444068318072, 38.929284882929167 ], [ -76.936279884873159, 38.937706902533726 ] ] } },
{ "type": "Feature", "properties": { "type": "edge", "id": null, "source": 59.0, "target": 253.0 }, "geometry": { "type": "LineString", "coordinates": [ [ -76.922444068318072, 38.929284882929167 ], [ -76.913111659226686, 38.931328631961669 ] ] } },
{ "type": "Feature", "properties": { "type": "edge", "id": null, "source": 224.0, "target": 241.0 }, "geometry": { "type": "LineString", "coordinates": [ [ -76.942034728395129, 38.963675851392374 ], [ -76.930512909460305, 38.970609539356914 ] ] } },
{ "type": "Feature", "properties": { "type": "edge", "id": null, "source": 224.0, "target": 244.0 }, "geometry": { "type": "LineString", "coordinates": [ [ -76.942034728395129, 38.963675851392374 ], [ -76.940342089768706, 38.955658193116918 ] ] } },
{ "type": "Feature", "properties": { "type": "edge", "id": null, "source": 224.0, "target": 126.0 }, "geometry": { "type": "LineString", "coordinates": [ [ -76.942034728395129, 38.963675851392374 ], [ -76.959480529538382, 38.963137255925133 ] ] } },
{ "type": "Feature", "properties": { "type": "edge", "id": null, "source": 192.0, "target": 143.0 }, "geometry": { "type": "LineString", "coordinates": [ [ -77.132449746819219, 39.024284111392966 ], [ -77.128754313317657, 39.013945510055507 ] ] } },
{ "type": "Feature", "properties": { "type": "edge", "id": null, "source": 62.0, "target": 161.0 }, "geometry": { "type": "LineString", "coordinates": [ [ -77.196320759424509, 39.16171568980014 ], [ -77.181026226659313, 39.181626491311036 ] ] } },
{ "type": "Feature", "properties": { "type": "edge", "id": null, "source": 217.0, "target": 102.0 }, "geometry": { "type": "LineString", "coordinates": [ [ -76.934680592334828, 39.107799560511431 ], [ -76.93048948212666, 39.090196583997837 ] ] } },
{ "type": "Feature", "properties": { "type": "edge", "id": null, "source": 63.0, "target": 206.0 }, "geometry": { "type": "LineString", "coordinates": [ [ -76.993681870784187, 39.051126138819953 ], [ -76.986167071344028, 39.041413013173162 ] ] } },
{ "type": "Feature", "properties": { "type": "edge", "id": null, "source": 63.0, "target": 101.0 }, "geometry": { "type": "LineString", "coordinates": [ [ -76.993681870784187, 39.051126138819953 ], [ -76.991993278976466, 39.032686376095683 ] ] } },
{ "type": "Feature", "properties": { "type": "edge", "id": null, "source": 63.0, "target": 215.0 }, "geometry": { "type": "LineString", "coordinates": [ [ -76.993681870784187, 39.051126138819953 ], [ -77.01513534030137, 39.06391331585089 ] ] } },
{ "type": "Feature", "properties": { "type": "edge", "id": null, "source": 119.0, "target": 124.0 }, "geometry": { "type": "LineString", "coordinates": [ [ -77.044373858012051, 39.041997443077157 ], [ -77.056506111010634, 39.035528028165189 ] ] } },
{ "type": "Feature", "properties": { "type": "edge", "id": null, "source": 119.0, "target": 145.0 }, "geometry": { "type": "LineString", "coordinates": [ [ -77.044373858012051, 39.041997443077157 ], [ -77.028580716751904, 39.02572158334457 ] ] } },
{ "type": "Feature", "properties": { "type": "edge", "id": null, "source": 119.0, "target": 196.0 }, "geometry": { "type": "LineString", "coordinates": [ [ -77.044373858012051, 39.041997443077157 ], [ -77.051109624708658, 39.052135703606979 ] ] } },
{ "type": "Feature", "properties": { "type": "edge", "id": null, "source": 64.0, "target": 263.0 }, "geometry": { "type": "LineString", "coordinates": [ [ -76.911992143494786, 39.03355063756203 ], [ -76.930528716286858, 39.0200073763083 ] ] } },
{ "type": "Feature", "properties": { "type": "edge", "id": null, "source": 68.0, "target": 138.0 }, "geometry": { "type": "LineString", "coordinates": [ [ -76.956348763809174, 38.835854671882551 ], [ -76.974080987532432, 38.834678291105945 ] ] } },
{ "type": "Feature", "properties": { "type": "edge", "id": null, "source": 68.0, "target": 278.0 }, "geometry": { "type": "LineString", "coordinates": [ [ -76.956348763809174, 38.835854671882551 ], [ -76.949276255202861, 38.82491968534594 ] ] } },
{ "type": "Feature", "properties": { "type": "edge", "id": null, "source": 286.0, "target": 71.0 }, "geometry": { "type": "LineString", "coordinates": [ [ -77.082557255971849, 38.709223098455169 ], [ -76.97391813312953, 38.706875558179341 ] ] } },
{ "type": "Feature", "properties": { "type": "edge", "id": null, "source": 286.0, "target": 302.0 }, "geometry": { "type": "LineString", "coordinates": [ [ -77.082557255971849, 38.709223098455169 ], [ -77.060464683689219, 38.721548714796413 ] ] } },
{ "type": "Feature", "properties": { "type": "edge", "id": null, "source": 286.0, "target": 453.0 }, "geometry": { "type": "LineString", "coordinates": [ [ -77.082557255971849, 38.709223098455169 ], [ -77.176987889913107, 38.737380581229608 ] ] } },
{ "type": "Feature", "properties": { "type": "edge", "id": null, "source": 286.0, "target": 445.0 }, "geometry": { "type": "LineString", "coordinates": [ [ -77.082557255971849, 38.709223098455169 ], [ -77.099651164790629, 38.737193090981023 ] ] } },
{ "type": "Feature", "properties": { "type": "edge", "id": null, "source": 286.0, "target": 443.0 }, "geometry": { "type": "LineString", "coordinates": [ [ -77.082557255971849, 38.709223098455169 ], [ -77.108584504025401, 38.719490477128922 ] ] } },
{ "type": "Feature", "properties": { "type": "edge", "id": null, "source": 171.0, "target": 168.0 }, "geometry": { "type": "LineString", "coordinates": [ [ -77.148293572381192, 38.9957561395669 ], [ -77.17420280455417, 39.024645185787946 ] ] } },
{ "type": "Feature", "properties": { "type": "edge", "id": null, "source": 171.0, "target": 113.0 }, "geometry": { "type": "LineString", "coordinates": [ [ -77.148293572381192, 38.9957561395669 ], [ -77.116267347672974, 38.993678006728373 ] ] } },
{ "type": "Feature", "properties": { "type": "edge", "id": null, "source": 171.0, "target": 166.0 }, "geometry": { "type": "LineString", "coordinates": [ [ -77.148293572381192, 38.9957561395669 ], [ -77.111358628075365, 39.0068588100753 ] ] } },
{ "type": "Feature", "properties": { "type": "edge", "id": null, "source": 171.0, "target": 143.0 }, "geometry": { "type": "LineString", "coordinates": [ [ -77.148293572381192, 38.9957561395669 ], [ -77.128754313317657, 39.013945510055507 ] ] } },
{ "type": "Feature", "properties": { "type": "edge", "id": null, "source": 171.0, "target": 142.0 }, "geometry": { "type": "LineString", "coordinates": [ [ -77.148293572381192, 38.9957561395669 ], [ -77.126819081481273, 38.976697549601752 ] ] } },
{ "type": "Feature", "properties": { "type": "edge", "id": null, "source": 171.0, "target": 208.0 }, "geometry": { "type": "LineString", "coordinates": [ [ -77.148293572381192, 38.9957561395669 ], [ -77.185439868930899, 39.000834623966995 ] ] } },
{ "type": "Feature", "properties": { "type": "edge", "id": null, "source": 319.0, "target": 324.0 }, "geometry": { "type": "LineString", "coordinates": [ [ -76.751026028739474, 38.971549268897796 ], [ -76.753365165192108, 38.981960415924931 ] ] } },
{ "type": "Feature", "properties": { "type": "edge", "id": null, "source": 71.0, "target": 231.0 }, "geometry": { "type": "LineString", "coordinates": [ [ -76.97391813312953, 38.706875558179341 ], [ -76.988418331522482, 38.719397611414877 ] ] } },
{ "type": "Feature", "properties": { "type": "edge", "id": null, "source": 229.0, "target": 448.0 }, "geometry": { "type": "LineString", "coordinates": [ [ -77.000263454266872, 38.785476930131331 ], [ -77.041014726542727, 38.804375408958549 ] ] } },
{ "type": "Feature", "properties": { "type": "edge", "id": null, "source": 229.0, "target": 268.0 }, "geometry": { "type": "LineString", "coordinates": [ [ -77.000263454266872, 38.785476930131331 ], [ -76.978629744696178, 38.757808126984976 ] ] } },
{ "type": "Feature", "properties": { "type": "edge", "id": null, "source": 130.0, "target": 89.0 }, "geometry": { "type": "LineString", "coordinates": [ [ -76.841216004814839, 38.973975904119435 ], [ -76.860042844318386, 38.990514016491808 ] ] } },
{ "type": "Feature", "properties": { "type": "edge", "id": null, "source": 252.0, "target": 276.0 }, "geometry": { "type": "LineString", "coordinates": [ [ -76.958941165670367, 38.80715899400041 ], [ -76.949967631554941, 38.815000663847854 ] ] } },
{ "type": "Feature", "properties": { "type": "edge", "id": null, "source": 252.0, "target": 91.0 }, "geometry": { "type": "LineString", "coordinates": [ [ -76.958941165670367, 38.80715899400041 ], [ -76.96477428233014, 38.81675311185186 ] ] } },
{ "type": "Feature", "properties": { "type": "edge", "id": null, "source": 84.0, "target": 279.0 }, "geometry": { "type": "LineString", "coordinates": [ [ -76.917117392874104, 38.797365000319523 ], [ -76.95140484298561, 38.772102531379076 ] ] } },
{ "type": "Feature", "properties": { "type": "edge", "id": null, "source": 268.0, "target": 279.0 }, "geometry": { "type": "LineString", "coordinates": [ [ -76.978629744696178, 38.757808126984976 ], [ -76.95140484298561, 38.772102531379076 ] ] } },
{ "type": "Feature", "properties": { "type": "edge", "id": null, "source": 138.0, "target": 91.0 }, "geometry": { "type": "LineString", "coordinates": [ [ -76.974080987532432, 38.834678291105945 ], [ -76.96477428233014, 38.81675311185186 ] ] } },
{ "type": "Feature", "properties": { "type": "edge", "id": null, "source": 138.0, "target": 273.0 }, "geometry": { "type": "LineString", "coordinates": [ [ -76.974080987532432, 38.834678291105945 ], [ -76.955505083245839, 38.822054094198442 ] ] } },
{ "type": "Feature", "properties": { "type": "edge", "id": null, "source": 133.0, "target": 253.0 }, "geometry": { "type": "LineString", "coordinates": [ [ -76.902076315880706, 38.937638612403958 ], [ -76.913111659226686, 38.931328631961669 ] ] } },
{ "type": "Feature", "properties": { "type": "edge", "id": null, "source": 133.0, "target": 265.0 }, "geometry": { "type": "LineString", "coordinates": [ [ -76.902076315880706, 38.937638612403958 ], [ -76.921524430991241, 38.938338416151531 ] ] } },
{ "type": "Feature", "properties": { "type": "edge", "id": null, "source": 126.0, "target": 129.0 }, "geometry": { "type": "LineString", "coordinates": [ [ -76.959480529538382, 38.963137255925133 ], [ -76.984296669880607, 38.958821393775409 ] ] } },
{ "type": "Feature", "properties": { "type": "edge", "id": null, "source": 126.0, "target": 222.0 }, "geometry": { "type": "LineString", "coordinates": [ [ -76.959480529538382, 38.963137255925133 ], [ -76.97512302556909, 38.974088042639131 ] ] } },
{ "type": "Feature", "properties": { "type": "edge", "id": null, "source": 91.0, "target": 276.0 }, "geometry": { "type": "LineString", "coordinates": [ [ -76.96477428233014, 38.81675311185186 ], [ -76.949967631554941, 38.815000663847854 ] ] } },
{ "type": "Feature", "properties": { "type": "edge", "id": null, "source": 321.0, "target": 263.0 }, "geometry": { "type": "LineString", "coordinates": [ [ -76.953256862972793, 39.031542177516229 ], [ -76.930528716286858, 39.0200073763083 ] ] } },
{ "type": "Feature", "properties": { "type": "edge", "id": null, "source": 110.0, "target": 172.0 }, "geometry": { "type": "LineString", "coordinates": [ [ -76.98679264833153, 39.107951794210301 ], [ -76.95690068432215, 39.081142106970148 ] ] } },
{ "type": "Feature", "properties": { "type": "edge", "id": null, "source": 110.0, "target": 347.0 }, "geometry": { "type": "LineString", "coordinates": [ [ -76.98679264833153, 39.107951794210301 ], [ -76.992630146182663, 39.130942595053135 ] ] } },
{ "type": "Feature", "properties": { "type": "edge", "id": null, "source": 98.0, "target": 215.0 }, "geometry": { "type": "LineString", "coordinates": [ [ -77.011057688467972, 39.077287218079654 ], [ -77.01513534030137, 39.06391331585089 ] ] } },
{ "type": "Feature", "properties": { "type": "edge", "id": null, "source": 98.0, "target": 114.0 }, "geometry": { "type": "LineString", "coordinates": [ [ -77.011057688467972, 39.077287218079654 ], [ -76.994356300006885, 39.071040632785589 ] ] } },
{ "type": "Feature", "properties": { "type": "edge", "id": null, "source": 142.0, "target": 113.0 }, "geometry": { "type": "LineString", "coordinates": [ [ -77.126819081481273, 38.976697549601752 ], [ -77.116267347672974, 38.993678006728373 ] ] } },
{ "type": "Feature", "properties": { "type": "edge", "id": null, "source": 142.0, "target": 201.0 }, "geometry": { "type": "LineString", "coordinates": [ [ -77.126819081481273, 38.976697549601752 ], [ -77.11964209849053, 38.959608251896398 ] ] } },
{ "type": "Feature", "properties": { "type": "edge", "id": null, "source": 142.0, "target": 173.0 }, "geometry": { "type": "LineString", "coordinates": [ [ -77.126819081481273, 38.976697549601752 ], [ -77.132711331515111, 38.939140379908046 ] ] } },
{ "type": "Feature", "properties": { "type": "edge", "id": null, "source": 101.0, "target": 123.0 }, "geometry": { "type": "LineString", "coordinates": [ [ -76.991993278976466, 39.032686376095683 ], [ -77.004662114462775, 39.013089318346246 ] ] } },
{ "type": "Feature", "properties": { "type": "edge", "id": null, "source": 101.0, "target": 122.0 }, "geometry": { "type": "LineString", "coordinates": [ [ -76.991993278976466, 39.032686376095683 ], [ -76.980310844060767, 39.010770233248202 ] ] } },
{ "type": "Feature", "properties": { "type": "edge", "id": null, "source": 101.0, "target": 206.0 }, "geometry": { "type": "LineString", "coordinates": [ [ -76.991993278976466, 39.032686376095683 ], [ -76.986167071344028, 39.041413013173162 ] ] } },
{ "type": "Feature", "properties": { "type": "edge", "id": null, "source": 168.0, "target": 208.0 }, "geometry": { "type": "LineString", "coordinates": [ [ -77.17420280455417, 39.024645185787946 ], [ -77.185439868930899, 39.000834623966995 ] ] } },
{ "type": "Feature", "properties": { "type": "edge", "id": null, "source": 168.0, "target": 165.0 }, "geometry": { "type": "LineString", "coordinates": [ [ -77.17420280455417, 39.024645185787946 ], [ -77.195904053459245, 39.038787090076298 ] ] } },
{ "type": "Feature", "properties": { "type": "edge", "id": null, "source": 184.0, "target": 124.0 }, "geometry": { "type": "LineString", "coordinates": [ [ -77.075139009807174, 39.038918493971565 ], [ -77.056506111010634, 39.035528028165189 ] ] } },
{ "type": "Feature", "properties": { "type": "edge", "id": null, "source": 184.0, "target": 214.0 }, "geometry": { "type": "LineString", "coordinates": [ [ -77.075139009807174, 39.038918493971565 ], [ -77.064626523930571, 39.050048789154182 ] ] } },
{ "type": "Feature", "properties": { "type": "edge", "id": null, "source": 184.0, "target": 189.0 }, "geometry": { "type": "LineString", "coordinates": [ [ -77.075139009807174, 39.038918493971565 ], [ -77.076114465603666, 39.052167949693015 ] ] } },
{ "type": "Feature", "properties": { "type": "edge", "id": null, "source": 116.0, "target": 207.0 }, "geometry": { "type": "LineString", "coordinates": [ [ -76.992749562060453, 38.998360003984153 ], [ -76.982411703868607, 39.004844565698455 ] ] } },
{ "type": "Feature", "properties": { "type": "edge", "id": null, "source": 102.0, "target": 172.0 }, "geometry": { "type": "LineString", "coordinates": [ [ -76.93048948212666, 39.090196583997837 ], [ -76.95690068432215, 39.081142106970148 ] ] } },
{ "type": "Feature", "properties": { "type": "edge", "id": null, "source": 412.0, "target": 199.0 }, "geometry": { "type": "LineString", "coordinates": [ [ -77.04776837167492, 39.129025224723975 ], [ -77.077764065994188, 39.128021505811525 ] ] } },
{ "type": "Feature", "properties": { "type": "edge", "id": null, "source": 412.0, "target": 373.0 }, "geometry": { "type": "LineString", "coordinates": [ [ -77.04776837167492, 39.129025224723975 ], [ -77.013712235510326, 39.147303765675979 ] ] } },
{ "type": "Feature", "properties": { "type": "edge", "id": null, "source": 121.0, "target": 112.0 }, "geometry": { "type": "LineString", "coordinates": [ [ -77.074430948554408, 39.077792883654737 ], [ -77.071916933777771, 39.062513310167098 ] ] } },
{ "type": "Feature", "properties": { "type": "edge", "id": null, "source": 121.0, "target": 216.0 }, "geometry": { "type": "LineString", "coordinates": [ [ -77.074430948554408, 39.077792883654737 ], [ -77.061059590200429, 39.067553798763946 ] ] } },
{ "type": "Feature", "properties": { "type": "edge", "id": null, "source": 215.0, "target": 114.0 }, "geometry": { "type": "LineString", "coordinates": [ [ -77.01513534030137, 39.06391331585089 ], [ -76.994356300006885, 39.071040632785589 ] ] } },
{ "type": "Feature", "properties": { "type": "edge", "id": null, "source": 143.0, "target": 212.0 }, "geometry": { "type": "LineString", "coordinates": [ [ -77.128754313317657, 39.013945510055507 ], [ -77.119566640125427, 39.016234483360229 ] ] } },
{ "type": "Feature", "properties": { "type": "edge", "id": null, "source": 143.0, "target": 166.0 }, "geometry": { "type": "LineString", "coordinates": [ [ -77.128754313317657, 39.013945510055507 ], [ -77.111358628075365, 39.0068588100753 ] ] } },
{ "type": "Feature", "properties": { "type": "edge", "id": null, "source": 114.0, "target": 172.0 }, "geometry": { "type": "LineString", "coordinates": [ [ -76.994356300006885, 39.071040632785589 ], [ -76.95690068432215, 39.081142106970148 ] ] } },
{ "type": "Feature", "properties": { "type": "edge", "id": null, "source": 123.0, "target": 175.0 }, "geometry": { "type": "LineString", "coordinates": [ [ -77.004662114462775, 39.013089318346246 ], [ -77.020080976160344, 39.009272672657701 ] ] } },
{ "type": "Feature", "properties": { "type": "edge", "id": null, "source": 123.0, "target": 122.0 }, "geometry": { "type": "LineString", "coordinates": [ [ -77.004662114462775, 39.013089318346246 ], [ -76.980310844060767, 39.010770233248202 ] ] } },
{ "type": "Feature", "properties": { "type": "edge", "id": null, "source": 123.0, "target": 181.0 }, "geometry": { "type": "LineString", "coordinates": [ [ -77.004662114462775, 39.013089318346246 ], [ -77.013350895341461, 39.02179477919276 ] ] } },
{ "type": "Feature", "properties": { "type": "edge", "id": null, "source": 112.0, "target": 216.0 }, "geometry": { "type": "LineString", "coordinates": [ [ -77.071916933777771, 39.062513310167098 ], [ -77.061059590200429, 39.067553798763946 ] ] } },
{ "type": "Feature", "properties": { "type": "edge", "id": null, "source": 112.0, "target": 214.0 }, "geometry": { "type": "LineString", "coordinates": [ [ -77.071916933777771, 39.062513310167098 ], [ -77.064626523930571, 39.050048789154182 ] ] } },
{ "type": "Feature", "properties": { "type": "edge", "id": null, "source": 113.0, "target": 166.0 }, "geometry": { "type": "LineString", "coordinates": [ [ -77.116267347672974, 38.993678006728373 ], [ -77.111358628075365, 39.0068588100753 ] ] } },
{ "type": "Feature", "properties": { "type": "edge", "id": null, "source": 373.0, "target": 347.0 }, "geometry": { "type": "LineString", "coordinates": [ [ -77.013712235510326, 39.147303765675979 ], [ -76.992630146182663, 39.130942595053135 ] ] } },
{ "type": "Feature", "properties": { "type": "edge", "id": null, "source": 124.0, "target": 145.0 }, "geometry": { "type": "LineString", "coordinates": [ [ -77.056506111010634, 39.035528028165189 ], [ -77.028580716751904, 39.02572158334457 ] ] } },
{ "type": "Feature", "properties": { "type": "edge", "id": null, "source": 124.0, "target": 214.0 }, "geometry": { "type": "LineString", "coordinates": [ [ -77.056506111010634, 39.035528028165189 ], [ -77.064626523930571, 39.050048789154182 ] ] } },
{ "type": "Feature", "properties": { "type": "edge", "id": null, "source": 214.0, "target": 189.0 }, "geometry": { "type": "LineString", "coordinates": [ [ -77.064626523930571, 39.050048789154182 ], [ -77.076114465603666, 39.052167949693015 ] ] } },
{ "type": "Feature", "properties": { "type": "edge", "id": null, "source": 122.0, "target": 207.0 }, "geometry": { "type": "LineString", "coordinates": [ [ -76.980310844060767, 39.010770233248202 ], [ -76.982411703868607, 39.004844565698455 ] ] } },
{ "type": "Feature", "properties": { "type": "edge", "id": null, "source": 182.0, "target": 183.0 }, "geometry": { "type": "LineString", "coordinates": [ [ -77.082059131197994, 38.977104130084356 ], [ -77.077172138814234, 38.983019043246159 ] ] } },
{ "type": "Feature", "properties": { "type": "edge", "id": null, "source": 182.0, "target": 391.0 }, "geometry": { "type": "LineString", "coordinates": [ [ -77.082059131197994, 38.977104130084356 ], [ -77.065250283285792, 38.975017224934462 ] ] } },
{ "type": "Feature", "properties": { "type": "edge", "id": null, "source": 129.0, "target": 222.0 }, "geometry": { "type": "LineString", "coordinates": [ [ -76.984296669880607, 38.958821393775409 ], [ -76.97512302556909, 38.974088042639131 ] ] } },
{ "type": "Feature", "properties": { "type": "edge", "id": null, "source": 194.0, "target": 165.0 }, "geometry": { "type": "LineString", "coordinates": [ [ -77.201600433420069, 39.056731385992094 ], [ -77.195904053459245, 39.038787090076298 ] ] } },
{ "type": "Feature", "properties": { "type": "edge", "id": null, "source": 145.0, "target": 175.0 }, "geometry": { "type": "LineString", "coordinates": [ [ -77.028580716751904, 39.02572158334457 ], [ -77.020080976160344, 39.009272672657701 ] ] } },
{ "type": "Feature", "properties": { "type": "edge", "id": null, "source": 145.0, "target": 181.0 }, "geometry": { "type": "LineString", "coordinates": [ [ -77.028580716751904, 39.02572158334457 ], [ -77.013350895341461, 39.02179477919276 ] ] } },
{ "type": "Feature", "properties": { "type": "edge", "id": null, "source": 267.0, "target": 230.0 }, "geometry": { "type": "LineString", "coordinates": [ [ -76.87061618401593, 38.948491476260038 ], [ -76.857279966361077, 38.950748054206649 ] ] } },
{ "type": "Feature", "properties": { "type": "edge", "id": null, "source": 372.0, "target": 428.0 }, "geometry": { "type": "LineString", "coordinates": [ [ -77.179668707067449, 38.804706832461413 ], [ -77.189945931655771, 38.78477058797769 ] ] } },
{ "type": "Feature", "properties": { "type": "edge", "id": null, "source": 372.0, "target": 292.0 }, "geometry": { "type": "LineString", "coordinates": [ [ -77.179668707067449, 38.804706832461413 ], [ -77.200163811671771, 38.808289926 ] ] } },
{ "type": "Feature", "properties": { "type": "edge", "id": null, "source": 372.0, "target": 325.0 }, "geometry": { "type": "LineString", "coordinates": [ [ -77.179668707067449, 38.804706832461413 ], [ -77.18092144499623, 38.772596297285006 ] ] } },
{ "type": "Feature", "properties": { "type": "edge", "id": null, "source": 372.0, "target": 291.0 }, "geometry": { "type": "LineString", "coordinates": [ [ -77.179668707067449, 38.804706832461413 ], [ -77.191631543299877, 38.828572155589683 ] ] } },
{ "type": "Feature", "properties": { "type": "edge", "id": null, "source": 372.0, "target": 429.0 }, "geometry": { "type": "LineString", "coordinates": [ [ -77.179668707067449, 38.804706832461413 ], [ -77.144751793799287, 38.775994665416285 ] ] } },
{ "type": "Feature", "properties": { "type": "edge", "id": null, "source": 372.0, "target": 290.0 }, "geometry": { "type": "LineString", "coordinates": [ [ -77.179668707067449, 38.804706832461413 ], [ -77.161696981079871, 38.82648737041432 ] ] } },
{ "type": "Feature", "properties": { "type": "edge", "id": null, "source": 147.0, "target": 374.0 }, "geometry": { "type": "LineString", "coordinates": [ [ -77.298912413618496, 38.800078474448611 ], [ -77.274893070634576, 38.821676941583775 ] ] } },
{ "type": "Feature", "properties": { "type": "edge", "id": null, "source": 147.0, "target": 304.0 }, "geometry": { "type": "LineString", "coordinates": [ [ -77.298912413618496, 38.800078474448611 ], [ -77.264130041262803, 38.811054018531586 ] ] } },
{ "type": "Feature", "properties": { "type": "edge", "id": null, "source": 147.0, "target": 379.0 }, "geometry": { "type": "LineString", "coordinates": [ [ -77.298912413618496, 38.800078474448611 ], [ -77.271501219252102, 38.802482970170395 ] ] } },
{ "type": "Feature", "properties": { "type": "edge", "id": null, "source": 147.0, "target": 381.0 }, "geometry": { "type": "LineString", "coordinates": [ [ -77.298912413618496, 38.800078474448611 ], [ -77.266454885911728, 38.782238559642337 ] ] } },
{ "type": "Feature", "properties": { "type": "edge", "id": null, "source": 325.0, "target": 453.0 }, "geometry": { "type": "LineString", "coordinates": [ [ -77.18092144499623, 38.772596297285006 ], [ -77.176987889913107, 38.737380581229608 ] ] } },
{ "type": "Feature", "properties": { "type": "edge", "id": null, "source": 325.0, "target": 428.0 }, "geometry": { "type": "LineString", "coordinates": [ [ -77.18092144499623, 38.772596297285006 ], [ -77.189945931655771, 38.78477058797769 ] ] } },
{ "type": "Feature", "properties": { "type": "edge", "id": null, "source": 325.0, "target": 429.0 }, "geometry": { "type": "LineString", "coordinates": [ [ -77.18092144499623, 38.772596297285006 ], [ -77.144751793799287, 38.775994665416285 ] ] } },
{ "type": "Feature", "properties": { "type": "edge", "id": null, "source": 296.0, "target": 448.0 }, "geometry": { "type": "LineString", "coordinates": [ [ -77.055913673508357, 38.809142266175556 ], [ -77.041014726542727, 38.804375408958549 ] ] } },
{ "type": "Feature", "properties": { "type": "edge", "id": null, "source": 296.0, "target": 385.0 }, "geometry": { "type": "LineString", "coordinates": [ [ -77.055913673508357, 38.809142266175556 ], [ -77.070665577126746, 38.809183029670947 ] ] } },
{ "type": "Feature", "properties": { "type": "edge", "id": null, "source": 296.0, "target": 338.0 }, "geometry": { "type": "LineString", "coordinates": [ [ -77.055913673508357, 38.809142266175556 ], [ -77.087192534222382, 38.795214704709409 ] ] } },
{ "type": "Feature", "properties": { "type": "edge", "id": null, "source": 385.0, "target": 338.0 }, "geometry": { "type": "LineString", "coordinates": [ [ -77.070665577126746, 38.809183029670947 ], [ -77.087192534222382, 38.795214704709409 ] ] } },
{ "type": "Feature", "properties": { "type": "edge", "id": null, "source": 385.0, "target": 433.0 }, "geometry": { "type": "LineString", "coordinates": [ [ -77.070665577126746, 38.809183029670947 ], [ -77.06904940523583, 38.793083377682606 ] ] } },
{ "type": "Feature", "properties": { "type": "edge", "id": null, "source": 385.0, "target": 388.0 }, "geometry": { "type": "LineString", "coordinates": [ [ -77.070665577126746, 38.809183029670947 ], [ -77.06474215132495, 38.826671948058994 ] ] } },
{ "type": "Feature", "properties": { "type": "edge", "id": null, "source": 338.0, "target": 333.0 }, "geometry": { "type": "LineString", "coordinates": [ [ -77.087192534222382, 38.795214704709409 ], [ -77.105262409358829, 38.824346144359616 ] ] } },
{ "type": "Feature", "properties": { "type": "edge", "id": null, "source": 338.0, "target": 305.0 }, "geometry": { "type": "LineString", "coordinates": [ [ -77.087192534222382, 38.795214704709409 ], [ -77.121459218949184, 38.813466259958766 ] ] } },
{ "type": "Feature", "properties": { "type": "edge", "id": null, "source": 338.0, "target": 315.0 }, "geometry": { "type": "LineString", "coordinates": [ [ -77.087192534222382, 38.795214704709409 ], [ -77.086785652250256, 38.833285425262773 ] ] } },
{ "type": "Feature", "properties": { "type": "edge", "id": null, "source": 338.0, "target": 448.0 }, "geometry": { "type": "LineString", "coordinates": [ [ -77.087192534222382, 38.795214704709409 ], [ -77.041014726542727, 38.804375408958549 ] ] } },
{ "type": "Feature", "properties": { "type": "edge", "id": null, "source": 338.0, "target": 433.0 }, "geometry": { "type": "LineString", "coordinates": [ [ -77.087192534222382, 38.795214704709409 ], [ -77.06904940523583, 38.793083377682606 ] ] } },
{ "type": "Feature", "properties": { "type": "edge", "id": null, "source": 338.0, "target": 303.0 }, "geometry": { "type": "LineString", "coordinates": [ [ -77.087192534222382, 38.795214704709409 ], [ -77.065396993213653, 38.768125739943599 ] ] } },
{ "type": "Feature", "properties": { "type": "edge", "id": null, "source": 338.0, "target": 388.0 }, "geometry": { "type": "LineString", "coordinates": [ [ -77.087192534222382, 38.795214704709409 ], [ -77.06474215132495, 38.826671948058994 ] ] } },
{ "type": "Feature", "properties": { "type": "edge", "id": null, "source": 338.0, "target": 376.0 }, "geometry": { "type": "LineString", "coordinates": [ [ -77.087192534222382, 38.795214704709409 ], [ -77.095967989720663, 38.765450704914443 ] ] } },
{ "type": "Feature", "properties": { "type": "edge", "id": null, "source": 338.0, "target": 287.0 }, "geometry": { "type": "LineString", "coordinates": [ [ -77.087192534222382, 38.795214704709409 ], [ -77.131524877465765, 38.797824223069817 ] ] } },
{ "type": "Feature", "properties": { "type": "edge", "id": null, "source": 463.0, "target": 66.0 }, "geometry": { "type": "LineString", "coordinates": [ [ -77.273918312819006, 38.928344564940502 ], [ -77.33917169601294, 38.94760058227412 ] ] } },
{ "type": "Feature", "properties": { "type": "edge", "id": null, "source": 463.0, "target": 460.0 }, "geometry": { "type": "LineString", "coordinates": [ [ -77.273918312819006, 38.928344564940502 ], [ -77.251640857082705, 38.895760705231531 ] ] } },
{ "type": "Feature", "properties": { "type": "edge", "id": null, "source": 463.0, "target": 462.0 }, "geometry": { "type": "LineString", "coordinates": [ [ -77.273918312819006, 38.928344564940502 ], [ -77.271231913152647, 38.894947197176677 ] ] } },
{ "type": "Feature", "properties": { "type": "edge", "id": null, "source": 463.0, "target": 415.0 }, "geometry": { "type": "LineString", "coordinates": [ [ -77.273918312819006, 38.928344564940502 ], [ -77.221075936409946, 38.912139280533474 ] ] } },
{ "type": "Feature", "properties": { "type": "edge", "id": null, "source": 152.0, "target": 415.0 }, "geometry": { "type": "LineString", "coordinates": [ [ -77.21943771741654, 38.92113081688418 ], [ -77.221075936409946, 38.912139280533474 ] ] } },
{ "type": "Feature", "properties": { "type": "edge", "id": null, "source": 328.0, "target": 415.0 }, "geometry": { "type": "LineString", "coordinates": [ [ -77.189224862579479, 38.899964455221308 ], [ -77.221075936409946, 38.912139280533474 ] ] } },
{ "type": "Feature", "properties": { "type": "edge", "id": null, "source": 328.0, "target": 329.0 }, "geometry": { "type": "LineString", "coordinates": [ [ -77.189224862579479, 38.899964455221308 ], [ -77.17792896327478, 38.886660366070579 ] ] } },
{ "type": "Feature", "properties": { "type": "edge", "id": null, "source": 328.0, "target": 442.0 }, "geometry": { "type": "LineString", "coordinates": [ [ -77.189224862579479, 38.899964455221308 ], [ -77.165873922955285, 38.917067398734623 ] ] } },
{ "type": "Feature", "properties": { "type": "edge", "id": null, "source": 328.0, "target": 331.0 }, "geometry": { "type": "LineString", "coordinates": [ [ -77.189224862579479, 38.899964455221308 ], [ -77.155709906087139, 38.891564008059127 ] ] } },
{ "type": "Feature", "properties": { "type": "edge", "id": null, "source": 440.0, "target": 157.0 }, "geometry": { "type": "LineString", "coordinates": [ [ -77.096428342318376, 38.886461086043916 ], [ -77.10873252883539, 38.882859562690058 ] ] } },
{ "type": "Feature", "properties": { "type": "edge", "id": null, "source": 440.0, "target": 377.0 }, "geometry": { "type": "LineString", "coordinates": [ [ -77.096428342318376, 38.886461086043916 ], [ -77.09221120440742, 38.87177788553074 ] ] } },
{ "type": "Feature", "properties": { "type": "edge", "id": null, "source": 440.0, "target": 437.0 }, "geometry": { "type": "LineString", "coordinates": [ [ -77.096428342318376, 38.886461086043916 ], [ -77.088381184324831, 38.881996806853728 ] ] } },
{ "type": "Feature", "properties": { "type": "edge", "id": null, "source": 318.0, "target": 331.0 }, "geometry": { "type": "LineString", "coordinates": [ [ -77.151335321969668, 38.873547090047161 ], [ -77.155709906087139, 38.891564008059127 ] ] } },
{ "type": "Feature", "properties": { "type": "edge", "id": null, "source": 318.0, "target": 387.0 }, "geometry": { "type": "LineString", "coordinates": [ [ -77.151335321969668, 38.873547090047161 ], [ -77.171434025437705, 38.876014671754348 ] ] } },
{ "type": "Feature", "properties": { "type": "edge", "id": null, "source": 318.0, "target": 438.0 }, "geometry": { "type": "LineString", "coordinates": [ [ -77.151335321969668, 38.873547090047161 ], [ -77.140066880621831, 38.868899061523514 ] ] } },
{ "type": "Feature", "properties": { "type": "edge", "id": null, "source": 157.0, "target": 293.0 }, "geometry": { "type": "LineString", "coordinates": [ [ -77.10873252883539, 38.882859562690058 ], [ -77.105221282974895, 38.894880343102663 ] ] } },
{ "type": "Feature", "properties": { "type": "edge", "id": null, "source": 157.0, "target": 339.0 }, "geometry": { "type": "LineString", "coordinates": [ [ -77.10873252883539, 38.882859562690058 ], [ -77.113113283078121, 38.880659136462533 ] ] } },
{ "type": "Feature", "properties": { "type": "edge", "id": null, "source": 157.0, "target": 377.0 }, "geometry": { "type": "LineString", "coordinates": [ [ -77.10873252883539, 38.882859562690058 ], [ -77.09221120440742, 38.87177788553074 ] ] } },
{ "type": "Feature", "properties": { "type": "edge", "id": null, "source": 339.0, "target": 427.0 }, "geometry": { "type": "LineString", "coordinates": [ [ -77.113113283078121, 38.880659136462533 ], [ -77.106555597214452, 38.872308958906629 ] ] } },
{ "type": "Feature", "properties": { "type": "edge", "id": null, "source": 339.0, "target": 323.0 }, "geometry": { "type": "LineString", "coordinates": [ [ -77.113113283078121, 38.880659136462533 ], [ -77.120266520783105, 38.877684535523805 ] ] } },
{ "type": "Feature", "properties": { "type": "edge", "id": null, "source": 287.0, "target": 309.0 }, "geometry": { "type": "LineString", "coordinates": [ [ -77.131524877465765, 38.797824223069817 ], [ -77.132563923078123, 38.817334035623873 ] ] } },
{ "type": "Feature", "properties": { "type": "edge", "id": null, "source": 287.0, "target": 305.0 }, "geometry": { "type": "LineString", "coordinates": [ [ -77.131524877465765, 38.797824223069817 ], [ -77.121459218949184, 38.813466259958766 ] ] } },
{ "type": "Feature", "properties": { "type": "edge", "id": null, "source": 287.0, "target": 307.0 }, "geometry": { "type": "LineString", "coordinates": [ [ -77.131524877465765, 38.797824223069817 ], [ -77.137004275676304, 38.808275279044061 ] ] } },
{ "type": "Feature", "properties": { "type": "edge", "id": null, "source": 287.0, "target": 429.0 }, "geometry": { "type": "LineString", "coordinates": [ [ -77.131524877465765, 38.797824223069817 ], [ -77.144751793799287, 38.775994665416285 ] ] } },
{ "type": "Feature", "properties": { "type": "edge", "id": null, "source": 287.0, "target": 376.0 }, "geometry": { "type": "LineString", "coordinates": [ [ -77.131524877465765, 38.797824223069817 ], [ -77.095967989720663, 38.765450704914443 ] ] } },
{ "type": "Feature", "properties": { "type": "edge", "id": null, "source": 453.0, "target": 429.0 }, "geometry": { "type": "LineString", "coordinates": [ [ -77.176987889913107, 38.737380581229608 ], [ -77.144751793799287, 38.775994665416285 ] ] } },
{ "type": "Feature", "properties": { "type": "edge", "id": null, "source": 453.0, "target": 446.0 }, "geometry": { "type": "LineString", "coordinates": [ [ -77.176987889913107, 38.737380581229608 ], [ -77.126146086263347, 38.710303770054978 ] ] } },
{ "type": "Feature", "properties": { "type": "edge", "id": null, "source": 453.0, "target": 444.0 }, "geometry": { "type": "LineString", "coordinates": [ [ -77.176987889913107, 38.737380581229608 ], [ -77.127670525892938, 38.723404425053005 ] ] } },
{ "type": "Feature", "properties": { "type": "edge", "id": null, "source": 456.0, "target": 415.0 }, "geometry": { "type": "LineString", "coordinates": [ [ -77.229191077764568, 38.889396126100593 ], [ -77.221075936409946, 38.912139280533474 ] ] } },
{ "type": "Feature", "properties": { "type": "edge", "id": null, "source": 456.0, "target": 316.0 }, "geometry": { "type": "LineString", "coordinates": [ [ -77.229191077764568, 38.889396126100593 ], [ -77.227307706164993, 38.878212819576042 ] ] } },
{ "type": "Feature", "properties": { "type": "edge", "id": null, "source": 299.0, "target": 380.0 }, "geometry": { "type": "LineString", "coordinates": [ [ -77.271572532075012, 38.87943597711697 ], [ -77.264735180015848, 38.871776818666362 ] ] } },
{ "type": "Feature", "properties": { "type": "edge", "id": null, "source": 299.0, "target": 461.0 }, "geometry": { "type": "LineString", "coordinates": [ [ -77.271572532075012, 38.87943597711697 ], [ -77.282652716480598, 38.880389209862159 ] ] } },
{ "type": "Feature", "properties": { "type": "edge", "id": null, "source": 299.0, "target": 462.0 }, "geometry": { "type": "LineString", "coordinates": [ [ -77.271572532075012, 38.87943597711697 ], [ -77.271231913152647, 38.894947197176677 ] ] } },
{ "type": "Feature", "properties": { "type": "edge", "id": null, "source": 417.0, "target": 298.0 }, "geometry": { "type": "LineString", "coordinates": [ [ -77.05848901821318, 38.859959430776186 ], [ -77.075017918574048, 38.848092418345182 ] ] } },
{ "type": "Feature", "properties": { "type": "edge", "id": null, "source": 417.0, "target": 349.0 }, "geometry": { "type": "LineString", "coordinates": [ [ -77.05848901821318, 38.859959430776186 ], [ -77.067411401667073, 38.864695035742997 ] ] } },
{ "type": "Feature", "properties": { "type": "edge", "id": null, "source": 166.0, "target": 212.0 }, "geometry": { "type": "LineString", "coordinates": [ [ -77.111358628075365, 39.0068588100753 ], [ -77.119566640125427, 39.016234483360229 ] ] } },
{ "type": "Feature", "properties": { "type": "edge", "id": null, "source": 173.0, "target": 202.0 }, "geometry": { "type": "LineString", "coordinates": [ [ -77.132711331515111, 38.939140379908046 ], [ -77.098599670105756, 38.951373555007642 ] ] } },
{ "type": "Feature", "properties": { "type": "edge", "id": null, "source": 173.0, "target": 201.0 }, "geometry": { "type": "LineString", "coordinates": [ [ -77.132711331515111, 38.939140379908046 ], [ -77.11964209849053, 38.959608251896398 ] ] } },
{ "type": "Feature", "properties": { "type": "edge", "id": null, "source": 173.0, "target": 442.0 }, "geometry": { "type": "LineString", "coordinates": [ [ -77.132711331515111, 38.939140379908046 ], [ -77.165873922955285, 38.917067398734623 ] ] } },
{ "type": "Feature", "properties": { "type": "edge", "id": null, "source": 175.0, "target": 181.0 }, "geometry": { "type": "LineString", "coordinates": [ [ -77.020080976160344, 39.009272672657701 ], [ -77.013350895341461, 39.02179477919276 ] ] } },
{ "type": "Feature", "properties": { "type": "edge", "id": null, "source": 199.0, "target": 200.0 }, "geometry": { "type": "LineString", "coordinates": [ [ -77.077764065994188, 39.128021505811525 ], [ -77.068949537770905, 39.141544952007123 ] ] } },
{ "type": "Feature", "properties": { "type": "edge", "id": null, "source": 273.0, "target": 276.0 }, "geometry": { "type": "LineString", "coordinates": [ [ -76.955505083245839, 38.822054094198442 ], [ -76.949967631554941, 38.815000663847854 ] ] } },
{ "type": "Feature", "properties": { "type": "edge", "id": null, "source": 273.0, "target": 278.0 }, "geometry": { "type": "LineString", "coordinates": [ [ -76.955505083245839, 38.822054094198442 ], [ -76.949276255202861, 38.82491968534594 ] ] } },
{ "type": "Feature", "properties": { "type": "edge", "id": null, "source": 276.0, "target": 278.0 }, "geometry": { "type": "LineString", "coordinates": [ [ -76.949967631554941, 38.815000663847854 ], [ -76.949276255202861, 38.82491968534594 ] ] } },
{ "type": "Feature", "properties": { "type": "edge", "id": null, "source": 265.0, "target": 253.0 }, "geometry": { "type": "LineString", "coordinates": [ [ -76.921524430991241, 38.938338416151531 ], [ -76.913111659226686, 38.931328631961669 ] ] } },
{ "type": "Feature", "properties": { "type": "edge", "id": null, "source": 284.0, "target": 290.0 }, "geometry": { "type": "LineString", "coordinates": [ [ -77.174374032353541, 38.841792752419011 ], [ -77.161696981079871, 38.82648737041432 ] ] } },
{ "type": "Feature", "properties": { "type": "edge", "id": null, "source": 284.0, "target": 291.0 }, "geometry": { "type": "LineString", "coordinates": [ [ -77.174374032353541, 38.841792752419011 ], [ -77.191631543299877, 38.828572155589683 ] ] } },
{ "type": "Feature", "properties": { "type": "edge", "id": null, "source": 284.0, "target": 387.0 }, "geometry": { "type": "LineString", "coordinates": [ [ -77.174374032353541, 38.841792752419011 ], [ -77.171434025437705, 38.876014671754348 ] ] } },
{ "type": "Feature", "properties": { "type": "edge", "id": null, "source": 302.0, "target": 441.0 }, "geometry": { "type": "LineString", "coordinates": [ [ -77.060464683689219, 38.721548714796413 ], [ -77.066902173831878, 38.742992571570184 ] ] } },
{ "type": "Feature", "properties": { "type": "edge", "id": null, "source": 443.0, "target": 446.0 }, "geometry": { "type": "LineString", "coordinates": [ [ -77.108584504025401, 38.719490477128922 ], [ -77.126146086263347, 38.710303770054978 ] ] } },
{ "type": "Feature", "properties": { "type": "edge", "id": null, "source": 443.0, "target": 444.0 }, "geometry": { "type": "LineString", "coordinates": [ [ -77.108584504025401, 38.719490477128922 ], [ -77.127670525892938, 38.723404425053005 ] ] } },
{ "type": "Feature", "properties": { "type": "edge", "id": null, "source": 443.0, "target": 445.0 }, "geometry": { "type": "LineString", "coordinates": [ [ -77.108584504025401, 38.719490477128922 ], [ -77.099651164790629, 38.737193090981023 ] ] } },
{ "type": "Feature", "properties": { "type": "edge", "id": null, "source": 443.0, "target": 429.0 }, "geometry": { "type": "LineString", "coordinates": [ [ -77.108584504025401, 38.719490477128922 ], [ -77.144751793799287, 38.775994665416285 ] ] } },
{ "type": "Feature", "properties": { "type": "edge", "id": null, "source": 305.0, "target": 309.0 }, "geometry": { "type": "LineString", "coordinates": [ [ -77.121459218949184, 38.813466259958766 ], [ -77.132563923078123, 38.817334035623873 ] ] } },
{ "type": "Feature", "properties": { "type": "edge", "id": null, "source": 308.0, "target": 414.0 }, "geometry": { "type": "LineString", "coordinates": [ [ -77.116049663289857, 38.83749617618443 ], [ -77.122284907200452, 38.844585467194825 ] ] } },
{ "type": "Feature", "properties": { "type": "edge", "id": null, "source": 308.0, "target": 334.0 }, "geometry": { "type": "LineString", "coordinates": [ [ -77.116049663289857, 38.83749617618443 ], [ -77.118151743017663, 38.832261430284497 ] ] } },
{ "type": "Feature", "properties": { "type": "edge", "id": null, "source": 308.0, "target": 340.0 }, "geometry": { "type": "LineString", "coordinates": [ [ -77.116049663289857, 38.83749617618443 ], [ -77.103862454289569, 38.839020829547536 ] ] } },
{ "type": "Feature", "properties": { "type": "edge", "id": null, "source": 308.0, "target": 423.0 }, "geometry": { "type": "LineString", "coordinates": [ [ -77.116049663289857, 38.83749617618443 ], [ -77.116331330872484, 38.85271891221204 ] ] } },
{ "type": "Feature", "properties": { "type": "edge", "id": null, "source": 291.0, "target": 289.0 }, "geometry": { "type": "LineString", "coordinates": [ [ -77.191631543299877, 38.828572155589683 ], [ -77.208853013660786, 38.826781300728122 ] ] } },
{ "type": "Feature", "properties": { "type": "edge", "id": null, "source": 291.0, "target": 358.0 }, "geometry": { "type": "LineString", "coordinates": [ [ -77.191631543299877, 38.828572155589683 ], [ -77.176248177515149, 38.826043584943911 ] ] } },
{ "type": "Feature", "properties": { "type": "edge", "id": null, "source": 291.0, "target": 327.0 }, "geometry": { "type": "LineString", "coordinates": [ [ -77.191631543299877, 38.828572155589683 ], [ -77.207437489060425, 38.832036096140449 ] ] } },
{ "type": "Feature", "properties": { "type": "edge", "id": null, "source": 290.0, "target": 334.0 }, "geometry": { "type": "LineString", "coordinates": [ [ -77.161696981079871, 38.82648737041432 ], [ -77.118151743017663, 38.832261430284497 ] ] } },
{ "type": "Feature", "properties": { "type": "edge", "id": null, "source": 290.0, "target": 358.0 }, "geometry": { "type": "LineString", "coordinates": [ [ -77.161696981079871, 38.82648737041432 ], [ -77.176248177515149, 38.826043584943911 ] ] } },
{ "type": "Feature", "properties": { "type": "edge", "id": null, "source": 290.0, "target": 359.0 }, "geometry": { "type": "LineString", "coordinates": [ [ -77.161696981079871, 38.82648737041432 ], [ -77.152064575015828, 38.82014159691893 ] ] } },
{ "type": "Feature", "properties": { "type": "edge", "id": null, "source": 290.0, "target": 309.0 }, "geometry": { "type": "LineString", "coordinates": [ [ -77.161696981079871, 38.82648737041432 ], [ -77.132563923078123, 38.817334035623873 ] ] } },
{ "type": "Feature", "properties": { "type": "edge", "id": null, "source": 289.0, "target": 292.0 }, "geometry": { "type": "LineString", "coordinates": [ [ -77.208853013660786, 38.826781300728122 ], [ -77.200163811671771, 38.808289926 ] ] } },
{ "type": "Feature", "properties": { "type": "edge", "id": null, "source": 289.0, "target": 327.0 }, "geometry": { "type": "LineString", "coordinates": [ [ -77.208853013660786, 38.826781300728122 ], [ -77.207437489060425, 38.832036096140449 ] ] } },
{ "type": "Feature", "properties": { "type": "edge", "id": null, "source": 334.0, "target": 309.0 }, "geometry": { "type": "LineString", "coordinates": [ [ -77.118151743017663, 38.832261430284497 ], [ -77.132563923078123, 38.817334035623873 ] ] } },
{ "type": "Feature", "properties": { "type": "edge", "id": null, "source": 334.0, "target": 371.0 }, "geometry": { "type": "LineString", "coordinates": [ [ -77.118151743017663, 38.832261430284497 ], [ -77.137234108905574, 38.851981513171943 ] ] } },
{ "type": "Feature", "properties": { "type": "edge", "id": null, "source": 334.0, "target": 333.0 }, "geometry": { "type": "LineString", "coordinates": [ [ -77.118151743017663, 38.832261430284497 ], [ -77.105262409358829, 38.824346144359616 ] ] } },
{ "type": "Feature", "properties": { "type": "edge", "id": null, "source": 334.0, "target": 340.0 }, "geometry": { "type": "LineString", "coordinates": [ [ -77.118151743017663, 38.832261430284497 ], [ -77.103862454289569, 38.839020829547536 ] ] } },
{ "type": "Feature", "properties": { "type": "edge", "id": null, "source": 292.0, "target": 317.0 }, "geometry": { "type": "LineString", "coordinates": [ [ -77.200163811671771, 38.808289926 ], [ -77.222757117022979, 38.809249336278221 ] ] } },
{ "type": "Feature", "properties": { "type": "edge", "id": null, "source": 292.0, "target": 428.0 }, "geometry": { "type": "LineString", "coordinates": [ [ -77.200163811671771, 38.808289926 ], [ -77.189945931655771, 38.78477058797769 ] ] } },
{ "type": "Feature", "properties": { "type": "edge", "id": null, "source": 292.0, "target": 314.0 }, "geometry": { "type": "LineString", "coordinates": [ [ -77.200163811671771, 38.808289926 ], [ -77.212328247943887, 38.799813036443467 ] ] } },
{ "type": "Feature", "properties": { "type": "edge", "id": null, "source": 307.0, "target": 309.0 }, "geometry": { "type": "LineString", "coordinates": [ [ -77.137004275676304, 38.808275279044061 ], [ -77.132563923078123, 38.817334035623873 ] ] } },
{ "type": "Feature", "properties": { "type": "edge", "id": null, "source": 307.0, "target": 429.0 }, "geometry": { "type": "LineString", "coordinates": [ [ -77.137004275676304, 38.808275279044061 ], [ -77.144751793799287, 38.775994665416285 ] ] } },
{ "type": "Feature", "properties": { "type": "edge", "id": null, "source": 309.0, "target": 429.0 }, "geometry": { "type": "LineString", "coordinates": [ [ -77.132563923078123, 38.817334035623873 ], [ -77.144751793799287, 38.775994665416285 ] ] } },
{ "type": "Feature", "properties": { "type": "edge", "id": null, "source": 309.0, "target": 359.0 }, "geometry": { "type": "LineString", "coordinates": [ [ -77.132563923078123, 38.817334035623873 ], [ -77.152064575015828, 38.82014159691893 ] ] } },
{ "type": "Feature", "properties": { "type": "edge", "id": null, "source": 416.0, "target": 340.0 }, "geometry": { "type": "LineString", "coordinates": [ [ -77.096787311829004, 38.848992330442371 ], [ -77.103862454289569, 38.839020829547536 ] ] } },
{ "type": "Feature", "properties": { "type": "edge", "id": null, "source": 416.0, "target": 346.0 }, "geometry": { "type": "LineString", "coordinates": [ [ -77.096787311829004, 38.848992330442371 ], [ -77.084630477126055, 38.840526831466327 ] ] } },
{ "type": "Feature", "properties": { "type": "edge", "id": null, "source": 416.0, "target": 298.0 }, "geometry": { "type": "LineString", "coordinates": [ [ -77.096787311829004, 38.848992330442371 ], [ -77.075017918574048, 38.848092418345182 ] ] } },
{ "type": "Feature", "properties": { "type": "edge", "id": null, "source": 416.0, "target": 397.0 }, "geometry": { "type": "LineString", "coordinates": [ [ -77.096787311829004, 38.848992330442371 ], [ -77.091764473843142, 38.856045586590582 ] ] } },
{ "type": "Feature", "properties": { "type": "edge", "id": null, "source": 416.0, "target": 423.0 }, "geometry": { "type": "LineString", "coordinates": [ [ -77.096787311829004, 38.848992330442371 ], [ -77.116331330872484, 38.85271891221204 ] ] } },
{ "type": "Feature", "properties": { "type": "edge", "id": null, "source": 298.0, "target": 397.0 }, "geometry": { "type": "LineString", "coordinates": [ [ -77.075017918574048, 38.848092418345182 ], [ -77.091764473843142, 38.856045586590582 ] ] } },
{ "type": "Feature", "properties": { "type": "edge", "id": null, "source": 298.0, "target": 346.0 }, "geometry": { "type": "LineString", "coordinates": [ [ -77.075017918574048, 38.848092418345182 ], [ -77.084630477126055, 38.840526831466327 ] ] } },
{ "type": "Feature", "properties": { "type": "edge", "id": null, "source": 298.0, "target": 349.0 }, "geometry": { "type": "LineString", "coordinates": [ [ -77.075017918574048, 38.848092418345182 ], [ -77.067411401667073, 38.864695035742997 ] ] } },
{ "type": "Feature", "properties": { "type": "edge", "id": null, "source": 298.0, "target": 345.0 }, "geometry": { "type": "LineString", "coordinates": [ [ -77.075017918574048, 38.848092418345182 ], [ -77.089160497531296, 38.862547765423031 ] ] } },
{ "type": "Feature", "properties": { "type": "edge", "id": null, "source": 298.0, "target": 344.0 }, "geometry": { "type": "LineString", "coordinates": [ [ -77.075017918574048, 38.848092418345182 ], [ -77.080855846057432, 38.864295839134854 ] ] } },
{ "type": "Feature", "properties": { "type": "edge", "id": null, "source": 461.0, "target": 313.0 }, "geometry": { "type": "LineString", "coordinates": [ [ -77.282652716480598, 38.880389209862159 ], [ -77.276037605281829, 38.865774644886237 ] ] } },
{ "type": "Feature", "properties": { "type": "edge", "id": null, "source": 461.0, "target": 462.0 }, "geometry": { "type": "LineString", "coordinates": [ [ -77.282652716480598, 38.880389209862159 ], [ -77.271231913152647, 38.894947197176677 ] ] } },
{ "type": "Feature", "properties": { "type": "edge", "id": null, "source": 380.0, "target": 313.0 }, "geometry": { "type": "LineString", "coordinates": [ [ -77.264735180015848, 38.871776818666362 ], [ -77.276037605281829, 38.865774644886237 ] ] } },
{ "type": "Feature", "properties": { "type": "edge", "id": null, "source": 380.0, "target": 363.0 }, "geometry": { "type": "LineString", "coordinates": [ [ -77.264735180015848, 38.871776818666362 ], [ -77.257878024346056, 38.839308177847215 ] ] } },
{ "type": "Feature", "properties": { "type": "edge", "id": null, "source": 441.0, "target": 445.0 }, "geometry": { "type": "LineString", "coordinates": [ [ -77.066902173831878, 38.742992571570184 ], [ -77.099651164790629, 38.737193090981023 ] ] } },
{ "type": "Feature", "properties": { "type": "edge", "id": null, "source": 441.0, "target": 376.0 }, "geometry": { "type": "LineString", "coordinates": [ [ -77.066902173831878, 38.742992571570184 ], [ -77.095967989720663, 38.765450704914443 ] ] } },
{ "type": "Feature", "properties": { "type": "edge", "id": null, "source": 441.0, "target": 303.0 }, "geometry": { "type": "LineString", "coordinates": [ [ -77.066902173831878, 38.742992571570184 ], [ -77.065396993213653, 38.768125739943599 ] ] } },
{ "type": "Feature", "properties": { "type": "edge", "id": null, "source": 414.0, "target": 371.0 }, "geometry": { "type": "LineString", "coordinates": [ [ -77.122284907200452, 38.844585467194825 ], [ -77.137234108905574, 38.851981513171943 ] ] } },
{ "type": "Feature", "properties": { "type": "edge", "id": null, "source": 414.0, "target": 423.0 }, "geometry": { "type": "LineString", "coordinates": [ [ -77.122284907200452, 38.844585467194825 ], [ -77.116331330872484, 38.85271891221204 ] ] } },
{ "type": "Feature", "properties": { "type": "edge", "id": null, "source": 446.0, "target": 444.0 }, "geometry": { "type": "LineString", "coordinates": [ [ -77.126146086263347, 38.710303770054978 ], [ -77.127670525892938, 38.723404425053005 ] ] } },
{ "type": "Feature", "properties": { "type": "edge", "id": null, "source": 303.0, "target": 376.0 }, "geometry": { "type": "LineString", "coordinates": [ [ -77.065396993213653, 38.768125739943599 ], [ -77.095967989720663, 38.765450704914443 ] ] } },
{ "type": "Feature", "properties": { "type": "edge", "id": null, "source": 304.0, "target": 355.0 }, "geometry": { "type": "LineString", "coordinates": [ [ -77.264130041262803, 38.811054018531586 ], [ -77.23999688479158, 38.810784935048325 ] ] } },
{ "type": "Feature", "properties": { "type": "edge", "id": null, "source": 304.0, "target": 379.0 }, "geometry": { "type": "LineString", "coordinates": [ [ -77.264130041262803, 38.811054018531586 ], [ -77.271501219252102, 38.802482970170395 ] ] } },
{ "type": "Feature", "properties": { "type": "edge", "id": null, "source": 304.0, "target": 374.0 }, "geometry": { "type": "LineString", "coordinates": [ [ -77.264130041262803, 38.811054018531586 ], [ -77.274893070634576, 38.821676941583775 ] ] } },
{ "type": "Feature", "properties": { "type": "edge", "id": null, "source": 377.0, "target": 437.0 }, "geometry": { "type": "LineString", "coordinates": [ [ -77.09221120440742, 38.87177788553074 ], [ -77.088381184324831, 38.881996806853728 ] ] } },
{ "type": "Feature", "properties": { "type": "edge", "id": null, "source": 377.0, "target": 427.0 }, "geometry": { "type": "LineString", "coordinates": [ [ -77.09221120440742, 38.87177788553074 ], [ -77.106555597214452, 38.872308958906629 ] ] } },
{ "type": "Feature", "properties": { "type": "edge", "id": null, "source": 377.0, "target": 348.0 }, "geometry": { "type": "LineString", "coordinates": [ [ -77.09221120440742, 38.87177788553074 ], [ -77.102426390925913, 38.864317153976167 ] ] } },
{ "type": "Feature", "properties": { "type": "edge", "id": null, "source": 377.0, "target": 344.0 }, "geometry": { "type": "LineString", "coordinates": [ [ -77.09221120440742, 38.87177788553074 ], [ -77.080855846057432, 38.864295839134854 ] ] } },
{ "type": "Feature", "properties": { "type": "edge", "id": null, "source": 377.0, "target": 345.0 }, "geometry": { "type": "LineString", "coordinates": [ [ -77.09221120440742, 38.87177788553074 ], [ -77.089160497531296, 38.862547765423031 ] ] } },
{ "type": "Feature", "properties": { "type": "edge", "id": null, "source": 345.0, "target": 348.0 }, "geometry": { "type": "LineString", "coordinates": [ [ -77.089160497531296, 38.862547765423031 ], [ -77.102426390925913, 38.864317153976167 ] ] } },
{ "type": "Feature", "properties": { "type": "edge", "id": null, "source": 345.0, "target": 397.0 }, "geometry": { "type": "LineString", "coordinates": [ [ -77.089160497531296, 38.862547765423031 ], [ -77.091764473843142, 38.856045586590582 ] ] } },
{ "type": "Feature", "properties": { "type": "edge", "id": null, "source": 345.0, "target": 344.0 }, "geometry": { "type": "LineString", "coordinates": [ [ -77.089160497531296, 38.862547765423031 ], [ -77.080855846057432, 38.864295839134854 ] ] } },
{ "type": "Feature", "properties": { "type": "edge", "id": null, "source": 398.0, "target": 384.0 }, "geometry": { "type": "LineString", "coordinates": [ [ -77.191046370013154, 38.877284587167971 ], [ -77.180840169539891, 38.87636512634041 ] ] } },
{ "type": "Feature", "properties": { "type": "edge", "id": null, "source": 314.0, "target": 317.0 }, "geometry": { "type": "LineString", "coordinates": [ [ -77.212328247943887, 38.799813036443467 ], [ -77.222757117022979, 38.809249336278221 ] ] } },
{ "type": "Feature", "properties": { "type": "edge", "id": null, "source": 313.0, "target": 407.0 }, "geometry": { "type": "LineString", "coordinates": [ [ -77.276037605281829, 38.865774644886237 ], [ -77.271943046887316, 38.84851256091391 ] ] } },
{ "type": "Feature", "properties": { "type": "edge", "id": null, "source": 315.0, "target": 340.0 }, "geometry": { "type": "LineString", "coordinates": [ [ -77.086785652250256, 38.833285425262773 ], [ -77.103862454289569, 38.839020829547536 ] ] } },
{ "type": "Feature", "properties": { "type": "edge", "id": null, "source": 315.0, "target": 370.0 }, "geometry": { "type": "LineString", "coordinates": [ [ -77.086785652250256, 38.833285425262773 ], [ -77.094826260375328, 38.836596065301023 ] ] } },
{ "type": "Feature", "properties": { "type": "edge", "id": null, "source": 315.0, "target": 346.0 }, "geometry": { "type": "LineString", "coordinates": [ [ -77.086785652250256, 38.833285425262773 ], [ -77.084630477126055, 38.840526831466327 ] ] } },
{ "type": "Feature", "properties": { "type": "edge", "id": null, "source": 315.0, "target": 388.0 }, "geometry": { "type": "LineString", "coordinates": [ [ -77.086785652250256, 38.833285425262773 ], [ -77.06474215132495, 38.826671948058994 ] ] } },
{ "type": "Feature", "properties": { "type": "edge", "id": null, "source": 315.0, "target": 333.0 }, "geometry": { "type": "LineString", "coordinates": [ [ -77.086785652250256, 38.833285425262773 ], [ -77.105262409358829, 38.824346144359616 ] ] } },
{ "type": "Feature", "properties": { "type": "edge", "id": null, "source": 316.0, "target": 460.0 }, "geometry": { "type": "LineString", "coordinates": [ [ -77.227307706164993, 38.878212819576042 ], [ -77.251640857082705, 38.895760705231531 ] ] } },
{ "type": "Feature", "properties": { "type": "edge", "id": null, "source": 427.0, "target": 323.0 }, "geometry": { "type": "LineString", "coordinates": [ [ -77.106555597214452, 38.872308958906629 ], [ -77.120266520783105, 38.877684535523805 ] ] } },
{ "type": "Feature", "properties": { "type": "edge", "id": null, "source": 427.0, "target": 348.0 }, "geometry": { "type": "LineString", "coordinates": [ [ -77.106555597214452, 38.872308958906629 ], [ -77.102426390925913, 38.864317153976167 ] ] } },
{ "type": "Feature", "properties": { "type": "edge", "id": null, "source": 331.0, "target": 402.0 }, "geometry": { "type": "LineString", "coordinates": [ [ -77.155709906087139, 38.891564008059127 ], [ -77.139244934347488, 38.895860546129001 ] ] } },
{ "type": "Feature", "properties": { "type": "edge", "id": null, "source": 331.0, "target": 336.0 }, "geometry": { "type": "LineString", "coordinates": [ [ -77.155709906087139, 38.891564008059127 ], [ -77.129864079939637, 38.894068071014637 ] ] } },
{ "type": "Feature", "properties": { "type": "edge", "id": null, "source": 331.0, "target": 387.0 }, "geometry": { "type": "LineString", "coordinates": [ [ -77.155709906087139, 38.891564008059127 ], [ -77.171434025437705, 38.876014671754348 ] ] } },
{ "type": "Feature", "properties": { "type": "edge", "id": null, "source": 340.0, "target": 370.0 }, "geometry": { "type": "LineString", "coordinates": [ [ -77.103862454289569, 38.839020829547536 ], [ -77.094826260375328, 38.836596065301023 ] ] } },
{ "type": "Feature", "properties": { "type": "edge", "id": null, "source": 340.0, "target": 333.0 }, "geometry": { "type": "LineString", "coordinates": [ [ -77.103862454289569, 38.839020829547536 ], [ -77.105262409358829, 38.824346144359616 ] ] } },
{ "type": "Feature", "properties": { "type": "edge", "id": null, "source": 340.0, "target": 423.0 }, "geometry": { "type": "LineString", "coordinates": [ [ -77.103862454289569, 38.839020829547536 ], [ -77.116331330872484, 38.85271891221204 ] ] } },
{ "type": "Feature", "properties": { "type": "edge", "id": null, "source": 374.0, "target": 386.0 }, "geometry": { "type": "LineString", "coordinates": [ [ -77.274893070634576, 38.821676941583775 ], [ -77.281912573832258, 38.834473870107487 ] ] } },
{ "type": "Feature", "properties": { "type": "edge", "id": null, "source": 374.0, "target": 363.0 }, "geometry": { "type": "LineString", "coordinates": [ [ -77.274893070634576, 38.821676941583775 ], [ -77.257878024346056, 38.839308177847215 ] ] } },
{ "type": "Feature", "properties": { "type": "edge", "id": null, "source": 317.0, "target": 355.0 }, "geometry": { "type": "LineString", "coordinates": [ [ -77.222757117022979, 38.809249336278221 ], [ -77.23999688479158, 38.810784935048325 ] ] } },
{ "type": "Feature", "properties": { "type": "edge", "id": null, "source": 402.0, "target": 336.0 }, "geometry": { "type": "LineString", "coordinates": [ [ -77.139244934347488, 38.895860546129001 ], [ -77.129864079939637, 38.894068071014637 ] ] } },
{ "type": "Feature", "properties": { "type": "edge", "id": null, "source": 323.0, "target": 293.0 }, "geometry": { "type": "LineString", "coordinates": [ [ -77.120266520783105, 38.877684535523805 ], [ -77.105221282974895, 38.894880343102663 ] ] } },
{ "type": "Feature", "properties": { "type": "edge", "id": null, "source": 323.0, "target": 400.0 }, "geometry": { "type": "LineString", "coordinates": [ [ -77.120266520783105, 38.877684535523805 ], [ -77.129013335371766, 38.875844192247314 ] ] } },
{ "type": "Feature", "properties": { "type": "edge", "id": null, "source": 323.0, "target": 423.0 }, "geometry": { "type": "LineString", "coordinates": [ [ -77.120266520783105, 38.877684535523805 ], [ -77.116331330872484, 38.85271891221204 ] ] } },
{ "type": "Feature", "properties": { "type": "edge", "id": null, "source": 323.0, "target": 336.0 }, "geometry": { "type": "LineString", "coordinates": [ [ -77.120266520783105, 38.877684535523805 ], [ -77.129864079939637, 38.894068071014637 ] ] } },
{ "type": "Feature", "properties": { "type": "edge", "id": null, "source": 381.0, "target": 379.0 }, "geometry": { "type": "LineString", "coordinates": [ [ -77.266454885911728, 38.782238559642337 ], [ -77.271501219252102, 38.802482970170395 ] ] } },
{ "type": "Feature", "properties": { "type": "edge", "id": null, "source": 381.0, "target": 335.0 }, "geometry": { "type": "LineString", "coordinates": [ [ -77.266454885911728, 38.782238559642337 ], [ -77.247206668810264, 38.774577815637208 ] ] } },
{ "type": "Feature", "properties": { "type": "edge", "id": null, "source": 397.0, "target": 423.0 }, "geometry": { "type": "LineString", "coordinates": [ [ -77.091764473843142, 38.856045586590582 ], [ -77.116331330872484, 38.85271891221204 ] ] } },
{ "type": "Feature", "properties": { "type": "edge", "id": null, "source": 397.0, "target": 348.0 }, "geometry": { "type": "LineString", "coordinates": [ [ -77.091764473843142, 38.856045586590582 ], [ -77.102426390925913, 38.864317153976167 ] ] } },
{ "type": "Feature", "properties": { "type": "edge", "id": null, "source": 395.0, "target": 442.0 }, "geometry": { "type": "LineString", "coordinates": [ [ -77.176106753809066, 38.933908631666881 ], [ -77.165873922955285, 38.917067398734623 ] ] } },
{ "type": "Feature", "properties": { "type": "edge", "id": null, "source": 329.0, "target": 387.0 }, "geometry": { "type": "LineString", "coordinates": [ [ -77.17792896327478, 38.886660366070579 ], [ -77.171434025437705, 38.876014671754348 ] ] } },
{ "type": "Feature", "properties": { "type": "edge", "id": null, "source": 336.0, "target": 356.0 }, "geometry": { "type": "LineString", "coordinates": [ [ -77.129864079939637, 38.894068071014637 ], [ -77.116371407617592, 38.897529851379502 ] ] } },
{ "type": "Feature", "properties": { "type": "edge", "id": null, "source": 336.0, "target": 438.0 }, "geometry": { "type": "LineString", "coordinates": [ [ -77.129864079939637, 38.894068071014637 ], [ -77.140066880621831, 38.868899061523514 ] ] } },
{ "type": "Feature", "properties": { "type": "edge", "id": null, "source": 336.0, "target": 401.0 }, "geometry": { "type": "LineString", "coordinates": [ [ -77.129864079939637, 38.894068071014637 ], [ -77.126836191188701, 38.901425765006444 ] ] } },
{ "type": "Feature", "properties": { "type": "edge", "id": null, "source": 423.0, "target": 399.0 }, "geometry": { "type": "LineString", "coordinates": [ [ -77.116331330872484, 38.85271891221204 ], [ -77.127383314746709, 38.860215480344671 ] ] } },
{ "type": "Feature", "properties": { "type": "edge", "id": null, "source": 423.0, "target": 371.0 }, "geometry": { "type": "LineString", "coordinates": [ [ -77.116331330872484, 38.85271891221204 ], [ -77.137234108905574, 38.851981513171943 ] ] } },
{ "type": "Feature", "properties": { "type": "edge", "id": null, "source": 423.0, "target": 348.0 }, "geometry": { "type": "LineString", "coordinates": [ [ -77.116331330872484, 38.85271891221204 ], [ -77.102426390925913, 38.864317153976167 ] ] } },
{ "type": "Feature", "properties": { "type": "edge", "id": null, "source": 344.0, "target": 349.0 }, "geometry": { "type": "LineString", "coordinates": [ [ -77.080855846057432, 38.864295839134854 ], [ -77.067411401667073, 38.864695035742997 ] ] } },
{ "type": "Feature", "properties": { "type": "edge", "id": null, "source": 387.0, "target": 384.0 }, "geometry": { "type": "LineString", "coordinates": [ [ -77.171434025437705, 38.876014671754348 ], [ -77.180840169539891, 38.87636512634041 ] ] } },
{ "type": "Feature", "properties": { "type": "edge", "id": null, "source": 371.0, "target": 399.0 }, "geometry": { "type": "LineString", "coordinates": [ [ -77.137234108905574, 38.851981513171943 ], [ -77.127383314746709, 38.860215480344671 ] ] } },
{ "type": "Feature", "properties": { "type": "edge", "id": null, "source": 371.0, "target": 438.0 }, "geometry": { "type": "LineString", "coordinates": [ [ -77.137234108905574, 38.851981513171943 ], [ -77.140066880621831, 38.868899061523514 ] ] } },
{ "type": "Feature", "properties": { "type": "edge", "id": null, "source": 356.0, "target": 293.0 }, "geometry": { "type": "LineString", "coordinates": [ [ -77.116371407617592, 38.897529851379502 ], [ -77.105221282974895, 38.894880343102663 ] ] } },
{ "type": "Feature", "properties": { "type": "edge", "id": null, "source": 359.0, "target": 429.0 }, "geometry": { "type": "LineString", "coordinates": [ [ -77.152064575015828, 38.82014159691893 ], [ -77.144751793799287, 38.775994665416285 ] ] } },
{ "type": "Feature", "properties": { "type": "edge", "id": null, "source": 363.0, "target": 407.0 }, "geometry": { "type": "LineString", "coordinates": [ [ -77.257878024346056, 38.839308177847215 ], [ -77.271943046887316, 38.84851256091391 ] ] } },
{ "type": "Feature", "properties": { "type": "edge", "id": null, "source": 407.0, "target": 386.0 }, "geometry": { "type": "LineString", "coordinates": [ [ -77.271943046887316, 38.84851256091391 ], [ -77.281912573832258, 38.834473870107487 ] ] } },
{ "type": "Feature", "properties": { "type": "edge", "id": null, "source": 369.0, "target": 386.0 }, "geometry": { "type": "LineString", "coordinates": [ [ -77.293094948765372, 38.84390467186617 ], [ -77.281912573832258, 38.834473870107487 ] ] } },
{ "type": "Feature", "properties": { "type": "edge", "id": null, "source": 376.0, "target": 429.0 }, "geometry": { "type": "LineString", "coordinates": [ [ -77.095967989720663, 38.765450704914443 ], [ -77.144751793799287, 38.775994665416285 ] ] } },
{ "type": "Feature", "properties": { "type": "edge", "id": null, "source": 376.0, "target": 445.0 }, "geometry": { "type": "LineString", "coordinates": [ [ -77.095967989720663, 38.765450704914443 ], [ -77.099651164790629, 38.737193090981023 ] ] } },
{ "type": "Feature", "properties": { "type": "edge", "id": null, "source": 438.0, "target": 400.0 }, "geometry": { "type": "LineString", "coordinates": [ [ -77.140066880621831, 38.868899061523514 ], [ -77.129013335371766, 38.875844192247314 ] ] } },
{ "type": "Feature", "properties": { "type": "edge", "id": null, "source": 438.0, "target": 399.0 }, "geometry": { "type": "LineString", "coordinates": [ [ -77.140066880621831, 38.868899061523514 ], [ -77.127383314746709, 38.860215480344671 ] ] } },
{ "type": "Feature", "properties": { "type": "edge", "id": null, "source": 415.0, "target": 460.0 }, "geometry": { "type": "LineString", "coordinates": [ [ -77.221075936409946, 38.912139280533474 ], [ -77.251640857082705, 38.895760705231531 ] ] } },
{ "type": "Feature", "properties": { "type": "edge", "id": null, "source": 429.0, "target": 445.0 }, "geometry": { "type": "LineString", "coordinates": [ [ -77.144751793799287, 38.775994665416285 ], [ -77.099651164790629, 38.737193090981023 ] ] } },
{ "type": "Feature", "properties": { "type": "edge", "id": null, "source": 429.0, "target": 444.0 }, "geometry": { "type": "LineString", "coordinates": [ [ -77.144751793799287, 38.775994665416285 ], [ -77.127670525892938, 38.723404425053005 ] ] } },
{ "type": "Feature", "properties": { "type": "edge", "id": null, "source": 460.0, "target": 462.0 }, "geometry": { "type": "LineString", "coordinates": [ [ -77.251640857082705, 38.895760705231531 ], [ -77.271231913152647, 38.894947197176677 ] ] } }
]
}
