{
    "type": "FeatureCollection",
    "name": "lines_iterative",
    "crs": {
        "type": "name",
        "properties": {
            "name": "urn:ogc:def:crs:OGC:1.3:CRS84"
        }
    },
    "features": [
        {
            "type": "Feature",
            "properties": {
                "type": "line",
                "line_id": 0,
                "kde_values": [
                    2.456201447743356,
                    1.6739257044651077,
                    1.6834426036341643,
                    3.1095686273853693,
                    3.5937278539784465,
                    1.75192631035931,
                    2.810915192968316,
                    3.430097725349692,
                    4.05873099058771,
                    4.2743936984066195,
                    3.96520115783015,
                    3.155125594977449,
                    5.872602687355989,
                    16.0230796011203,
                    20.276917737430036,
                    22.931599118638072,
                    21.94542206055991,
                    20.20624464169552,
                    18.79751611191482,
                    19.426335949790207
                ],
                "segment_lengths": [
                    5451.549402491224,
                    6644.1180934751055,
                    7591.430881515331,
                    1475.3051842611567,
                    4074.5177356468635,
                    10470.31281180308,
                    3260.660384402426,
                    3174.402461382413,
                    4087.213167720045,
                    779.236435553059,
                    4957.009646055298,
                    4455.0786823813605,
                    3854.512211347642,
                    1251.695993304687,
                    978.6875527965219,
                    889.6103195108706,
                    1272.5736944244857,
                    582.8786049384062,
                    543.7348120690611
                ],
                "group": 0,
                "name_list": [
                    "Glenmont",
                    "Colesville",
                    "Fairland",
                    "Laurel 2",
                    "Laurel",
                    "South Laurel",
                    "Seabrook 2",
                    "Seabrook",
                    "New Carrollton",
                    "Landover Hills",
                    "Woodlawn",
                    "Cottage City",
                    "Brookland",
                    "Howard University",
                    "Cardozo/Shaw",
                    "Dupont Circle 2",
                    "Dupont Circle",
                    "George Washington University 2",
                    "Foggy Bottom",
                    "George Washington University"
                ],
                "is_station": [
                    true,
                    true,
                    true,
                    true,
                    true,
                    true,
                    true,
                    true,
                    true,
                    true,
                    true,
                    true,
                    true,
                    true,
                    true,
                    true,
                    true,
                    true,
                    true,
                    true
                ],
                "route_kind": "generated",
                "service_status": "planned",
                "occupancy_pct": null,
                "delay_min": null,
                "accessibility_score": 100.0,
                "is_accessible": true,
                "row_type": null,
                "construction_cost_musd": null,
                "ridership_estimate": null
            },
            "geometry": {
                "type": "LineString",
                "coordinates": [
                    [
                        -77.049,
                        39.061
                    ],
                    [
                        -77.004,
                        39.076
                    ],
                    [
                        -76.945,
                        39.083
                    ],
                    [
                        -76.877,
                        39.087
                    ],
                    [
                        -76.864,
                        39.085
                    ],
                    [
                        -76.838,
                        39.065
                    ],
                    [
                        -76.834,
                        38.992
                    ],
                    [
                        -76.848,
                        38.972
                    ],
                    [
                        -76.869,
                        38.957
                    ],
                    [
                        -76.901,
                        38.943
                    ],
                    [
                        -76.908,
                        38.943
                    ],
                    [
                        -76.951,
                        38.934
                    ],
                    [
                        -76.991,
                        38.933
                    ],
                    [
                        -77.022,
                        38.921
                    ],
                    [
                        -77.032,
                        38.917
                    ],
                    [
                        -77.038,
                        38.912
                    ],
                    [
                        -77.045,
                        38.909
                    ],
                    [
                        -77.05,
                        38.901
                    ],
                    [
                        -77.051,
                        38.897
                    ],
                    [
                        -77.048,
                        38.894
                    ]
                ]
            }
        },
        {
            "type": "Feature",
            "properties": {
                "type": "line",
                "line_id": 1,
                "kde_values": [
                    1.388548958697046,
                    2.3376079767164466,
                    4.171344871088509,
                    4.141368924624597,
                    14.379295511783194,
                    18.46063660686255,
                    23.875785579036915,
                    24.415801218046063,
                    16.0230796011203,
                    8.641881165050432,
                    2.7394787248534636,
                    1.9191765229996078,
                    2.024691776463726,
                    2.456201447743356,
                    2.6772378532608245,
                    2.589398557864302,
                    3.529420300866793,
                    3.475528317706187,
                    3.7322267425833346,
                    3.92728624679579,
                    4.394805684100802,
                    4.391898484406646,
                    4.047896041993979,
                    3.60692253745901
                ],
                "segment_lengths": [
                    9430.619592074761,
                    4735.0847417707755,
                    2431.8784419628605,
                    5433.505424516608,
                    865.1985743047624,
                    1573.2016163738444,
                    1608.4956880897662,
                    2146.0001867720857,
                    2313.7945449653075,
                    4450.055402305716,
                    3724.9411182336776,
                    7244.635268812706,
                    2875.527945262319,
                    3738.6111473630535,
                    4845.23478073605,
                    2926.1202701004872,
                    2386.9602023984708,
                    3614.968967114714,
                    3520.4275291534514,
                    2579.6210991511402,
                    484.8162438358023,
                    5813.222107864762,
                    1342.9310829039628
                ],
                "group": 1,
                "name_list": [
                    "Fort Washington",
                    "National Harbor",
                    "Bellevue 2",
                    "Bellevue",
                    "Southwest/Waterfront",
                    "",
                    "Penn Quarter",
                    "Mount Vernon Square",
                    "Howard University",
                    "Park View",
                    "Brightwood",
                    "Silver Spring",
                    "Wheaton",
                    "Glenmont",
                    "Aspen Hill 2",
                    "Aspen Hill",
                    "Derwood 2",
                    "Derwood",
                    "Washington Grove",
                    "Gaithersburg 2",
                    "Gaithersburg",
                    "",
                    "Germantown 2",
                    "Germantown"
                ],
                "is_station": [
                    true,
                    true,
                    true,
                    true,
                    true,
                    false,
                    true,
                    true,
                    true,
                    true,
                    true,
                    true,
                    true,
                    true,
                    true,
                    true,
                    true,
                    true,
                    true,
                    true,
                    true,
                    false,
                    true,
                    true
                ],
                "route_kind": "generated",
                "service_status": "planned",
                "occupancy_pct": null,
                "delay_min": null,
                "accessibility_score": 100.0,
                "is_accessible": true,
                "row_type": null,
                "construction_cost_musd": null,
                "ridership_estimate": null
            },
            "geometry": {
                "type": "LineString",
                "coordinates": [
                    [
                        -76.993,
                        38.726
                    ],
                    [
                        -77.014,
                        38.79
                    ],
                    [
                        -77.018,
                        38.823
                    ],
                    [
                        -77.017,
                        38.84
                    ],
                    [
                        -77.018,
                        38.878
                    ],
                    [
                        -77.019,
                        38.884
                    ],
                    [
                        -77.019,
                        38.895
                    ],
                    [
                        -77.022,
                        38.906
                    ],
                    [
                        -77.022,
                        38.921
                    ],
                    [
                        -77.025,
                        38.937
                    ],
                    [
                        -77.028,
                        38.968
                    ],
                    [
                        -77.027,
                        38.994
                    ],
                    [
                        -77.051,
                        39.041
                    ],
                    [
                        -77.049,
                        39.061
                    ],
                    [
                        -77.072,
                        39.08
                    ],
                    [
                        -77.111,
                        39.095
                    ],
                    [
                        -77.137,
                        39.098
                    ],
                    [
                        -77.157,
                        39.104
                    ],
                    [
                        -77.184,
                        39.118
                    ],
                    [
                        -77.195,
                        39.141
                    ],
                    [
                        -77.211,
                        39.154
                    ],
                    [
                        -77.213,
                        39.157
                    ],
                    [
                        -77.262,
                        39.171
                    ],
                    [
                        -77.27,
                        39.178
                    ]
                ]
            }
        },
        {
            "type": "Feature",
            "properties": {
                "type": "line",
                "line_id": 2,
                "kde_values": [
                    4.051278142700593,
                    5.774133895916095,
                    15.474197748923906,
                    23.875785579036915,
                    25.77417842495785,
                    26.700826856967964,
                    26.739933397007352,
                    24.727596547147932,
                    21.94542206055991,
                    6.225822955992628,
                    1.9645681385356757,
                    2.2855259634358367,
                    2.8805761092087856,
                    2.480658065129777,
                    2.875199994288919,
                    3.646291072506738,
                    3.60692253745901
                ],
                "segment_lengths": [
                    3034.8346370543995,
                    3624.311016146974,
                    1933.3816192787435,
                    625.8056176995055,
                    543.749117325353,
                    889.5840733356403,
                    830.0962649134941,
                    725.0528824025698,
                    3294.498207323671,
                    6678.1611955287235,
                    11215.705411230638,
                    12491.397622197675,
                    2814.3329151248067,
                    8092.831086796334,
                    1810.34057929778,
                    2814.0715378466853
                ],
                "group": 2,
                "name_list": [
                    "Douglass",
                    "Historic Anacostia",
                    "Capitol Hill",
                    "Penn Quarter",
                    "Penn Quarter 2",
                    "Downtown 2",
                    "Downtown",
                    "Golden Triangle",
                    "Dupont Circle",
                    "Glover Park",
                    "Brookmont",
                    "North Bethesda",
                    "North Potomac",
                    "Gaithersburg 3",
                    "Germantown 4",
                    "Germantown 3",
                    "Germantown"
                ],
                "is_station": [
                    true,
                    true,
                    true,
                    true,
                    true,
                    true,
                    true,
                    true,
                    true,
                    true,
                    true,
                    true,
                    true,
                    true,
                    true,
                    true,
                    true
                ],
                "route_kind": "generated",
                "service_status": "planned",
                "occupancy_pct": null,
                "delay_min": null,
                "accessibility_score": 100.0,
                "is_accessible": true,
                "row_type": null,
                "construction_cost_musd": null,
                "ridership_estimate": null
            },
            "geometry": {
                "type": "LineString",
                "coordinates": [
                    [
                        -76.981,
                        38.846
                    ],
                    [
                        -76.985,
                        38.867
                    ],
                    [
                        -77.005,
                        38.887
                    ],
                    [
                        -77.019,
                        38.895
                    ],
                    [
                        -77.024,
                        38.897
                    ],
                    [
                        -77.027,
                        38.9
                    ],
                    [
                        -77.034,
                        38.903
                    ],
                    [
                        -77.041,
                        38.905
                    ],
                    [
                        -77.045,
                        38.909
                    ],
                    [
                        -77.071,
                        38.92
                    ],
                    [
                        -77.118,
                        38.949
                    ],
                    [
                        -77.147,
                        39.024
                    ],
                    [
                        -77.197,
                        39.102
                    ],
                    [
                        -77.217,
                        39.114
                    ],
                    [
                        -77.275,
                        39.148
                    ],
                    [
                        -77.28,
                        39.16
                    ],
                    [
                        -77.27,
                        39.178
                    ]
                ]
            }
        },
        {
            "type": "Feature",
            "properties": {
                "type": "line",
                "line_id": 3,
                "kde_values": [
                    25.77417842495785,
                    26.700826856967964,
                    26.921004759298132,
                    26.00302278745132,
                    25.240341407150602,
                    24.727596547147932,
                    21.94542206055991,
                    6.225822955992628,
                    4.350835825886746,
                    4.039277964265989,
                    1.9191765229996078,
                    1.6723968203310895,
                    1.6739257044651077,
                    2.33079082510616,
                    2.3685784527232148,
                    2.6262238514738065,
                    3.035176170992581,
                    4.394805684100802,
                    2.875199994288919,
                    1.3877824985286824,
                    2.9924091694338615,
                    2.928258801758819
                ],
                "segment_lengths": [
                    543.749117325353,
                    683.0619477287102,
                    574.6841579713305,
                    362.51371973216817,
                    181.25924495274776,
                    725.0528824025698,
                    3294.498207323671,
                    4104.794399152015,
                    2456.415967247403,
                    6855.581350927872,
                    7893.770911250159,
                    5254.06109888717,
                    5272.899888421141,
                    3532.5923238964515,
                    9851.002454239298,
                    2649.030701378163,
                    5122.70842272597,
                    7176.320138032012,
                    15372.815347545742,
                    16181.825243745825,
                    1516.2399086022788
                ],
                "group": 3,
                "name_list": [
                    "Penn Quarter 2",
                    "Downtown 2",
                    "Downtown 3",
                    "Golden Triangle 2",
                    "",
                    "Golden Triangle",
                    "Dupont Circle",
                    "Glover Park",
                    "Tenleytown",
                    "Chevy Chase Village",
                    "Silver Spring",
                    "White Oak",
                    "Colesville",
                    "Layhill",
                    "Leisure World",
                    "Redland",
                    "Washington Grove 2",
                    "Gaithersburg",
                    "Germantown 4",
                    "Poolesville 3",
                    "Poolesville 2",
                    "Poolesville"
                ],
                "is_station": [
                    true,
                    true,
                    true,
                    true,
                    false,
                    true,
                    true,
                    true,
                    true,
                    true,
                    true,
                    true,
                    true,
                    true,
                    true,
                    true,
                    true,
                    true,
                    true,
                    true,
                    true,
                    true
                ],
                "route_kind": "generated",
                "service_status": "planned",
                "occupancy_pct": null,
                "delay_min": null,
                "accessibility_score": 100.0,
                "is_accessible": true,
                "row_type": null,
                "construction_cost_musd": null,
                "ridership_estimate": null
            },
            "geometry": {
                "type": "LineString",
                "coordinates": [
                    [
                        -77.024,
                        38.897
                    ],
                    [
                        -77.027,
                        38.9
                    ],
                    [
                        -77.033,
                        38.901
                    ],
                    [
                        -77.038,
                        38.902
                    ],
                    [
                        -77.04,
                        38.904
                    ],
                    [
                        -77.041,
                        38.905
                    ],
                    [
                        -77.045,
                        38.909
                    ],
                    [
                        -77.071,
                        38.92
                    ],
                    [
                        -77.079,
                        38.948
                    ],
                    [
                        -77.076,
                        38.965
                    ],
                    [
                        -77.027,
                        38.994
                    ],
                    [
                        -76.99,
                        39.041
                    ],
                    [
                        -77.004,
                        39.076
                    ],
                    [
                        -77.046,
                        39.093
                    ],
                    [
                        -77.075,
                        39.103
                    ],
                    [
                        -77.145,
                        39.145
                    ],
                    [
                        -77.165,
                        39.155
                    ],
                    [
                        -77.211,
                        39.154
                    ],
                    [
                        -77.275,
                        39.148
                    ],
                    [
                        -77.413,
                        39.144
                    ],
                    [
                        -77.552,
                        39.111
                    ],
                    [
                        -77.564,
                        39.106
                    ]
                ]
            }
        },
        {
            "type": "Feature",
            "properties": {
                "type": "line",
                "line_id": 4,
                "kde_values": [
                    3.0097733054708895,
                    2.623106752011255,
                    5.933686093294463,
                    6.106330124171947,
                    6.340153817177483,
                    5.480047369732869,
                    5.0866371801597134,
                    5.329007565352588,
                    6.155148558666371,
                    8.641881165050432,
                    11.504050727997543,
                    16.02874152309296,
                    21.94542206055991,
                    24.727596547147932,
                    26.739933397007352,
                    26.921004759298132,
                    25.7699041865282,
                    22.896330968109545,
                    7.438557937345261,
                    4.989827171692972,
                    6.141062197892786,
                    5.03663959473124,
                    3.2957149837496744,
                    2.9208860975969193,
                    1.8001408762940387
                ],
                "segment_lengths": [
                    3380.3780352090193,
                    4046.807146342621,
                    467.74341412965975,
                    725.5565284833339,
                    2325.2094615789197,
                    2776.2514303902863,
                    1319.599559352878,
                    2658.480434416747,
                    2732.312835613056,
                    1682.7149286437245,
                    1362.6423243151444,
                    1889.663418436366,
                    725.0528824025698,
                    830.0962649134941,
                    306.98176556801104,
                    920.900242004737,
                    748.9775489935294,
                    5032.6319248571,
                    4350.080758562847,
                    3754.161055142529,
                    2985.8239718050336,
                    3610.4671196017293,
                    3707.624080844456,
                    6529.642083012081
                ],
                "group": 4,
                "name_list": [
                    "Greenbelt",
                    "Berwyn Heights",
                    "College Park",
                    "",
                    "",
                    "Hyattsville",
                    "Mount Rainier",
                    "Michigan Park",
                    "Pleasant Hill",
                    "Park View",
                    "Mount Pleasant",
                    "Adams Morgan",
                    "Dupont Circle",
                    "Golden Triangle",
                    "Downtown",
                    "Downtown 3",
                    "Downtown 4",
                    "Monumental Core",
                    "Aurora Highlands",
                    "Shirlington",
                    "Fairlington 4",
                    "Claremont",
                    "Fairlington 3",
                    "Fairlington 2",
                    "Fairlington"
                ],
                "is_station": [
                    true,
                    true,
                    true,
                    false,
                    false,
                    true,
                    true,
                    true,
                    true,
                    true,
                    true,
                    true,
                    true,
                    true,
                    true,
                    true,
                    true,
                    true,
                    true,
                    true,
                    true,
                    true,
                    true,
                    true,
                    true
                ],
                "route_kind": "generated",
                "service_status": "planned",
                "occupancy_pct": null,
                "delay_min": null,
                "accessibility_score": 100.0,
                "is_accessible": true,
                "row_type": null,
                "construction_cost_musd": null,
                "ridership_estimate": null
            },
            "geometry": {
                "type": "LineString",
                "coordinates": [
                    [
                        -76.878,
                        38.992
                    ],
                    [
                        -76.907,
                        38.999
                    ],
                    [
                        -76.941,
                        38.989
                    ],
                    [
                        -76.945,
                        38.988
                    ],
                    [
                        -76.949,
                        38.984
                    ],
                    [
                        -76.957,
                        38.969
                    ],
                    [
                        -76.969,
                        38.952
                    ],
                    [
                        -76.978,
                        38.946
                    ],
                    [
                        -77.001,
                        38.941
                    ],
                    [
                        -77.025,
                        38.937
                    ],
                    [
                        -77.038,
                        38.931
                    ],
                    [
                        -77.042,
                        38.922
                    ],
                    [
                        -77.045,
                        38.909
                    ],
                    [
                        -77.041,
                        38.905
                    ],
                    [
                        -77.034,
                        38.903
                    ],
                    [
                        -77.033,
                        38.901
                    ],
                    [
                        -77.03,
                        38.895
                    ],
                    [
                        -77.032,
                        38.89
                    ],
                    [
                        -77.061,
                        38.863
                    ],
                    [
                        -77.088,
                        38.841
                    ],
                    [
                        -77.118,
                        38.829
                    ],
                    [
                        -77.139,
                        38.816
                    ],
                    [
                        -77.163,
                        38.799
                    ],
                    [
                        -77.187,
                        38.781
                    ],
                    [
                        -77.213,
                        38.74
                    ]
                ]
            }
        },
        {
            "type": "Feature",
            "properties": {
                "type": "line",
                "line_id": 5,
                "kde_values": [
                    2.660347041904198,
                    2.807340327213974,
                    2.0659721355640572,
                    3.356463399073181,
                    3.00849610555648,
                    3.5295634253081825,
                    4.9738634153137244,
                    4.510883017129763,
                    6.817067608220814,
                    17.496283916655774,
                    20.013682841188768,
                    23.875785579036915,
                    22.896330968109545,
                    19.426335949790207,
                    4.849850160328561,
                    4.324006689985729,
                    3.419489075371627,
                    3.1523233428354276,
                    1.7914955655424742,
                    3.362402522843402,
                    2.2146730593095674,
                    1.689333212786909,
                    2.185825862110667,
                    2.1584353676152874
                ],
                "segment_lengths": [
                    1330.6783267347946,
                    9831.240307458766,
                    4232.558455078957,
                    4620.761946130333,
                    3120.2250601891346,
                    4121.303362899237,
                    1682.455783255575,
                    3633.305518767542,
                    2705.9118837440706,
                    529.2619765762839,
                    1319.1979934487379,
                    1614.2032582432369,
                    1870.7352419299675,
                    3937.9596843947857,
                    3379.921543026871,
                    4281.669523254985,
                    5706.025605367363,
                    5064.269885073151,
                    6358.420948629646,
                    4563.839435641563,
                    6581.836398231972,
                    5998.433091046299,
                    15317.325775152214
                ],
                "group": 5,
                "name_list": [
                    "Bowie 2",
                    "Bowie",
                    "Kettering",
                    "Lake Arbor",
                    "Peppermill Village",
                    "Maryland Park",
                    "Marshall Heights",
                    "Benning",
                    "Carver",
                    "North Capitol Street",
                    "",
                    "Penn Quarter",
                    "Monumental Core",
                    "George Washington University",
                    "Colonial Village",
                    "Virginia Square",
                    "Boulevard Manor",
                    "East Falls Church 6",
                    "East Falls Church 5",
                    "East Falls Church 4",
                    "East Falls Church 3",
                    "East Falls Church 2",
                    "East Falls Church",
                    "Poolesville 4"
                ],
                "is_station": [
                    true,
                    true,
                    true,
                    true,
                    true,
                    true,
                    true,
                    true,
                    true,
                    true,
                    false,
                    true,
                    true,
                    true,
                    true,
                    true,
                    true,
                    true,
                    true,
                    true,
                    true,
                    true,
                    true,
                    true
                ],
                "route_kind": "generated",
                "service_status": "planned",
                "occupancy_pct": null,
                "delay_min": null,
                "accessibility_score": 100.0,
                "is_accessible": true,
                "row_type": null,
                "construction_cost_musd": null,
                "ridership_estimate": null
            },
            "geometry": {
                "type": "LineString",
                "coordinates": [
                    [
                        -76.717,
                        38.945
                    ],
                    [
                        -76.72,
                        38.936
                    ],
                    [
                        -76.796,
                        38.901
                    ],
                    [
                        -76.834,
                        38.902
                    ],
                    [
                        -76.872,
                        38.889
                    ],
                    [
                        -76.9,
                        38.888
                    ],
                    [
                        -76.937,
                        38.889
                    ],
                    [
                        -76.95,
                        38.895
                    ],
                    [
                        -76.982,
                        38.9
                    ],
                    [
                        -77.006,
                        38.903
                    ],
                    [
                        -77.01,
                        38.901
                    ],
                    [
                        -77.019,
                        38.895
                    ],
                    [
                        -77.032,
                        38.89
                    ],
                    [
                        -77.048,
                        38.894
                    ],
                    [
                        -77.083,
                        38.89
                    ],
                    [
                        -77.112,
                        38.883
                    ],
                    [
                        -77.146,
                        38.869
                    ],
                    [
                        -77.197,
                        38.865
                    ],
                    [
                        -77.241,
                        38.874
                    ],
                    [
                        -77.296,
                        38.862
                    ],
                    [
                        -77.336,
                        38.855
                    ],
                    [
                        -77.395,
                        38.858
                    ],
                    [
                        -77.447,
                        38.869
                    ],
                    [
                        -77.55,
                        38.94
                    ]
                ]
            }
        },
        {
            "type": "Feature",
            "properties": {
                "type": "line",
                "line_id": 6,
                "kde_values": [
                    1.8001408762940387,
                    2.853317316587126,
                    3.2957149837496744,
                    5.120240598457495,
                    6.141062197892786,
                    4.989827171692972,
                    7.438557937345261,
                    22.896330968109545,
                    25.7699041865282,
                    26.42784433984751,
                    26.700826856967964,
                    24.415801218046063,
                    16.0230796011203,
                    8.641881165050432,
                    4.11835575436219,
                    2.2993537596187226,
                    1.7073545195298334,
                    1.6834426036341643
                ],
                "segment_lengths": [
                    5970.1551827477115,
                    4291.612642482772,
                    3655.1496062318806,
                    3128.353346964357,
                    3754.161055142529,
                    4350.080758562847,
                    5032.6319248571,
                    748.9775489935294,
                    306.9592390084749,
                    483.428337440493,
                    1022.9533004901798,
                    2146.0001867720857,
                    2313.7945449653075,
                    4058.518621057605,
                    4532.878497326161,
                    8968.600411255846,
                    5520.411614232471
                ],
                "group": 6,
                "name_list": [
                    "Fairlington",
                    "Fairlington 6",
                    "Fairlington 3",
                    "Fairlington 5",
                    "Fairlington 4",
                    "Shirlington",
                    "Aurora Highlands",
                    "Monumental Core",
                    "Downtown 4",
                    "",
                    "Downtown 2",
                    "Mount Vernon Square",
                    "Howard University",
                    "Park View",
                    "Queens Chapel",
                    "Langley Park",
                    "Calverton",
                    "Fairland"
                ],
                "is_station": [
                    true,
                    true,
                    true,
                    true,
                    true,
                    true,
                    true,
                    true,
                    true,
                    false,
                    true,
                    true,
                    true,
                    true,
                    true,
                    true,
                    true,
                    true
                ],
                "route_kind": "generated",
                "service_status": "planned",
                "occupancy_pct": null,
                "delay_min": null,
                "accessibility_score": 100.0,
                "is_accessible": true,
                "row_type": null,
                "construction_cost_musd": null,
                "ridership_estimate": null
            },
            "geometry": {
                "type": "LineString",
                "coordinates": [
                    [
                        -77.213,
                        38.74
                    ],
                    [
                        -77.177,
                        38.771
                    ],
                    [
                        -77.163,
                        38.799
                    ],
                    [
                        -77.134,
                        38.811
                    ],
                    [
                        -77.118,
                        38.829
                    ],
                    [
                        -77.088,
                        38.841
                    ],
                    [
                        -77.061,
                        38.863
                    ],
                    [
                        -77.032,
                        38.89
                    ],
                    [
                        -77.03,
                        38.895
                    ],
                    [
                        -77.029,
                        38.897
                    ],
                    [
                        -77.027,
                        38.9
                    ],
                    [
                        -77.022,
                        38.906
                    ],
                    [
                        -77.022,
                        38.921
                    ],
                    [
                        -77.025,
                        38.937
                    ],
                    [
                        -77.002,
                        38.959
                    ],
                    [
                        -76.989,
                        38.989
                    ],
                    [
                        -76.953,
                        39.045
                    ],
                    [
                        -76.945,
                        39.083
                    ]
                ]
            }
        },
        {
            "type": "Feature",
            "properties": {
                "type": "line",
                "line_id": 7,
                "kde_values": [
                    3.419489075371627,
                    4.324006689985729,
                    4.849850160328561,
                    20.20624464169552,
                    22.621473069998103,
                    26.00302278745132,
                    26.921004759298132,
                    26.700826856967964,
                    25.77417842495785,
                    23.875785579036915,
                    15.474197748923906,
                    5.774133895916095,
                    4.762343976293978,
                    4.105946148798602,
                    3.7424318769082823,
                    2.089288454604974,
                    2.0659721355640572,
                    2.807340327213974,
                    2.660347041904198,
                    1.6448138566776545
                ],
                "segment_lengths": [
                    4281.669523254985,
                    3379.921543026871,
                    3996.285916084553,
                    529.2619765747169,
                    901.9709474109449,
                    574.6841579713305,
                    683.0619477287102,
                    543.749117325353,
                    625.8056176995055,
                    1933.3816192787435,
                    3624.311016146974,
                    2440.970380106366,
                    4316.800395328846,
                    4158.339242163873,
                    5011.417116774964,
                    7291.252354521854,
                    9831.240307458766,
                    1330.6783267347946,
                    5356.245420185157
                ],
                "group": 5,
                "name_list": [
                    "Boulevard Manor",
                    "Virginia Square",
                    "Colonial Village",
                    "George Washington University 2",
                    "George Washington University 3",
                    "Golden Triangle 2",
                    "Downtown 3",
                    "Downtown 2",
                    "Penn Quarter 2",
                    "Penn Quarter",
                    "Capitol Hill",
                    "Historic Anacostia",
                    "Naylor Gardens",
                    "Coral Hills",
                    "Walker Mill",
                    "Largo",
                    "Kettering",
                    "Bowie",
                    "Bowie 2",
                    "Bowie 3"
                ],
                "is_station": [
                    true,
                    true,
                    true,
                    true,
                    true,
                    true,
                    true,
                    true,
                    true,
                    true,
                    true,
                    true,
                    true,
                    true,
                    true,
                    true,
                    true,
                    true,
                    true,
                    true
                ],
                "route_kind": "generated",
                "service_status": "planned",
                "occupancy_pct": null,
                "delay_min": null,
                "accessibility_score": 100.0,
                "is_accessible": true,
                "row_type": null,
                "construction_cost_musd": null,
                "ridership_estimate": null
            },
            "geometry": {
                "type": "LineString",
                "coordinates": [
                    [
                        -77.146,
                        38.869
                    ],
                    [
                        -77.112,
                        38.883
                    ],
                    [
                        -77.083,
                        38.89
                    ],
                    [
                        -77.05,
                        38.901
                    ],
                    [
                        -77.046,
                        38.903
                    ],
                    [
                        -77.038,
                        38.902
                    ],
                    [
                        -77.033,
                        38.901
                    ],
                    [
                        -77.027,
                        38.9
                    ],
                    [
                        -77.024,
                        38.897
                    ],
                    [
                        -77.019,
                        38.895
                    ],
                    [
                        -77.005,
                        38.887
                    ],
                    [
                        -76.985,
                        38.867
                    ],
                    [
                        -76.965,
                        38.86
                    ],
                    [
                        -76.93,
                        38.873
                    ],
                    [
                        -76.893,
                        38.869
                    ],
                    [
                        -76.848,
                        38.87
                    ],
                    [
                        -76.796,
                        38.901
                    ],
                    [
                        -76.72,
                        38.936
                    ],
                    [
                        -76.717,
                        38.945
                    ],
                    [
                        -76.734,
                        38.98
                    ]
                ]
            }
        },
        {
            "type": "Feature",
            "properties": {
                "type": "line",
                "line_id": 8,
                "kde_values": [
                    7.438557937345261,
                    19.426335949790207,
                    26.00302278745132,
                    26.739933397007352,
                    24.415801218046063,
                    15.124109445789777,
                    12.436883702344934,
                    6.817067608220814,
                    4.510883017129763,
                    4.9738634153137244,
                    3.5295634253081825,
                    3.00849610555648,
                    3.356463399073181,
                    2.0659721355640572,
                    2.807340327213974,
                    2.660347041904198,
                    1.6448138566776545,
                    2.9404718725652876
                ],
                "segment_lengths": [
                    4663.120745168584,
                    1596.429699115006,
                    467.6902783985823,
                    1403.0745326324604,
                    2024.0737907178072,
                    683.0649013577125,
                    2043.2847444862052,
                    3633.305518767542,
                    1682.455783255575,
                    4121.303362899237,
                    3120.2250601891346,
                    4620.761946130333,
                    4232.558455078957,
                    9831.240307458766,
                    1330.6783267347946,
                    5356.245420185157,
                    21508.37732362779
                ],
                "group": 7,
                "name_list": [
                    "Aurora Highlands",
                    "George Washington University",
                    "Golden Triangle 2",
                    "Downtown",
                    "Mount Vernon Square",
                    "Near Northeast",
                    "",
                    "Carver",
                    "Benning",
                    "Marshall Heights",
                    "Maryland Park",
                    "Peppermill Village",
                    "Lake Arbor",
                    "Kettering",
                    "Bowie",
                    "Bowie 2",
                    "Bowie 3",
                    "Laurel 3"
                ],
                "is_station": [
                    true,
                    true,
                    true,
                    true,
                    true,
                    true,
                    false,
                    true,
                    true,
                    true,
                    true,
                    true,
                    true,
                    true,
                    true,
                    true,
                    true,
                    true
                ],
                "route_kind": "generated",
                "service_status": "planned",
                "occupancy_pct": null,
                "delay_min": null,
                "accessibility_score": 100.0,
                "is_accessible": true,
                "row_type": null,
                "construction_cost_musd": null,
                "ridership_estimate": null
            },
            "geometry": {
                "type": "LineString",
                "coordinates": [
                    [
                        -77.061,
                        38.863
                    ],
                    [
                        -77.048,
                        38.894
                    ],
                    [
                        -77.038,
                        38.902
                    ],
                    [
                        -77.034,
                        38.903
                    ],
                    [
                        -77.022,
                        38.906
                    ],
                    [
                        -77.004,
                        38.908
                    ],
                    [
                        -76.998,
                        38.907
                    ],
                    [
                        -76.982,
                        38.9
                    ],
                    [
                        -76.95,
                        38.895
                    ],
                    [
                        -76.937,
                        38.889
                    ],
                    [
                        -76.9,
                        38.888
                    ],
                    [
                        -76.872,
                        38.889
                    ],
                    [
                        -76.834,
                        38.902
                    ],
                    [
                        -76.796,
                        38.901
                    ],
                    [
                        -76.72,
                        38.936
                    ],
                    [
                        -76.717,
                        38.945
                    ],
                    [
                        -76.734,
                        38.98
                    ],
                    [
                        -76.855,
                        39.097
                    ]
                ]
            }
        },
        {
            "type": "Feature",
            "properties": {
                "type": "line",
                "line_id": 9,
                "kde_values": [
                    2.1584353676152874,
                    2.7260387608051606,
                    2.185825862110667,
                    1.689333212786909,
                    2.2146730593095674,
                    3.362402522843402,
                    1.7914955655424742,
                    3.4553563727095056,
                    2.990458804552009,
                    4.13813253474327,
                    4.324006689985729,
                    4.849850160328561,
                    20.20624464169552,
                    22.621473069998103,
                    26.00302278745132,
                    26.921004759298132,
                    26.700826856967964,
                    25.77417842495785,
                    23.875785579036915,
                    15.474197748923906,
                    5.774133895916095,
                    4.762343976293978,
                    3.625412817871971,
                    2.7009288547780566,
                    2.169801672344161
                ],
                "segment_lengths": [
                    3876.7873892341668,
                    11489.85703657667,
                    5998.433091046299,
                    6581.836398231972,
                    4563.839435641563,
                    6358.420948629646,
                    4795.273220529037,
                    2841.158230938403,
                    5209.512827782086,
                    2043.167309399771,
                    3379.921543026871,
                    3996.285916084553,
                    529.2619765747169,
                    901.9709474109449,
                    574.6841579713305,
                    683.0619477287102,
                    543.749117325353,
                    625.8056176995055,
                    1933.3816192787435,
                    3624.311016146974,
                    2440.970380106366,
                    4937.968102218696,
                    5442.734504166119,
                    5481.4027475575995
                ],
                "group": 5,
                "name_list": [
                    "Poolesville 4",
                    "Poolesville 5",
                    "East Falls Church",
                    "East Falls Church 2",
                    "East Falls Church 3",
                    "East Falls Church 4",
                    "East Falls Church 5",
                    "East Falls Church 8",
                    "East Falls Church 7",
                    "High View Park",
                    "Virginia Square",
                    "Colonial Village",
                    "George Washington University 2",
                    "George Washington University 3",
                    "Golden Triangle 2",
                    "Downtown 3",
                    "Downtown 2",
                    "Penn Quarter 2",
                    "Penn Quarter",
                    "Capitol Hill",
                    "Historic Anacostia",
                    "Naylor Gardens",
                    "Marlow Heights",
                    "Camp Springs",
                    "Clinton"
                ],
                "is_station": [
                    true,
                    true,
                    true,
                    true,
                    true,
                    true,
                    true,
                    true,
                    true,
                    true,
                    true,
                    true,
                    true,
                    true,
                    true,
                    true,
                    true,
                    true,
                    true,
                    true,
                    true,
                    true,
                    true,
                    true,
                    true
                ],
                "route_kind": "generated",
                "service_status": "planned",
                "occupancy_pct": null,
                "delay_min": null,
                "accessibility_score": 100.0,
                "is_accessible": true,
                "row_type": null,
                "construction_cost_musd": null,
                "ridership_estimate": null
            },
            "geometry": {
                "type": "LineString",
                "coordinates": [
                    [
                        -77.55,
                        38.94
                    ],
                    [
                        -77.521,
                        38.925
                    ],
                    [
                        -77.447,
                        38.869
                    ],
                    [
                        -77.395,
                        38.858
                    ],
                    [
                        -77.336,
                        38.855
                    ],
                    [
                        -77.296,
                        38.862
                    ],
                    [
                        -77.241,
                        38.874
                    ],
                    [
                        -77.198,
                        38.876
                    ],
                    [
                        -77.173,
                        38.88
                    ],
                    [
                        -77.128,
                        38.89
                    ],
                    [
                        -77.112,
                        38.883
                    ],
                    [
                        -77.083,
                        38.89
                    ],
                    [
                        -77.05,
                        38.901
                    ],
                    [
                        -77.046,
                        38.903
                    ],
                    [
                        -77.038,
                        38.902
                    ],
                    [
                        -77.033,
                        38.901
                    ],
                    [
                        -77.027,
                        38.9
                    ],
                    [
                        -77.024,
                        38.897
                    ],
                    [
                        -77.019,
                        38.895
                    ],
                    [
                        -77.005,
                        38.887
                    ],
                    [
                        -76.985,
                        38.867
                    ],
                    [
                        -76.965,
                        38.86
                    ],
                    [
                        -76.943,
                        38.83
                    ],
                    [
                        -76.927,
                        38.794
                    ],
                    [
                        -76.892,
                        38.767
                    ]
                ]
            }
        },
        {
            "type": "Feature",
            "properties": {
                "type": "line",
                "line_id": 10,
                "kde_values": [
                    1.388548958697046,
                    3.570927681222972,
                    3.625412817871971,
                    4.762343976293978,
                    5.774133895916095,
                    15.474197748923906,
                    23.875785579036915,
                    25.77417842495785,
                    26.700826856967964,
                    26.739933397007352,
                    24.727596547147932,
                    22.621473069998103,
                    20.20624464169552,
                    4.849850160328561,
                    4.324006689985729,
                    3.419489075371627,
                    2.723115668175682,
                    2.408067420881505,
                    2.251961236396148,
                    2.196894452283163,
                    1.645696547553329,
                    2.1584353676152874
                ],
                "segment_lengths": [
                    11902.90424805818,
                    3985.513923604134,
                    4937.968102218696,
                    2440.970380106366,
                    3624.311016146974,
                    1933.3816192787435,
                    625.8056176995055,
                    543.749117325353,
                    889.5840733356403,
                    830.0962649134941,
                    625.8203514525161,
                    529.2619765747169,
                    3996.285916084553,
                    3379.921543026871,
                    4281.669523254985,
                    7181.494198118414,
                    2803.9667050339795,
                    4941.6740938330895,
                    2645.346946615565,
                    15443.012622946833,
                    21503.344705402815
                ],
                "group": 8,
                "name_list": [
                    "Fort Washington",
                    "Temple Hills",
                    "Marlow Heights",
                    "Naylor Gardens",
                    "Historic Anacostia",
                    "Capitol Hill",
                    "Penn Quarter",
                    "Penn Quarter 2",
                    "Downtown 2",
                    "Downtown",
                    "Golden Triangle",
                    "George Washington University 3",
                    "George Washington University 2",
                    "Colonial Village",
                    "Virginia Square",
                    "Boulevard Manor",
                    "Boulevard Manor 2",
                    "Madison Manor 3",
                    "Madison Manor 2",
                    "Madison Manor",
                    "East Falls Church 9",
                    "Poolesville 4"
                ],
                "is_station": [
                    true,
                    true,
                    true,
                    true,
                    true,
                    true,
                    true,
                    true,
                    true,
                    true,
                    true,
                    true,
                    true,
                    true,
                    true,
                    true,
                    true,
                    true,
                    true,
                    true,
                    true,
                    true
                ],
                "route_kind": "generated",
                "service_status": "planned",
                "occupancy_pct": null,
                "delay_min": null,
                "accessibility_score": 100.0,
                "is_accessible": true,
                "row_type": null,
                "construction_cost_musd": null,
                "ridership_estimate": null
            },
            "geometry": {
                "type": "LineString",
                "coordinates": [
                    [
                        -76.993,
                        38.726
                    ],
                    [
                        -76.952,
                        38.803
                    ],
                    [
                        -76.943,
                        38.83
                    ],
                    [
                        -76.965,
                        38.86
                    ],
                    [
                        -76.985,
                        38.867
                    ],
                    [
                        -77.005,
                        38.887
                    ],
                    [
                        -77.019,
                        38.895
                    ],
                    [
                        -77.024,
                        38.897
                    ],
                    [
                        -77.027,
                        38.9
                    ],
                    [
                        -77.034,
                        38.903
                    ],
                    [
                        -77.041,
                        38.905
                    ],
                    [
                        -77.046,
                        38.903
                    ],
                    [
                        -77.05,
                        38.901
                    ],
                    [
                        -77.083,
                        38.89
                    ],
                    [
                        -77.112,
                        38.883
                    ],
                    [
                        -77.146,
                        38.869
                    ],
                    [
                        -77.191,
                        38.833
                    ],
                    [
                        -77.214,
                        38.825
                    ],
                    [
                        -77.254,
                        38.81
                    ],
                    [
                        -77.276,
                        38.817
                    ],
                    [
                        -77.413,
                        38.834
                    ],
                    [
                        -77.55,
                        38.94
                    ]
                ]
            }
        },
        {
            "type": "Feature",
            "properties": {
                "type": "line",
                "line_id": 11,
                "kde_values": [
                    2.2146730593095674,
                    3.8254026557548486,
                    2.196894452283163,
                    2.251961236396148,
                    2.408067420881505,
                    2.723115668175682,
                    3.419489075371627,
                    4.324006689985729,
                    4.849850160328561,
                    20.20624464169552,
                    22.621473069998103,
                    24.727596547147932,
                    22.931599118638072,
                    20.276917737430036,
                    16.0230796011203,
                    5.872602687355989,
                    3.155125594977449,
                    3.96520115783015,
                    4.2743936984066195,
                    3.7446285320720825,
                    1.6699968864424177,
                    1.6566531012280954
                ],
                "segment_lengths": [
                    3892.286762149904,
                    5119.352345912822,
                    2645.346946615565,
                    4941.6740938330895,
                    2803.9667050339795,
                    7181.494198118414,
                    4281.669523254985,
                    3379.921543026871,
                    3996.285916084553,
                    529.2619765747169,
                    625.8203514525161,
                    1055.614806965467,
                    978.6875527965219,
                    1251.695993304687,
                    3854.512211347642,
                    4455.0786823813605,
                    4957.009646055298,
                    779.236435553059,
                    4379.0474235336205,
                    5791.6327761936855,
                    5144.740542573507
                ],
                "group": 9,
                "name_list": [
                    "East Falls Church 3",
                    "East Falls Church 10",
                    "Madison Manor",
                    "Madison Manor 2",
                    "Madison Manor 3",
                    "Boulevard Manor 2",
                    "Boulevard Manor",
                    "Virginia Square",
                    "Colonial Village",
                    "George Washington University 2",
                    "George Washington University 3",
                    "Golden Triangle",
                    "Dupont Circle 2",
                    "Cardozo/Shaw",
                    "Howard University",
                    "Brookland",
                    "Cottage City",
                    "Woodlawn",
                    "Landover Hills",
                    "Springdale",
                    "Mitchellville",
                    "Fairwood"
                ],
                "is_station": [
                    true,
                    true,
                    true,
                    true,
                    true,
                    true,
                    true,
                    true,
                    true,
                    true,
                    true,
                    true,
                    true,
                    true,
                    true,
                    true,
                    true,
                    true,
                    true,
                    true,
                    true,
                    true
                ],
                "route_kind": "generated",
                "service_status": "planned",
                "occupancy_pct": null,
                "delay_min": null,
                "accessibility_score": 100.0,
                "is_accessible": true,
                "row_type": null,
                "construction_cost_musd": null,
                "ridership_estimate": null
            },
            "geometry": {
                "type": "LineString",
                "coordinates": [
                    [
                        -77.336,
                        38.855
                    ],
                    [
                        -77.303,
                        38.846
                    ],
                    [
                        -77.276,
                        38.817
                    ],
                    [
                        -77.254,
                        38.81
                    ],
                    [
                        -77.214,
                        38.825
                    ],
                    [
                        -77.191,
                        38.833
                    ],
                    [
                        -77.146,
                        38.869
                    ],
                    [
                        -77.112,
                        38.883
                    ],
                    [
                        -77.083,
                        38.89
                    ],
                    [
                        -77.05,
                        38.901
                    ],
                    [
                        -77.046,
                        38.903
                    ],
                    [
                        -77.041,
                        38.905
                    ],
                    [
                        -77.038,
                        38.912
                    ],
                    [
                        -77.032,
                        38.917
                    ],
                    [
                        -77.022,
                        38.921
                    ],
                    [
                        -76.991,
                        38.933
                    ],
                    [
                        -76.951,
                        38.934
                    ],
                    [
                        -76.908,
                        38.943
                    ],
                    [
                        -76.901,
                        38.943
                    ],
                    [
                        -76.862,
                        38.947
                    ],
                    [
                        -76.811,
                        38.955
                    ],
                    [
                        -76.771,
                        38.973
                    ]
                ]
            }
        },
        {
            "type": "Feature",
            "properties": {
                "type": "line",
                "line_id": 12,
                "kde_values": [
                    1.896980933861579,
                    3.7706871668708852,
                    3.500192273554207,
                    3.625412817871971,
                    4.071435314934124,
                    4.051278142700593,
                    5.774133895916095,
                    15.474197748923906,
                    23.875785579036915,
                    25.77417842495785,
                    26.700826856967964,
                    26.921004759298132,
                    26.00302278745132,
                    22.621473069998103,
                    20.20624464169552,
                    4.849850160328561,
                    4.324006689985729,
                    4.13813253474327,
                    2.990458804552009,
                    3.4553563727095056,
                    1.7914955655424742,
                    3.362402522843402,
                    2.2146730593095674,
                    1.689333212786909,
                    2.185825862110667,
                    2.7260387608051606,
                    3.0492534403987688,
                    1.4767347713398393,
                    2.9522633987686606
                ],
                "segment_lengths": [
                    4060.388053357815,
                    2190.937339721095,
                    3795.6374206851556,
                    1870.587728918334,
                    2989.82514947428,
                    3034.8346370543995,
                    3624.311016146974,
                    1933.3816192787435,
                    625.8056176995055,
                    543.749117325353,
                    683.0619477287102,
                    574.6841579713305,
                    901.9709474109449,
                    529.2619765747169,
                    3996.285916084553,
                    3379.921543026871,
                    2043.167309399771,
                    5209.512827782086,
                    2841.158230938403,
                    4795.273220529037,
                    6358.420948629646,
                    4563.839435641563,
                    6581.836398231972,
                    5998.433091046299,
                    11489.85703657667,
                    1589.7774133538612,
                    7325.8192886840425,
                    6597.807543450918
                ],
                "group": 5,
                "name_list": [
                    "Melwood",
                    "Morningside 2",
                    "Morningside",
                    "Marlow Heights",
                    "Hillcrest Heights",
                    "Douglass",
                    "Historic Anacostia",
                    "Capitol Hill",
                    "Penn Quarter",
                    "Penn Quarter 2",
                    "Downtown 2",
                    "Downtown 3",
                    "Golden Triangle 2",
                    "George Washington University 3",
                    "George Washington University 2",
                    "Colonial Village",
                    "Virginia Square",
                    "High View Park",
                    "East Falls Church 7",
                    "East Falls Church 8",
                    "East Falls Church 5",
                    "East Falls Church 4",
                    "East Falls Church 3",
                    "East Falls Church 2",
                    "East Falls Church",
                    "Poolesville 5",
                    "Poolesville 8",
                    "Poolesville 7",
                    "Poolesville 6"
                ],
                "is_station": [
                    true,
                    true,
                    true,
                    true,
                    true,
                    true,
                    true,
                    true,
                    true,
                    true,
                    true,
                    true,
                    true,
                    true,
                    true,
                    true,
                    true,
                    true,
                    true,
                    true,
                    true,
                    true,
                    true,
                    true,
                    true,
                    true,
                    true,
                    true,
                    true
                ],
                "route_kind": "generated",
                "service_status": "planned",
                "occupancy_pct": null,
                "delay_min": null,
                "accessibility_score": 100.0,
                "is_accessible": true,
                "row_type": null,
                "construction_cost_musd": null,
                "ridership_estimate": null
            },
            "geometry": {
                "type": "LineString",
                "coordinates": [
                    [
                        -76.855,
                        38.816
                    ],
                    [
                        -76.89,
                        38.824
                    ],
                    [
                        -76.909,
                        38.828
                    ],
                    [
                        -76.943,
                        38.83
                    ],
                    [
                        -76.959,
                        38.834
                    ],
                    [
                        -76.981,
                        38.846
                    ],
                    [
                        -76.985,
                        38.867
                    ],
                    [
                        -77.005,
                        38.887
                    ],
                    [
                        -77.019,
                        38.895
                    ],
                    [
                        -77.024,
                        38.897
                    ],
                    [
                        -77.027,
                        38.9
                    ],
                    [
                        -77.033,
                        38.901
                    ],
                    [
                        -77.038,
                        38.902
                    ],
                    [
                        -77.046,
                        38.903
                    ],
                    [
                        -77.05,
                        38.901
                    ],
                    [
                        -77.083,
                        38.89
                    ],
                    [
                        -77.112,
                        38.883
                    ],
                    [
                        -77.128,
                        38.89
                    ],
                    [
                        -77.173,
                        38.88
                    ],
                    [
                        -77.198,
                        38.876
                    ],
                    [
                        -77.241,
                        38.874
                    ],
                    [
                        -77.296,
                        38.862
                    ],
                    [
                        -77.336,
                        38.855
                    ],
                    [
                        -77.395,
                        38.858
                    ],
                    [
                        -77.447,
                        38.869
                    ],
                    [
                        -77.521,
                        38.925
                    ],
                    [
                        -77.523,
                        38.936
                    ],
                    [
                        -77.537,
                        38.986
                    ],
                    [
                        -77.51,
                        39.027
                    ]
                ]
            }
        },
        {
            "type": "Feature",
            "properties": {
                "type": "line",
                "line_id": 13,
                "kde_values": [
                    4.95743775678547,
                    5.342399558365974,
                    19.426335949790207,
                    26.00302278745132,
                    26.739933397007352,
                    24.415801218046063,
                    15.124109445789777,
                    12.436883702344934,
                    6.817067608220814,
                    4.510883017129763,
                    4.9738634153137244,
                    3.5295634253081825,
                    3.00849610555648,
                    3.356463399073181,
                    2.0659721355640572,
                    2.807340327213974,
                    2.660347041904198,
                    1.6448138566776545,
                    2.9404718725652876
                ],
                "segment_lengths": [
                    2061.0226416674886,
                    4569.229899841207,
                    1596.429699115006,
                    467.6902783985823,
                    1403.0745326324604,
                    2024.0737907178072,
                    683.0649013577125,
                    2043.2847444862052,
                    3633.305518767542,
                    1682.455783255575,
                    4121.303362899237,
                    3120.2250601891346,
                    4620.761946130333,
                    4232.558455078957,
                    9831.240307458766,
                    1330.6783267347946,
                    5356.245420185157,
                    21508.37732362779
                ],
                "group": 7,
                "name_list": [
                    "Columbia Heights",
                    "Penrose",
                    "George Washington University",
                    "Golden Triangle 2",
                    "Downtown",
                    "Mount Vernon Square",
                    "Near Northeast",
                    "",
                    "Carver",
                    "Benning",
                    "Marshall Heights",
                    "Maryland Park",
                    "Peppermill Village",
                    "Lake Arbor",
                    "Kettering",
                    "Bowie",
                    "Bowie 2",
                    "Bowie 3",
                    "Laurel 3"
                ],
                "is_station": [
                    true,
                    true,
                    true,
                    true,
                    true,
                    true,
                    true,
                    false,
                    true,
                    true,
                    true,
                    true,
                    true,
                    true,
                    true,
                    true,
                    true,
                    true,
                    true
                ],
                "route_kind": "generated",
                "service_status": "planned",
                "occupancy_pct": null,
                "delay_min": null,
                "accessibility_score": 100.0,
                "is_accessible": true,
                "row_type": null,
                "construction_cost_musd": null,
                "ridership_estimate": null
            },
            "geometry": {
                "type": "LineString",
                "coordinates": [
                    [
                        -77.089,
                        38.862
                    ],
                    [
                        -77.081,
                        38.875
                    ],
                    [
                        -77.048,
                        38.894
                    ],
                    [
                        -77.038,
                        38.902
                    ],
                    [
                        -77.034,
                        38.903
                    ],
                    [
                        -77.022,
                        38.906
                    ],
                    [
                        -77.004,
                        38.908
                    ],
                    [
                        -76.998,
                        38.907
                    ],
                    [
                        -76.982,
                        38.9
                    ],
                    [
                        -76.95,
                        38.895
                    ],
                    [
                        -76.937,
                        38.889
                    ],
                    [
                        -76.9,
                        38.888
                    ],
                    [
                        -76.872,
                        38.889
                    ],
                    [
                        -76.834,
                        38.902
                    ],
                    [
                        -76.796,
                        38.901
                    ],
                    [
                        -76.72,
                        38.936
                    ],
                    [
                        -76.717,
                        38.945
                    ],
                    [
                        -76.734,
                        38.98
                    ],
                    [
                        -76.855,
                        39.097
                    ]
                ]
            }
        },
        {
            "type": "Feature",
            "properties": {
                "type": "line",
                "line_id": 14,
                "kde_values": [
                    1.3878226462554066,
                    2.089288454604974,
                    3.7424318769082823,
                    4.105946148798602,
                    4.762343976293978,
                    5.774133895916095,
                    15.474197748923906,
                    23.875785579036915,
                    25.77417842495785,
                    26.700826856967964,
                    26.921004759298132,
                    26.00302278745132,
                    22.621473069998103,
                    20.20624464169552,
                    4.849850160328561,
                    4.324006689985729,
                    4.13813253474327,
                    2.990458804552009,
                    3.4553563727095056,
                    1.7914955655424742,
                    3.362402522843402,
                    2.2146730593095674,
                    1.689333212786909,
                    2.185825862110667,
                    2.1584353676152874
                ],
                "segment_lengths": [
                    13945.115109388158,
                    5011.417116774964,
                    4158.339242163873,
                    4316.800395328846,
                    2440.970380106366,
                    3624.311016146974,
                    1933.3816192787435,
                    625.8056176995055,
                    543.749117325353,
                    683.0619477287102,
                    574.6841579713305,
                    901.9709474109449,
                    529.2619765747169,
                    3996.285916084553,
                    3379.921543026871,
                    2043.167309399771,
                    5209.512827782086,
                    2841.158230938403,
                    4795.273220529037,
                    6358.420948629646,
                    4563.839435641563,
                    6581.836398231972,
                    5998.433091046299,
                    15317.325775152214
                ],
                "group": 5,
                "name_list": [
                    "Marlboro Meadows",
                    "Largo",
                    "Walker Mill",
                    "Coral Hills",
                    "Naylor Gardens",
                    "Historic Anacostia",
                    "Capitol Hill",
                    "Penn Quarter",
                    "Penn Quarter 2",
                    "Downtown 2",
                    "Downtown 3",
                    "Golden Triangle 2",
                    "George Washington University 3",
                    "George Washington University 2",
                    "Colonial Village",
                    "Virginia Square",
                    "High View Park",
                    "East Falls Church 7",
                    "East Falls Church 8",
                    "East Falls Church 5",
                    "East Falls Church 4",
                    "East Falls Church 3",
                    "East Falls Church 2",
                    "East Falls Church",
                    "Poolesville 4"
                ],
                "is_station": [
                    true,
                    true,
                    true,
                    true,
                    true,
                    true,
                    true,
                    true,
                    true,
                    true,
                    true,
                    true,
                    true,
                    true,
                    true,
                    true,
                    true,
                    true,
                    true,
                    true,
                    true,
                    true,
                    true,
                    true,
                    true
                ],
                "route_kind": "generated",
                "service_status": "planned",
                "occupancy_pct": null,
                "delay_min": null,
                "accessibility_score": 100.0,
                "is_accessible": true,
                "row_type": null,
                "construction_cost_musd": null,
                "ridership_estimate": null
            },
            "geometry": {
                "type": "LineString",
                "coordinates": [
                    [
                        -76.728,
                        38.842
                    ],
                    [
                        -76.848,
                        38.87
                    ],
                    [
                        -76.893,
                        38.869
                    ],
                    [
                        -76.93,
                        38.873
                    ],
                    [
                        -76.965,
                        38.86
                    ],
                    [
                        -76.985,
                        38.867
                    ],
                    [
                        -77.005,
                        38.887
                    ],
                    [
                        -77.019,
                        38.895
                    ],
                    [
                        -77.024,
                        38.897
                    ],
                    [
                        -77.027,
                        38.9
                    ],
                    [
                        -77.033,
                        38.901
                    ],
                    [
                        -77.038,
                        38.902
                    ],
                    [
                        -77.046,
                        38.903
                    ],
                    [
                        -77.05,
                        38.901
                    ],
                    [
                        -77.083,
                        38.89
                    ],
                    [
                        -77.112,
                        38.883
                    ],
                    [
                        -77.128,
                        38.89
                    ],
                    [
                        -77.173,
                        38.88
                    ],
                    [
                        -77.198,
                        38.876
                    ],
                    [
                        -77.241,
                        38.874
                    ],
                    [
                        -77.296,
                        38.862
                    ],
                    [
                        -77.336,
                        38.855
                    ],
                    [
                        -77.395,
                        38.858
                    ],
                    [
                        -77.447,
                        38.869
                    ],
                    [
                        -77.55,
                        38.94
                    ]
                ]
            }
        },
        {
            "type": "Feature",
            "properties": {
                "type": "line",
                "line_id": 15,
                "kde_values": [
                    1.388548958697046,
                    3.570927681222972,
                    3.625412817871971,
                    4.762343976293978,
                    5.774133895916095,
                    15.474197748923906,
                    23.875785579036915,
                    25.77417842495785,
                    26.700826856967964,
                    26.739933397007352,
                    24.727596547147932,
                    22.621473069998103,
                    20.20624464169552,
                    4.849850160328561,
                    4.324006689985729,
                    4.13813253474327,
                    2.990458804552009,
                    3.4553563727095056,
                    1.7914955655424742,
                    3.362402522843402,
                    2.2146730593095674,
                    1.689333212786909,
                    2.185825862110667,
                    2.7260387608051606,
                    2.1584353676152874
                ],
                "segment_lengths": [
                    11902.90424805818,
                    3985.513923604134,
                    4937.968102218696,
                    2440.970380106366,
                    3624.311016146974,
                    1933.3816192787435,
                    625.8056176995055,
                    543.749117325353,
                    889.5840733356403,
                    830.0962649134941,
                    625.8203514525161,
                    529.2619765747169,
                    3996.285916084553,
                    3379.921543026871,
                    2043.167309399771,
                    5209.512827782086,
                    2841.158230938403,
                    4795.273220529037,
                    6358.420948629646,
                    4563.839435641563,
                    6581.836398231972,
                    5998.433091046299,
                    11489.85703657667,
                    3876.7873892341668
                ],
                "group": 5,
                "name_list": [
                    "Fort Washington",
                    "Temple Hills",
                    "Marlow Heights",
                    "Naylor Gardens",
                    "Historic Anacostia",
                    "Capitol Hill",
                    "Penn Quarter",
                    "Penn Quarter 2",
                    "Downtown 2",
                    "Downtown",
                    "Golden Triangle",
                    "George Washington University 3",
                    "George Washington University 2",
                    "Colonial Village",
                    "Virginia Square",
                    "High View Park",
                    "East Falls Church 7",
                    "East Falls Church 8",
                    "East Falls Church 5",
                    "East Falls Church 4",
                    "East Falls Church 3",
                    "East Falls Church 2",
                    "East Falls Church",
                    "Poolesville 5",
                    "Poolesville 4"
                ],
                "is_station": [
                    true,
                    true,
                    true,
                    true,
                    true,
                    true,
                    true,
                    true,
                    true,
                    true,
                    true,
                    true,
                    true,
                    true,
                    true,
                    true,
                    true,
                    true,
                    true,
                    true,
                    true,
                    true,
                    true,
                    true,
                    true
                ],
                "route_kind": "generated",
                "service_status": "planned",
                "occupancy_pct": null,
                "delay_min": null,
                "accessibility_score": 100.0,
                "is_accessible": true,
                "row_type": null,
                "construction_cost_musd": null,
                "ridership_estimate": null
            },
            "geometry": {
                "type": "LineString",
                "coordinates": [
                    [
                        -76.993,
                        38.726
                    ],
                    [
                        -76.952,
                        38.803
                    ],
                    [
                        -76.943,
                        38.83
                    ],
                    [
                        -76.965,
                        38.86
                    ],
                    [
                        -76.985,
                        38.867
                    ],
                    [
                        -77.005,
                        38.887
                    ],
                    [
                        -77.019,
                        38.895
                    ],
                    [
                        -77.024,
                        38.897
                    ],
                    [
                        -77.027,
                        38.9
                    ],
                    [
                        -77.034,
                        38.903
                    ],
                    [
                        -77.041,
                        38.905
                    ],
                    [
                        -77.046,
                        38.903
                    ],
                    [
                        -77.05,
                        38.901
                    ],
                    [
                        -77.083,
                        38.89
                    ],
                    [
                        -77.112,
                        38.883
                    ],
                    [
                        -77.128,
                        38.89
                    ],
                    [
                        -77.173,
                        38.88
                    ],
                    [
                        -77.198,
                        38.876
                    ],
                    [
                        -77.241,
                        38.874
                    ],
                    [
                        -77.296,
                        38.862
                    ],
                    [
                        -77.336,
                        38.855
                    ],
                    [
                        -77.395,
                        38.858
                    ],
                    [
                        -77.447,
                        38.869
                    ],
                    [
                        -77.521,
                        38.925
                    ],
                    [
                        -77.55,
                        38.94
                    ]
                ]
            }
        },
        {
            "type": "Feature",
            "properties": {
                "type": "line",
                "line_id": 16,
                "kde_values": [
                    3.0889371331143063,
                    2.2940651426072916,
                    1.6964473896224594,
                    3.138660361540695,
                    3.109688393533699,
                    4.171344871088509,
                    4.141368924624597,
                    14.379295511783194,
                    18.997142561415647,
                    22.896330968109545,
                    19.426335949790207,
                    18.79751611191482,
                    20.20624464169552,
                    21.94542206055991,
                    22.931599118638072,
                    20.276917737430036,
                    16.0230796011203,
                    5.872602687355989,
                    3.155125594977449,
                    3.96520115783015,
                    3.260303270541543,
                    2.623106752011255,
                    1.549958872502987,
                    3.1095686273853693
                ],
                "segment_lengths": [
                    2931.645265708837,
                    5621.717171665238,
                    5407.96660780746,
                    4377.636769993529,
                    3887.574775802029,
                    2431.8784419628605,
                    5433.505424516608,
                    1159.045282308579,
                    1159.098924613581,
                    1870.7352419299675,
                    543.7348120690611,
                    582.8786049384062,
                    1272.5736944244857,
                    889.6103195108706,
                    978.6875527965219,
                    1251.695993304687,
                    3854.512211347642,
                    4455.0786823813605,
                    4957.009646055298,
                    3949.166291089938,
                    4705.05530427662,
                    5015.854928484668,
                    8345.229774381773
                ],
                "group": 10,
                "name_list": [
                    "Bryans Road",
                    "Fort Washington 3",
                    "Fort Washington 2",
                    "National Harbor 2",
                    "Forest Heights",
                    "Bellevue 2",
                    "Bellevue",
                    "Southwest/Waterfront",
                    "",
                    "Monumental Core",
                    "George Washington University",
                    "Foggy Bottom",
                    "George Washington University 2",
                    "Dupont Circle",
                    "Dupont Circle 2",
                    "Cardozo/Shaw",
                    "Howard University",
                    "Brookland",
                    "Cottage City",
                    "Woodlawn",
                    "New Carrollton 2",
                    "Berwyn Heights",
                    "Beltsville",
                    "Laurel 2"
                ],
                "is_station": [
                    true,
                    true,
                    true,
                    true,
                    true,
                    true,
                    true,
                    true,
                    false,
                    true,
                    true,
                    true,
                    true,
                    true,
                    true,
                    true,
                    true,
                    true,
                    true,
                    true,
                    true,
                    true,
                    true,
                    true
                ],
                "route_kind": "generated",
                "service_status": "planned",
                "occupancy_pct": null,
                "delay_min": null,
                "accessibility_score": 100.0,
                "is_accessible": true,
                "row_type": null,
                "construction_cost_musd": null,
                "ridership_estimate": null
            },
            "geometry": {
                "type": "LineString",
                "coordinates": [
                    [
                        -77.144,
                        38.706
                    ],
                    [
                        -77.126,
                        38.721
                    ],
                    [
                        -77.085,
                        38.744
                    ],
                    [
                        -77.059,
                        38.776
                    ],
                    [
                        -77.043,
                        38.804
                    ],
                    [
                        -77.018,
                        38.823
                    ],
                    [
                        -77.017,
                        38.84
                    ],
                    [
                        -77.018,
                        38.878
                    ],
                    [
                        -77.025,
                        38.884
                    ],
                    [
                        -77.032,
                        38.89
                    ],
                    [
                        -77.048,
                        38.894
                    ],
                    [
                        -77.051,
                        38.897
                    ],
                    [
                        -77.05,
                        38.901
                    ],
                    [
                        -77.045,
                        38.909
                    ],
                    [
                        -77.038,
                        38.912
                    ],
                    [
                        -77.032,
                        38.917
                    ],
                    [
                        -77.022,
                        38.921
                    ],
                    [
                        -76.991,
                        38.933
                    ],
                    [
                        -76.951,
                        38.934
                    ],
                    [
                        -76.908,
                        38.943
                    ],
                    [
                        -76.893,
                        38.968
                    ],
                    [
                        -76.907,
                        38.999
                    ],
                    [
                        -76.908,
                        39.034
                    ],
                    [
                        -76.877,
                        39.087
                    ]
                ]
            }
        },
        {
            "type": "Feature",
            "properties": {
                "type": "line",
                "line_id": 17,
                "kde_values": [
                    1.9176902647442722,
                    2.9522633987686606,
                    2.1838171012100784,
                    3.7682014217317037,
                    3.7345619399048533,
                    2.224640180697341,
                    1.5869116306712496,
                    2.3524552940673504,
                    3.362402522843402,
                    2.196894452283163,
                    2.251961236396148,
                    2.408067420881505,
                    2.723115668175682,
                    3.982913008213583,
                    4.324006689985729,
                    4.849850160328561,
                    20.20624464169552,
                    22.621473069998103,
                    24.727596547147932,
                    26.739933397007352,
                    26.700826856967964,
                    25.77417842495785,
                    23.875785579036915,
                    15.474197748923906,
                    5.774133895916095,
                    4.762343976293978,
                    3.625412817871971
                ],
                "segment_lengths": [
                    9551.477412080236,
                    3084.4985553525303,
                    7835.918583947117,
                    2797.684678236624,
                    5718.657486246862,
                    4644.813416837078,
                    8997.594242853038,
                    2689.039628403866,
                    6805.765214424797,
                    2645.346946615565,
                    4941.6740938330895,
                    2803.9667050339795,
                    6918.819157535698,
                    4873.1137645680565,
                    3379.921543026871,
                    3996.285916084553,
                    529.2619765747169,
                    625.8203514525161,
                    830.0962649134941,
                    889.5840733356403,
                    543.749117325353,
                    625.8056176995055,
                    1933.3816192787435,
                    3624.311016146974,
                    2440.970380106366,
                    4937.968102218696
                ],
                "group": 11,
                "name_list": [
                    "Poolesville 10",
                    "Poolesville 6",
                    "Poolesville 9",
                    "Darnestown 2",
                    "Darnestown",
                    "Travilah",
                    "Potomac",
                    "East Falls Church 11",
                    "East Falls Church 4",
                    "Madison Manor",
                    "Madison Manor 2",
                    "Madison Manor 3",
                    "Boulevard Manor 2",
                    "Glencarlyn",
                    "Virginia Square",
                    "Colonial Village",
                    "George Washington University 2",
                    "George Washington University 3",
                    "Golden Triangle",
                    "Downtown",
                    "Downtown 2",
                    "Penn Quarter 2",
                    "Penn Quarter",
                    "Capitol Hill",
                    "Historic Anacostia",
                    "Naylor Gardens",
                    "Marlow Heights"
                ],
                "is_station": [
                    true,
                    true,
                    true,
                    true,
                    true,
                    true,
                    true,
                    true,
                    true,
                    true,
                    true,
                    true,
                    true,
                    true,
                    true,
                    true,
                    true,
                    true,
                    true,
                    true,
                    true,
                    true,
                    true,
                    true,
                    true,
                    true,
                    true
                ],
                "route_kind": "generated",
                "service_status": "planned",
                "occupancy_pct": null,
                "delay_min": null,
                "accessibility_score": 100.0,
                "is_accessible": true,
                "row_type": null,
                "construction_cost_musd": null,
                "ridership_estimate": null
            },
            "geometry": {
                "type": "LineString",
                "coordinates": [
                    [
                        -77.562,
                        39.08
                    ],
                    [
                        -77.51,
                        39.027
                    ],
                    [
                        -77.493,
                        39.01
                    ],
                    [
                        -77.435,
                        38.979
                    ],
                    [
                        -77.41,
                        38.977
                    ],
                    [
                        -77.368,
                        38.954
                    ],
                    [
                        -77.331,
                        38.939
                    ],
                    [
                        -77.303,
                        38.88
                    ],
                    [
                        -77.296,
                        38.862
                    ],
                    [
                        -77.276,
                        38.817
                    ],
                    [
                        -77.254,
                        38.81
                    ],
                    [
                        -77.214,
                        38.825
                    ],
                    [
                        -77.191,
                        38.833
                    ],
                    [
                        -77.135,
                        38.854
                    ],
                    [
                        -77.112,
                        38.883
                    ],
                    [
                        -77.083,
                        38.89
                    ],
                    [
                        -77.05,
                        38.901
                    ],
                    [
                        -77.046,
                        38.903
                    ],
                    [
                        -77.041,
                        38.905
                    ],
                    [
                        -77.034,
                        38.903
                    ],
                    [
                        -77.027,
                        38.9
                    ],
                    [
                        -77.024,
                        38.897
                    ],
                    [
                        -77.019,
                        38.895
                    ],
                    [
                        -77.005,
                        38.887
                    ],
                    [
                        -76.985,
                        38.867
                    ],
                    [
                        -76.965,
                        38.86
                    ],
                    [
                        -76.943,
                        38.83
                    ]
                ]
            }
        },
        {
            "type": "Feature",
            "properties": {
                "type": "line",
                "line_id": 18,
                "kde_values": [
                    1.896980933861579,
                    3.2025898309422987,
                    3.5865940358862467,
                    4.105946148798602,
                    4.9738634153137244,
                    4.510883017129763,
                    6.817067608220814,
                    17.496283916655774,
                    20.013682841188768,
                    23.875785579036915,
                    25.7699041865282,
                    19.426335949790207,
                    4.849850160328561,
                    4.324006689985729,
                    4.13813253474327,
                    2.990458804552009,
                    3.4553563727095056,
                    1.7914955655424742,
                    3.362402522843402,
                    2.2146730593095674,
                    1.689333212786909,
                    2.185825862110667,
                    2.1584353676152874
                ],
                "segment_lengths": [
                    5185.4457390347825,
                    3004.6018695877874,
                    3611.776192968817,
                    2417.0731662822254,
                    1682.455783255575,
                    3633.305518767542,
                    2705.9118837440706,
                    529.2619765762839,
                    1319.1979934487379,
                    1224.5143987257034,
                    2008.8490555660733,
                    3937.9596843947857,
                    3379.921543026871,
                    2043.167309399771,
                    5209.512827782086,
                    2841.158230938403,
                    4795.273220529037,
                    6358.420948629646,
                    4563.839435641563,
                    6581.836398231972,
                    5998.433091046299,
                    15317.325775152214
                ],
                "group": 5,
                "name_list": [
                    "Melwood",
                    "Forestville",
                    "District Heights",
                    "Coral Hills",
                    "Marshall Heights",
                    "Benning",
                    "Carver",
                    "North Capitol Street",
                    "",
                    "Penn Quarter",
                    "Downtown 4",
                    "George Washington University",
                    "Colonial Village",
                    "Virginia Square",
                    "High View Park",
                    "East Falls Church 7",
                    "East Falls Church 8",
                    "East Falls Church 5",
                    "East Falls Church 4",
                    "East Falls Church 3",
                    "East Falls Church 2",
                    "East Falls Church",
                    "Poolesville 4"
                ],
                "is_station": [
                    true,
                    true,
                    true,
                    true,
                    true,
                    true,
                    true,
                    true,
                    false,
                    true,
                    true,
                    true,
                    true,
                    true,
                    true,
                    true,
                    true,
                    true,
                    true,
                    true,
                    true,
                    true,
                    true
                ],
                "route_kind": "generated",
                "service_status": "planned",
                "occupancy_pct": null,
                "delay_min": null,
                "accessibility_score": 100.0,
                "is_accessible": true,
                "row_type": null,
                "construction_cost_musd": null,
                "ridership_estimate": null
            },
            "geometry": {
                "type": "LineString",
                "coordinates": [
                    [
                        -76.855,
                        38.816
                    ],
                    [
                        -76.883,
                        38.845
                    ],
                    [
                        -76.906,
                        38.856
                    ],
                    [
                        -76.93,
                        38.873
                    ],
                    [
                        -76.937,
                        38.889
                    ],
                    [
                        -76.95,
                        38.895
                    ],
                    [
                        -76.982,
                        38.9
                    ],
                    [
                        -77.006,
                        38.903
                    ],
                    [
                        -77.01,
                        38.901
                    ],
                    [
                        -77.019,
                        38.895
                    ],
                    [
                        -77.03,
                        38.895
                    ],
                    [
                        -77.048,
                        38.894
                    ],
                    [
                        -77.083,
                        38.89
                    ],
                    [
                        -77.112,
                        38.883
                    ],
                    [
                        -77.128,
                        38.89
                    ],
                    [
                        -77.173,
                        38.88
                    ],
                    [
                        -77.198,
                        38.876
                    ],
                    [
                        -77.241,
                        38.874
                    ],
                    [
                        -77.296,
                        38.862
                    ],
                    [
                        -77.336,
                        38.855
                    ],
                    [
                        -77.395,
                        38.858
                    ],
                    [
                        -77.447,
                        38.869
                    ],
                    [
                        -77.55,
                        38.94
                    ]
                ]
            }
        },
        {
            "type": "Feature",
            "properties": {
                "type": "line",
                "line_id": 19,
                "kde_values": [
                    25.7699041865282,
                    26.921004759298132,
                    26.739933397007352,
                    22.931599118638072,
                    16.02874152309296,
                    11.504050727997543,
                    8.641881165050432,
                    4.11835575436219,
                    2.2993537596187226,
                    1.6723968203310895,
                    1.6739257044651077,
                    2.33079082510616,
                    2.3685784527232148,
                    2.6262238514738065,
                    3.035176170992581,
                    4.394805684100802,
                    2.875199994288919,
                    1.3877824985286824,
                    2.9924091694338615
                ],
                "segment_lengths": [
                    920.900242004737,
                    306.98176556801104,
                    1362.3164963575002,
                    1498.4264458330094,
                    1362.6423243151444,
                    1682.7149286437245,
                    4058.518621057605,
                    4532.878497326161,
                    7450.965722310904,
                    5254.06109888717,
                    5272.899888421141,
                    3532.5923238964515,
                    9851.002454239298,
                    2649.030701378163,
                    5122.70842272597,
                    7176.320138032012,
                    15372.815347545742,
                    16181.825243745825
                ],
                "group": 3,
                "name_list": [
                    "Downtown 4",
                    "Downtown 3",
                    "Downtown",
                    "Dupont Circle 2",
                    "Adams Morgan",
                    "Mount Pleasant",
                    "Park View",
                    "Queens Chapel",
                    "Langley Park",
                    "White Oak",
                    "Colesville",
                    "Layhill",
                    "Leisure World",
                    "Redland",
                    "Washington Grove 2",
                    "Gaithersburg",
                    "Germantown 4",
                    "Poolesville 3",
                    "Poolesville 2"
                ],
                "is_station": [
                    true,
                    true,
                    true,
                    true,
                    true,
                    true,
                    true,
                    true,
                    true,
                    true,
                    true,
                    true,
                    true,
                    true,
                    true,
                    true,
                    true,
                    true,
                    true
                ],
                "route_kind": "generated",
                "service_status": "planned",
                "occupancy_pct": null,
                "delay_min": null,
                "accessibility_score": 100.0,
                "is_accessible": true,
                "row_type": null,
                "construction_cost_musd": null,
                "ridership_estimate": null
            },
            "geometry": {
                "type": "LineString",
                "coordinates": [
                    [
                        -77.03,
                        38.895
                    ],
                    [
                        -77.033,
                        38.901
                    ],
                    [
                        -77.034,
                        38.903
                    ],
                    [
                        -77.038,
                        38.912
                    ],
                    [
                        -77.042,
                        38.922
                    ],
                    [
                        -77.038,
                        38.931
                    ],
                    [
                        -77.025,
                        38.937
                    ],
                    [
                        -77.002,
                        38.959
                    ],
                    [
                        -76.989,
                        38.989
                    ],
                    [
                        -76.99,
                        39.041
                    ],
                    [
                        -77.004,
                        39.076
                    ],
                    [
                        -77.046,
                        39.093
                    ],
                    [
                        -77.075,
                        39.103
                    ],
                    [
                        -77.145,
                        39.145
                    ],
                    [
                        -77.165,
                        39.155
                    ],
                    [
                        -77.211,
                        39.154
                    ],
                    [
                        -77.275,
                        39.148
                    ],
                    [
                        -77.413,
                        39.144
                    ],
                    [
                        -77.552,
                        39.111
                    ]
                ]
            }
        }
    ]
}