{
    "type": "FeatureCollection",
    "name": "lines_genetic",
    "crs": {
        "type": "name",
        "properties": {
            "name": "urn:ogc:def:crs:OGC:1.3:CRS84"
        }
    },
    "features": [
        {
            "type": "Feature",
            "properties": {
                "type": "line",
                "line_id": 0,
                "kde_values": [
                    2.1584353676152874,
                    2.185825862110667,
                    1.689333212786909,
                    2.2146730593095674,
                    3.362402522843402,
                    1.7914955655424742,
                    3.4553563727095056,
                    2.990458804552009,
                    4.13813253474327,
                    4.324006689985729,
                    5.342399558365974,
                    7.438557937345261,
                    7.974861932259946,
                    4.141368924624597,
                    4.066045443486797,
                    3.5289161688988355,
                    3.570927681222972,
                    2.7009288547780566,
                    3.2416136173725616,
                    1.896980933861579
                ],
                "segment_lengths": [
                    15317.325775152214,
                    5998.433091046299,
                    6581.836398231972,
                    4563.839435641563,
                    6358.420948629646,
                    4795.273220529037,
                    2841.158230938403,
                    5209.512827782086,
                    2043.167309399771,
                    3635.577606151512,
                    2810.7870024859885,
                    1417.8767323522766,
                    4484.92441729553,
                    3381.412366708004,
                    2753.4708289895566,
                    3795.629869617515,
                    3065.5471166986413,
                    4358.678641716095,
                    4254.525162380447
                ],
                "group": 0,
                "name_list": [
                    "Poolesville",
                    "East Falls Church 7",
                    "East Falls Church 6",
                    "East Falls Church 5",
                    "East Falls Church 4",
                    "East Falls Church 3",
                    "East Falls Church 2",
                    "East Falls Church",
                    "High View Park",
                    "Virginia Square",
                    "Penrose",
                    "Aurora Highlands 2",
                    "Aurora Highlands",
                    "Bellevue 2",
                    "Bellevue",
                    "Glassmanor",
                    "Temple Hills",
                    "Camp Springs",
                    "Andrews AFB",
                    "Melwood"
                ],
                "is_station": [
                    true,
                    true,
                    true,
                    true,
                    true,
                    true,
                    true,
                    true,
                    true,
                    true,
                    true,
                    true,
                    true,
                    true,
                    true,
                    true,
                    true,
                    true,
                    true,
                    true
                ],
                "route_kind": "generated",
                "service_status": "planned",
                "occupancy_pct": null,
                "delay_min": null,
                "accessibility_score": 100.0,
                "is_accessible": true,
                "row_type": null,
                "construction_cost_musd": null,
                "ridership_estimate": null
            },
            "geometry": {
                "type": "LineString",
                "coordinates": [
                    [
                        -77.55,
                        38.94
                    ],
                    [
                        -77.447,
                        38.869
                    ],
                    [
                        -77.395,
                        38.858
                    ],
                    [
                        -77.336,
                        38.855
                    ],
                    [
                        -77.296,
                        38.862
                    ],
                    [
                        -77.241,
                        38.874
                    ],
                    [
                        -77.198,
                        38.876
                    ],
                    [
                        -77.173,
                        38.88
                    ],
                    [
                        -77.128,
                        38.89
                    ],
                    [
                        -77.112,
                        38.883
                    ],
                    [
                        -77.081,
                        38.875
                    ],
                    [
                        -77.061,
                        38.863
                    ],
                    [
                        -77.05,
                        38.858
                    ],
                    [
                        -77.017,
                        38.84
                    ],
                    [
                        -77.003,
                        38.819
                    ],
                    [
                        -76.986,
                        38.805
                    ],
                    [
                        -76.952,
                        38.803
                    ],
                    [
                        -76.927,
                        38.794
                    ],
                    [
                        -76.891,
                        38.806
                    ],
                    [
                        -76.855,
                        38.816
                    ]
                ]
            }
        },
        {
            "type": "Feature",
            "properties": {
                "type": "line",
                "line_id": 1,
                "kde_values": [
                    1.8001408762940387,
                    2.853317316587126,
                    3.2957149837496744,
                    5.03663959473124,
                    6.141062197892786,
                    4.989827171692972,
                    7.282703199473215,
                    4.141368924624597,
                    4.051278142700593,
                    4.762343976293978,
                    4.737458279158527,
                    4.9738634153137244,
                    4.177703131947168,
                    3.96520115783015,
                    3.260303270541543,
                    2.623106752011255,
                    1.549958872502987,
                    3.1095686273853693
                ],
                "segment_lengths": [
                    5970.1551827477115,
                    4291.612642482772,
                    3610.4671196017293,
                    2985.8239718050336,
                    3754.161055142529,
                    4048.0748097824953,
                    3961.1760818104244,
                    4098.226411398623,
                    2679.0438154931576,
                    1534.2148183886131,
                    3733.2675526614294,
                    1497.983941890135,
                    6883.283488038991,
                    3949.166291089938,
                    4705.05530427662,
                    5015.854928484668,
                    8345.229774381773
                ],
                "group": 1,
                "name_list": [
                    "Fairlington 4",
                    "Fairlington 3",
                    "Fairlington 2",
                    "Claremont",
                    "Fairlington",
                    "Shirlington",
                    "Aurora Highlands 3",
                    "Bellevue 2",
                    "Douglass",
                    "Naylor Gardens",
                    "Dupont Park",
                    "Marshall Heights",
                    "Lincoln Heights",
                    "Woodlawn",
                    "New Carrollton",
                    "Berwyn Heights",
                    "Beltsville",
                    "Laurel"
                ],
                "is_station": [
                    true,
                    true,
                    true,
                    true,
                    true,
                    true,
                    true,
                    true,
                    true,
                    true,
                    true,
                    true,
                    true,
                    true,
                    true,
                    true,
                    true,
                    true
                ],
                "route_kind": "generated",
                "service_status": "planned",
                "occupancy_pct": null,
                "delay_min": null,
                "accessibility_score": 100.0,
                "is_accessible": true,
                "row_type": null,
                "construction_cost_musd": null,
                "ridership_estimate": null
            },
            "geometry": {
                "type": "LineString",
                "coordinates": [
                    [
                        -77.213,
                        38.74
                    ],
                    [
                        -77.177,
                        38.771
                    ],
                    [
                        -77.163,
                        38.799
                    ],
                    [
                        -77.139,
                        38.816
                    ],
                    [
                        -77.118,
                        38.829
                    ],
                    [
                        -77.088,
                        38.841
                    ],
                    [
                        -77.052,
                        38.845
                    ],
                    [
                        -77.017,
                        38.84
                    ],
                    [
                        -76.981,
                        38.846
                    ],
                    [
                        -76.965,
                        38.86
                    ],
                    [
                        -76.96,
                        38.87
                    ],
                    [
                        -76.937,
                        38.889
                    ],
                    [
                        -76.933,
                        38.899
                    ],
                    [
                        -76.908,
                        38.943
                    ],
                    [
                        -76.893,
                        38.968
                    ],
                    [
                        -76.907,
                        38.999
                    ],
                    [
                        -76.908,
                        39.034
                    ],
                    [
                        -76.877,
                        39.087
                    ]
                ]
            }
        },
        {
            "type": "Feature",
            "properties": {
                "type": "line",
                "line_id": 2,
                "kde_values": [
                    2.169801672344161,
                    2.7009288547780566,
                    3.625412817871971,
                    4.762343976293978,
                    5.774133895916095,
                    12.189280645767653,
                    18.46063660686255,
                    18.997142561415647,
                    22.896330968109545,
                    19.426335949790207,
                    4.849850160328561,
                    4.324006689985729,
                    4.13813253474327,
                    2.990458804552009,
                    3.4553563727095056,
                    1.7914955655424742,
                    3.362402522843402,
                    2.2146730593095674,
                    1.689333212786909,
                    2.185825862110667,
                    2.1584353676152874
                ],
                "segment_lengths": [
                    5481.4027475575995,
                    5442.734504166119,
                    4937.968102218696,
                    2440.970380106366,
                    2932.541616017679,
                    1581.5939698625511,
                    667.9169447589666,
                    1159.098924613581,
                    1870.7352419299675,
                    3937.9596843947857,
                    3379.921543026871,
                    2043.167309399771,
                    5209.512827782086,
                    2841.158230938403,
                    4795.273220529037,
                    6358.420948629646,
                    4563.839435641563,
                    6581.836398231972,
                    5998.433091046299,
                    15317.325775152214
                ],
                "group": 0,
                "name_list": [
                    "Clinton",
                    "Camp Springs",
                    "Marlow Heights",
                    "Naylor Gardens",
                    "Historic Anacostia",
                    "Near Southeast",
                    "Southwest Employment Area 2",
                    "Southwest Employment Area",
                    "Monumental Core",
                    "George Washington University",
                    "Colonial Village",
                    "Virginia Square",
                    "High View Park",
                    "East Falls Church",
                    "East Falls Church 2",
                    "East Falls Church 3",
                    "East Falls Church 4",
                    "East Falls Church 5",
                    "East Falls Church 6",
                    "East Falls Church 7",
                    "Poolesville"
                ],
                "is_station": [
                    true,
                    true,
                    true,
                    true,
                    true,
                    true,
                    true,
                    true,
                    true,
                    true,
                    true,
                    true,
                    true,
                    true,
                    true,
                    true,
                    true,
                    true,
                    true,
                    true,
                    true
                ],
                "route_kind": "generated",
                "service_status": "planned",
                "occupancy_pct": null,
                "delay_min": null,
                "accessibility_score": 100.0,
                "is_accessible": true,
                "row_type": null,
                "construction_cost_musd": null,
                "ridership_estimate": null
            },
            "geometry": {
                "type": "LineString",
                "coordinates": [
                    [
                        -76.892,
                        38.767
                    ],
                    [
                        -76.927,
                        38.794
                    ],
                    [
                        -76.943,
                        38.83
                    ],
                    [
                        -76.965,
                        38.86
                    ],
                    [
                        -76.985,
                        38.867
                    ],
                    [
                        -77.008,
                        38.877
                    ],
                    [
                        -77.019,
                        38.884
                    ],
                    [
                        -77.025,
                        38.884
                    ],
                    [
                        -77.032,
                        38.89
                    ],
                    [
                        -77.048,
                        38.894
                    ],
                    [
                        -77.083,
                        38.89
                    ],
                    [
                        -77.112,
                        38.883
                    ],
                    [
                        -77.128,
                        38.89
                    ],
                    [
                        -77.173,
                        38.88
                    ],
                    [
                        -77.198,
                        38.876
                    ],
                    [
                        -77.241,
                        38.874
                    ],
                    [
                        -77.296,
                        38.862
                    ],
                    [
                        -77.336,
                        38.855
                    ],
                    [
                        -77.395,
                        38.858
                    ],
                    [
                        -77.447,
                        38.869
                    ],
                    [
                        -77.55,
                        38.94
                    ]
                ]
            }
        },
        {
            "type": "Feature",
            "properties": {
                "type": "line",
                "line_id": 3,
                "kde_values": [
                    3.5937278539784465,
                    1.549958872502987,
                    5.933686093294463,
                    6.169995407895433,
                    4.241786399807209,
                    3.155125594977449,
                    6.817067608220814,
                    15.474197748923906,
                    18.46063660686255,
                    18.997142561415647,
                    7.438557937345261,
                    4.989827171692972,
                    6.141062197892786,
                    5.03663959473124,
                    3.2957149837496744,
                    2.9208860975969193,
                    1.8001408762940387
                ],
                "segment_lengths": [
                    8800.482616360678,
                    7420.080662994773,
                    1331.4529327996975,
                    3443.4455582122,
                    3378.5775551307265,
                    5964.240893447552,
                    3164.2597370809026,
                    1616.4483104317023,
                    667.9169447589666,
                    5007.627102945947,
                    4350.080758562847,
                    3754.161055142529,
                    2985.8239718050336,
                    3610.4671196017293,
                    3707.624080844456,
                    6529.642083012081
                ],
                "group": 2,
                "name_list": [
                    "Laurel 2",
                    "Beltsville",
                    "College Park",
                    "University Park",
                    "Edmonston",
                    "Cottage City",
                    "Carver",
                    "Capitol Hill",
                    "Southwest Employment Area 2",
                    "Southwest Employment Area",
                    "Aurora Highlands 2",
                    "Shirlington",
                    "Fairlington",
                    "Claremont",
                    "Fairlington 2",
                    "Fairlington 5",
                    "Fairlington 4"
                ],
                "is_station": [
                    true,
                    true,
                    true,
                    true,
                    true,
                    true,
                    true,
                    true,
                    true,
                    true,
                    true,
                    true,
                    true,
                    true,
                    true,
                    true,
                    true
                ],
                "route_kind": "generated",
                "service_status": "planned",
                "occupancy_pct": null,
                "delay_min": null,
                "accessibility_score": 100.0,
                "is_accessible": true,
                "row_type": null,
                "construction_cost_musd": null,
                "ridership_estimate": null
            },
            "geometry": {
                "type": "LineString",
                "coordinates": [
                    [
                        -76.864,
                        39.085
                    ],
                    [
                        -76.908,
                        39.034
                    ],
                    [
                        -76.941,
                        38.989
                    ],
                    [
                        -76.938,
                        38.98
                    ],
                    [
                        -76.94,
                        38.956
                    ],
                    [
                        -76.951,
                        38.934
                    ],
                    [
                        -76.982,
                        38.9
                    ],
                    [
                        -77.005,
                        38.887
                    ],
                    [
                        -77.019,
                        38.884
                    ],
                    [
                        -77.025,
                        38.884
                    ],
                    [
                        -77.061,
                        38.863
                    ],
                    [
                        -77.088,
                        38.841
                    ],
                    [
                        -77.118,
                        38.829
                    ],
                    [
                        -77.139,
                        38.816
                    ],
                    [
                        -77.163,
                        38.799
                    ],
                    [
                        -77.187,
                        38.781
                    ],
                    [
                        -77.213,
                        38.74
                    ]
                ]
            }
        },
        {
            "type": "Feature",
            "properties": {
                "type": "line",
                "line_id": 4,
                "kde_values": [
                    1.3877824985286824,
                    3.60692253745901,
                    2.7007868449246177,
                    3.9556264003797836,
                    3.035176170992581,
                    2.6262238514738065,
                    2.589398557864302,
                    3.2062872616559095,
                    3.1923393952986046,
                    2.1110698250901416,
                    2.8943452562574943,
                    4.379937404022738,
                    4.350835825886746,
                    6.225822955992628,
                    21.94542206055991,
                    24.727596547147932,
                    25.240341407150602,
                    26.00302278745132,
                    26.921004759298132,
                    26.700826856967964,
                    25.77417842495785,
                    23.875785579036915,
                    15.474197748923906,
                    5.774133895916095,
                    4.051278142700593,
                    4.071435314934124,
                    3.625412817871971,
                    3.500192273554207,
                    3.7706871668708852,
                    1.896980933861579,
                    1.6349219132324264
                ],
                "segment_lengths": [
                    16650.286291284152,
                    3633.871582037487,
                    3998.767036823345,
                    5077.846742401926,
                    2649.030701378163,
                    8111.418981525717,
                    6059.3680106645015,
                    1294.8515277681022,
                    5959.66606452661,
                    3040.5326620080477,
                    3384.1165127880495,
                    1756.8840723962016,
                    4104.794399152015,
                    3294.498207323671,
                    725.0528824025698,
                    181.25924495274776,
                    362.51371973216817,
                    574.6841579713305,
                    683.0619477287102,
                    543.749117325353,
                    625.8056176995055,
                    1933.3816192787435,
                    3624.311016146974,
                    3034.8346370543995,
                    2989.82514947428,
                    1870.587728918334,
                    3795.6374206851556,
                    2190.937339721095,
                    4060.388053357815,
                    8013.658088400267
                ],
                "group": 3,
                "name_list": [
                    "Poolesville 2",
                    "Germantown 2",
                    "Germantown",
                    "Montgomery Village",
                    "Washington Grove",
                    "Redland",
                    "Aspen Hill",
                    "North Bethesda 2",
                    "North Bethesda",
                    "North Chevy Chase",
                    "Chevy Chase",
                    "Friendship Heights",
                    "Tenleytown",
                    "Glover Park",
                    "Dupont Circle",
                    "Golden Triangle 3",
                    "Golden Triangle 2",
                    "Golden Triangle",
                    "Downtown 2",
                    "Downtown",
                    "Penn Quarter 2",
                    "Penn Quarter",
                    "Capitol Hill",
                    "Historic Anacostia",
                    "Douglass",
                    "Hillcrest Heights",
                    "Marlow Heights",
                    "Morningside 2",
                    "Morningside",
                    "Melwood",
                    "Queensland"
                ],
                "is_station": [
                    true,
                    true,
                    true,
                    true,
                    true,
                    true,
                    true,
                    true,
                    true,
                    true,
                    true,
                    true,
                    true,
                    true,
                    true,
                    true,
                    true,
                    true,
                    true,
                    true,
                    true,
                    true,
                    true,
                    true,
                    true,
                    true,
                    true,
                    true,
                    true,
                    true,
                    true
                ],
                "route_kind": "generated",
                "service_status": "planned",
                "occupancy_pct": null,
                "delay_min": null,
                "accessibility_score": 100.0,
                "is_accessible": true,
                "row_type": null,
                "construction_cost_musd": null,
                "ridership_estimate": null
            },
            "geometry": {
                "type": "LineString",
                "coordinates": [
                    [
                        -77.413,
                        39.144
                    ],
                    [
                        -77.27,
                        39.178
                    ],
                    [
                        -77.238,
                        39.183
                    ],
                    [
                        -77.205,
                        39.172
                    ],
                    [
                        -77.165,
                        39.155
                    ],
                    [
                        -77.145,
                        39.145
                    ],
                    [
                        -77.111,
                        39.095
                    ],
                    [
                        -77.105,
                        39.053
                    ],
                    [
                        -77.106,
                        39.044
                    ],
                    [
                        -77.097,
                        39.003
                    ],
                    [
                        -77.093,
                        38.982
                    ],
                    [
                        -77.086,
                        38.959
                    ],
                    [
                        -77.079,
                        38.948
                    ],
                    [
                        -77.071,
                        38.92
                    ],
                    [
                        -77.045,
                        38.909
                    ],
                    [
                        -77.041,
                        38.905
                    ],
                    [
                        -77.04,
                        38.904
                    ],
                    [
                        -77.038,
                        38.902
                    ],
                    [
                        -77.033,
                        38.901
                    ],
                    [
                        -77.027,
                        38.9
                    ],
                    [
                        -77.024,
                        38.897
                    ],
                    [
                        -77.019,
                        38.895
                    ],
                    [
                        -77.005,
                        38.887
                    ],
                    [
                        -76.985,
                        38.867
                    ],
                    [
                        -76.981,
                        38.846
                    ],
                    [
                        -76.959,
                        38.834
                    ],
                    [
                        -76.943,
                        38.83
                    ],
                    [
                        -76.909,
                        38.828
                    ],
                    [
                        -76.89,
                        38.824
                    ],
                    [
                        -76.855,
                        38.816
                    ],
                    [
                        -76.795,
                        38.785
                    ]
                ]
            }
        },
        {
            "type": "Feature",
            "properties": {
                "type": "line",
                "line_id": 5,
                "kde_values": [
                    3.0097733054708895,
                    2.623106752011255,
                    5.933686093294463,
                    6.106330124171947,
                    6.340153817177483,
                    5.480047369732869,
                    5.0866371801597134,
                    5.329007565352588,
                    6.155148558666371,
                    8.641881165050432,
                    11.504050727997543,
                    16.02874152309296,
                    22.931599118638072,
                    26.739933397007352,
                    26.921004759298132,
                    25.7699041865282,
                    22.896330968109545,
                    7.438557937345261,
                    4.989827171692972,
                    6.141062197892786,
                    5.120240598457495,
                    3.2957149837496744,
                    2.9208860975969193,
                    1.8001408762940387
                ],
                "segment_lengths": [
                    3380.3780352090193,
                    4046.807146342621,
                    467.74341412965975,
                    725.5565284833339,
                    2325.2094615789197,
                    2776.2514303902863,
                    1319.599559352878,
                    2658.480434416747,
                    2732.312835613056,
                    1682.7149286437245,
                    1362.6423243151444,
                    1498.4264458330094,
                    1362.3164963575002,
                    306.98176556801104,
                    920.900242004737,
                    748.9775489935294,
                    5032.6319248571,
                    4350.080758562847,
                    3754.161055142529,
                    3128.353346964357,
                    3655.1496062318806,
                    3707.624080844456,
                    6529.642083012081
                ],
                "group": 2,
                "name_list": [
                    "Greenbelt",
                    "Berwyn Heights",
                    "College Park",
                    "",
                    "",
                    "Hyattsville",
                    "Mount Rainier",
                    "Michigan Park",
                    "Pleasant Hill",
                    "Park View",
                    "Mount Pleasant",
                    "Adams Morgan",
                    "Dupont Circle 2",
                    "Downtown 3",
                    "Downtown 2",
                    "",
                    "Monumental Core",
                    "Aurora Highlands 2",
                    "Shirlington",
                    "Fairlington",
                    "Fairlington 6",
                    "Fairlington 2",
                    "Fairlington 5",
                    "Fairlington 4"
                ],
                "is_station": [
                    true,
                    true,
                    true,
                    false,
                    false,
                    true,
                    true,
                    true,
                    true,
                    true,
                    true,
                    true,
                    true,
                    true,
                    true,
                    false,
                    true,
                    true,
                    true,
                    true,
                    true,
                    true,
                    true,
                    true
                ],
                "route_kind": "generated",
                "service_status": "planned",
                "occupancy_pct": null,
                "delay_min": null,
                "accessibility_score": 100.0,
                "is_accessible": true,
                "row_type": null,
                "construction_cost_musd": null,
                "ridership_estimate": null
            },
            "geometry": {
                "type": "LineString",
                "coordinates": [
                    [
                        -76.878,
                        38.992
                    ],
                    [
                        -76.907,
                        38.999
                    ],
                    [
                        -76.941,
                        38.989
                    ],
                    [
                        -76.945,
                        38.988
                    ],
                    [
                        -76.949,
                        38.984
                    ],
                    [
                        -76.957,
                        38.969
                    ],
                    [
                        -76.969,
                        38.952
                    ],
                    [
                        -76.978,
                        38.946
                    ],
                    [
                        -77.001,
                        38.941
                    ],
                    [
                        -77.025,
                        38.937
                    ],
                    [
                        -77.038,
                        38.931
                    ],
                    [
                        -77.042,
                        38.922
                    ],
                    [
                        -77.038,
                        38.912
                    ],
                    [
                        -77.034,
                        38.903
                    ],
                    [
                        -77.033,
                        38.901
                    ],
                    [
                        -77.03,
                        38.895
                    ],
                    [
                        -77.032,
                        38.89
                    ],
                    [
                        -77.061,
                        38.863
                    ],
                    [
                        -77.088,
                        38.841
                    ],
                    [
                        -77.118,
                        38.829
                    ],
                    [
                        -77.134,
                        38.811
                    ],
                    [
                        -77.163,
                        38.799
                    ],
                    [
                        -77.187,
                        38.781
                    ],
                    [
                        -77.213,
                        38.74
                    ]
                ]
            }
        },
        {
            "type": "Feature",
            "properties": {
                "type": "line",
                "line_id": 6,
                "kde_values": [
                    1.388548958697046,
                    2.3376079767164466,
                    4.171344871088509,
                    4.141368924624597,
                    12.189280645767653,
                    15.474197748923906,
                    20.013682841188768,
                    24.415801218046063,
                    26.739933397007352,
                    26.00302278745132,
                    22.621473069998103,
                    20.20624464169552,
                    4.849850160328561,
                    4.324006689985729,
                    3.419489075371627,
                    2.723115668175682,
                    2.408067420881505,
                    2.251961236396148,
                    2.196894452283163,
                    1.645696547553329,
                    2.1584353676152874
                ],
                "segment_lengths": [
                    9430.619592074761,
                    4735.0847417707755,
                    2431.8784419628605,
                    5383.41877999344,
                    1468.509677786367,
                    2078.302254863028,
                    1515.259017968271,
                    1403.0745326324604,
                    467.6902783985823,
                    901.9709474109449,
                    529.2619765747169,
                    3996.285916084553,
                    3379.921543026871,
                    4281.669523254985,
                    7181.494198118414,
                    2803.9667050339795,
                    4941.6740938330895,
                    2645.346946615565,
                    15443.012622946833,
                    21503.344705402815
                ],
                "group": 4,
                "name_list": [
                    "Fort Washington",
                    "National Harbor",
                    "Bellevue 3",
                    "Bellevue 2",
                    "Near Southeast",
                    "Capitol Hill",
                    "North Capitol Street",
                    "Mount Vernon Square",
                    "Downtown 3",
                    "Golden Triangle",
                    "George Washington University 3",
                    "George Washington University 2",
                    "Colonial Village",
                    "Virginia Square",
                    "Boulevard Manor 2",
                    "Boulevard Manor",
                    "Madison Manor 3",
                    "Madison Manor 2",
                    "Madison Manor",
                    "East Falls Church 8",
                    "Poolesville"
                ],
                "is_station": [
                    true,
                    true,
                    true,
                    true,
                    true,
                    true,
                    true,
                    true,
                    true,
                    true,
                    true,
                    true,
                    true,
                    true,
                    true,
                    true,
                    true,
                    true,
                    true,
                    true,
                    true
                ],
                "route_kind": "generated",
                "service_status": "planned",
                "occupancy_pct": null,
                "delay_min": null,
                "accessibility_score": 100.0,
                "is_accessible": true,
                "row_type": null,
                "construction_cost_musd": null,
                "ridership_estimate": null
            },
            "geometry": {
                "type": "LineString",
                "coordinates": [
                    [
                        -76.993,
                        38.726
                    ],
                    [
                        -77.014,
                        38.79
                    ],
                    [
                        -77.018,
                        38.823
                    ],
                    [
                        -77.017,
                        38.84
                    ],
                    [
                        -77.008,
                        38.877
                    ],
                    [
                        -77.005,
                        38.887
                    ],
                    [
                        -77.01,
                        38.901
                    ],
                    [
                        -77.022,
                        38.906
                    ],
                    [
                        -77.034,
                        38.903
                    ],
                    [
                        -77.038,
                        38.902
                    ],
                    [
                        -77.046,
                        38.903
                    ],
                    [
                        -77.05,
                        38.901
                    ],
                    [
                        -77.083,
                        38.89
                    ],
                    [
                        -77.112,
                        38.883
                    ],
                    [
                        -77.146,
                        38.869
                    ],
                    [
                        -77.191,
                        38.833
                    ],
                    [
                        -77.214,
                        38.825
                    ],
                    [
                        -77.254,
                        38.81
                    ],
                    [
                        -77.276,
                        38.817
                    ],
                    [
                        -77.413,
                        38.834
                    ],
                    [
                        -77.55,
                        38.94
                    ]
                ]
            }
        },
        {
            "type": "Feature",
            "properties": {
                "type": "line",
                "line_id": 7,
                "kde_values": [
                    2.3376079767164466,
                    4.171344871088509,
                    4.141368924624597,
                    12.189280645767653,
                    15.474197748923906,
                    20.013682841188768,
                    24.415801218046063,
                    26.739933397007352,
                    26.00302278745132,
                    22.621473069998103,
                    20.20624464169552,
                    4.849850160328561,
                    4.324006689985729,
                    3.419489075371627,
                    2.723115668175682,
                    2.408067420881505,
                    2.251961236396148,
                    2.196894452283163,
                    1.645696547553329,
                    2.185825862110667,
                    2.998498684214626,
                    3.5763292500135218,
                    2.1838171012100784,
                    2.9522633987686606,
                    1.9176902647442722
                ],
                "segment_lengths": [
                    4735.0847417707755,
                    2431.8784419628605,
                    5383.41877999344,
                    1468.509677786367,
                    2078.302254863028,
                    1515.259017968271,
                    1403.0745326324604,
                    467.6902783985823,
                    901.9709474109449,
                    529.2619765747169,
                    3996.285916084553,
                    3379.921543026871,
                    4281.669523254985,
                    7181.494198118414,
                    2803.9667050339795,
                    4941.6740938330895,
                    2645.346946615565,
                    15443.012622946833,
                    6273.345076187742,
                    2894.4000372100845,
                    10626.184535790777,
                    8195.532261129238,
                    3084.4985553525303,
                    9551.477412080236
                ],
                "group": 4,
                "name_list": [
                    "National Harbor",
                    "Bellevue 3",
                    "Bellevue 2",
                    "Near Southeast",
                    "Capitol Hill",
                    "North Capitol Street",
                    "Mount Vernon Square",
                    "Downtown 3",
                    "Golden Triangle",
                    "George Washington University 3",
                    "George Washington University 2",
                    "Colonial Village",
                    "Virginia Square",
                    "Boulevard Manor 2",
                    "Boulevard Manor",
                    "Madison Manor 3",
                    "Madison Manor 2",
                    "Madison Manor",
                    "East Falls Church 8",
                    "East Falls Church 7",
                    "East Falls Church 9",
                    "Darnestown",
                    "Poolesville 5",
                    "Poolesville 4",
                    "Poolesville 3"
                ],
                "is_station": [
                    true,
                    true,
                    true,
                    true,
                    true,
                    true,
                    true,
                    true,
                    true,
                    true,
                    true,
                    true,
                    true,
                    true,
                    true,
                    true,
                    true,
                    true,
                    true,
                    true,
                    true,
                    true,
                    true,
                    true,
                    true
                ],
                "route_kind": "generated",
                "service_status": "planned",
                "occupancy_pct": null,
                "delay_min": null,
                "accessibility_score": 100.0,
                "is_accessible": true,
                "row_type": null,
                "construction_cost_musd": null,
                "ridership_estimate": null
            },
            "geometry": {
                "type": "LineString",
                "coordinates": [
                    [
                        -77.014,
                        38.79
                    ],
                    [
                        -77.018,
                        38.823
                    ],
                    [
                        -77.017,
                        38.84
                    ],
                    [
                        -77.008,
                        38.877
                    ],
                    [
                        -77.005,
                        38.887
                    ],
                    [
                        -77.01,
                        38.901
                    ],
                    [
                        -77.022,
                        38.906
                    ],
                    [
                        -77.034,
                        38.903
                    ],
                    [
                        -77.038,
                        38.902
                    ],
                    [
                        -77.046,
                        38.903
                    ],
                    [
                        -77.05,
                        38.901
                    ],
                    [
                        -77.083,
                        38.89
                    ],
                    [
                        -77.112,
                        38.883
                    ],
                    [
                        -77.146,
                        38.869
                    ],
                    [
                        -77.191,
                        38.833
                    ],
                    [
                        -77.214,
                        38.825
                    ],
                    [
                        -77.254,
                        38.81
                    ],
                    [
                        -77.276,
                        38.817
                    ],
                    [
                        -77.413,
                        38.834
                    ],
                    [
                        -77.447,
                        38.869
                    ],
                    [
                        -77.443,
                        38.889
                    ],
                    [
                        -77.451,
                        38.963
                    ],
                    [
                        -77.493,
                        39.01
                    ],
                    [
                        -77.51,
                        39.027
                    ],
                    [
                        -77.562,
                        39.08
                    ]
                ]
            }
        },
        {
            "type": "Feature",
            "properties": {
                "type": "line",
                "line_id": 8,
                "kde_values": [
                    1.6834426036341643,
                    1.7073545195298334,
                    2.2993537596187226,
                    4.11835575436219,
                    6.155148558666371,
                    5.872602687355989,
                    6.817067608220814,
                    5.774133895916095,
                    4.141368924624597,
                    5.322828594506178,
                    4.683580252417021,
                    4.8639628139125,
                    3.229268244160047,
                    3.185170955287769,
                    2.3286057600893804,
                    3.0889371331143063,
                    2.787703903965496
                ],
                "segment_lengths": [
                    5520.411614232471,
                    8968.600411255846,
                    4532.878497326161,
                    2578.9294793185663,
                    1596.8806477665933,
                    4826.528082241272,
                    4731.008058098579,
                    5252.188533507268,
                    3880.779773845478,
                    4619.68866338966,
                    3114.4392186673913,
                    4216.614212504786,
                    2172.724469414189,
                    2793.5648105997207,
                    6857.663317292152,
                    1283.774215198122
                ],
                "group": 5,
                "name_list": [
                    "Fairland",
                    "Calverton",
                    "Langley Park",
                    "Queens Chapel",
                    "Pleasant Hill",
                    "Brookland",
                    "Carver",
                    "Historic Anacostia",
                    "Bellevue 2",
                    "Long Branch Creek",
                    "Fairlington 11",
                    "Fairlington 10",
                    "Fairlington 9",
                    "Fairlington 8",
                    "Fairlington 7",
                    "Bryans Road 2",
                    "Bryans Road"
                ],
                "is_station": [
                    true,
                    true,
                    true,
                    true,
                    true,
                    true,
                    true,
                    true,
                    true,
                    true,
                    true,
                    true,
                    true,
                    true,
                    true,
                    true,
                    true
                ],
                "route_kind": "generated",
                "service_status": "planned",
                "occupancy_pct": null,
                "delay_min": null,
                "accessibility_score": 100.0,
                "is_accessible": true,
                "row_type": null,
                "construction_cost_musd": null,
                "ridership_estimate": null
            },
            "geometry": {
                "type": "LineString",
                "coordinates": [
                    [
                        -76.945,
                        39.083
                    ],
                    [
                        -76.953,
                        39.045
                    ],
                    [
                        -76.989,
                        38.989
                    ],
                    [
                        -77.002,
                        38.959
                    ],
                    [
                        -77.001,
                        38.941
                    ],
                    [
                        -76.991,
                        38.933
                    ],
                    [
                        -76.982,
                        38.9
                    ],
                    [
                        -76.985,
                        38.867
                    ],
                    [
                        -77.017,
                        38.84
                    ],
                    [
                        -77.051,
                        38.834
                    ],
                    [
                        -77.092,
                        38.829
                    ],
                    [
                        -77.111,
                        38.813
                    ],
                    [
                        -77.123,
                        38.785
                    ],
                    [
                        -77.135,
                        38.773
                    ],
                    [
                        -77.141,
                        38.754
                    ],
                    [
                        -77.144,
                        38.706
                    ],
                    [
                        -77.144,
                        38.697
                    ]
                ]
            }
        },
        {
            "type": "Feature",
            "properties": {
                "type": "line",
                "line_id": 9,
                "kde_values": [
                    1.6756510267339488,
                    2.9918738052116076,
                    5.03663959473124,
                    6.141062197892786,
                    4.953060295735286,
                    4.324006689985729,
                    3.6429303880046335,
                    1.9645681385356757,
                    2.8943452562574943,
                    2.1110698250901416,
                    3.1923393952986046,
                    3.2062872616559095,
                    2.6772378532608245,
                    2.3685784527232148,
                    2.6262238514738065,
                    2.462295368971496
                ],
                "segment_lengths": [
                    7288.513178456438,
                    5027.679302017768,
                    2985.8239718050336,
                    2717.680626253962,
                    5034.811888886727,
                    2537.3067708653043,
                    7493.570090797744,
                    5483.381164400273,
                    3040.5326620080477,
                    5959.66606452661,
                    1294.8515277681022,
                    5336.74009054035,
                    3315.6841250676957,
                    9851.002454239298,
                    7439.414495219581
                ],
                "group": 3,
                "name_list": [
                    "Boulevard Manor 3",
                    "Forest Glen",
                    "Claremont",
                    "Fairlington",
                    "Columbia Forest",
                    "Virginia Square",
                    "Glebewood",
                    "Brookmont",
                    "Chevy Chase",
                    "North Chevy Chase",
                    "North Bethesda",
                    "North Bethesda 2",
                    "Aspen Hill 2",
                    "Leisure World",
                    "Redland",
                    "Montgomery Village 2"
                ],
                "is_station": [
                    true,
                    true,
                    true,
                    true,
                    true,
                    true,
                    true,
                    true,
                    true,
                    true,
                    true,
                    true,
                    true,
                    true,
                    true,
                    true
                ],
                "route_kind": "generated",
                "service_status": "planned",
                "occupancy_pct": null,
                "delay_min": null,
                "accessibility_score": 100.0,
                "is_accessible": true,
                "row_type": null,
                "construction_cost_musd": null,
                "ridership_estimate": null
            },
            "geometry": {
                "type": "LineString",
                "coordinates": [
                    [
                        -77.235,
                        38.781
                    ],
                    [
                        -77.184,
                        38.813
                    ],
                    [
                        -77.139,
                        38.816
                    ],
                    [
                        -77.118,
                        38.829
                    ],
                    [
                        -77.117,
                        38.848
                    ],
                    [
                        -77.112,
                        38.883
                    ],
                    [
                        -77.126,
                        38.897
                    ],
                    [
                        -77.118,
                        38.949
                    ],
                    [
                        -77.093,
                        38.982
                    ],
                    [
                        -77.097,
                        39.003
                    ],
                    [
                        -77.106,
                        39.044
                    ],
                    [
                        -77.105,
                        39.053
                    ],
                    [
                        -77.072,
                        39.08
                    ],
                    [
                        -77.075,
                        39.103
                    ],
                    [
                        -77.145,
                        39.145
                    ],
                    [
                        -77.189,
                        39.184
                    ]
                ]
            }
        },
        {
            "type": "Feature",
            "properties": {
                "type": "line",
                "line_id": 10,
                "kde_values": [
                    1.8870927188088347,
                    3.60692253745901,
                    3.646291072506738,
                    2.875199994288919,
                    2.480658065129777,
                    2.8805761092087856,
                    2.2855259634358367,
                    1.9645681385356757,
                    6.225822955992628,
                    21.94542206055991,
                    24.727596547147932,
                    25.240341407150602,
                    26.00302278745132,
                    26.921004759298132,
                    26.700826856967964,
                    25.77417842495785,
                    23.875785579036915,
                    15.474197748923906,
                    5.774133895916095,
                    4.762343976293978,
                    3.625412817871971,
                    2.7009288547780566,
                    2.169801672344161
                ],
                "segment_lengths": [
                    7625.62220142603,
                    2814.0715378466853,
                    1810.34057929778,
                    8092.831086796334,
                    2814.3329151248067,
                    12491.397622197675,
                    11215.705411230638,
                    6678.1611955287235,
                    3294.498207323671,
                    725.0528824025698,
                    181.25924495274776,
                    362.51371973216817,
                    574.6841579713305,
                    683.0619477287102,
                    543.749117325353,
                    625.8056176995055,
                    1933.3816192787435,
                    3624.311016146974,
                    2440.970380106366,
                    4937.968102218696,
                    5442.734504166119,
                    5481.4027475575995
                ],
                "group": 6,
                "name_list": [
                    "Clarksburg",
                    "Germantown 2",
                    "Germantown 4",
                    "Germantown 3",
                    "Gaithersburg",
                    "North Potomac",
                    "North Bethesda 3",
                    "Brookmont",
                    "Glover Park",
                    "Dupont Circle",
                    "Golden Triangle 3",
                    "Golden Triangle 2",
                    "Golden Triangle",
                    "Downtown 2",
                    "Downtown",
                    "Penn Quarter 2",
                    "Penn Quarter",
                    "Capitol Hill",
                    "Historic Anacostia",
                    "Naylor Gardens",
                    "Marlow Heights",
                    "Camp Springs",
                    "Clinton"
                ],
                "is_station": [
                    true,
                    true,
                    true,
                    true,
                    true,
                    true,
                    true,
                    true,
                    true,
                    true,
                    true,
                    true,
                    true,
                    true,
                    true,
                    true,
                    true,
                    true,
                    true,
                    true,
                    true,
                    true,
                    true
                ],
                "route_kind": "generated",
                "service_status": "planned",
                "occupancy_pct": null,
                "delay_min": null,
                "accessibility_score": 100.0,
                "is_accessible": true,
                "row_type": null,
                "construction_cost_musd": null,
                "ridership_estimate": null
            },
            "geometry": {
                "type": "LineString",
                "coordinates": [
                    [
                        -77.251,
                        39.229
                    ],
                    [
                        -77.27,
                        39.178
                    ],
                    [
                        -77.28,
                        39.16
                    ],
                    [
                        -77.275,
                        39.148
                    ],
                    [
                        -77.217,
                        39.114
                    ],
                    [
                        -77.197,
                        39.102
                    ],
                    [
                        -77.147,
                        39.024
                    ],
                    [
                        -77.118,
                        38.949
                    ],
                    [
                        -77.071,
                        38.92
                    ],
                    [
                        -77.045,
                        38.909
                    ],
                    [
                        -77.041,
                        38.905
                    ],
                    [
                        -77.04,
                        38.904
                    ],
                    [
                        -77.038,
                        38.902
                    ],
                    [
                        -77.033,
                        38.901
                    ],
                    [
                        -77.027,
                        38.9
                    ],
                    [
                        -77.024,
                        38.897
                    ],
                    [
                        -77.019,
                        38.895
                    ],
                    [
                        -77.005,
                        38.887
                    ],
                    [
                        -76.985,
                        38.867
                    ],
                    [
                        -76.965,
                        38.86
                    ],
                    [
                        -76.943,
                        38.83
                    ],
                    [
                        -76.927,
                        38.794
                    ],
                    [
                        -76.892,
                        38.767
                    ]
                ]
            }
        },
        {
            "type": "Feature",
            "properties": {
                "type": "line",
                "line_id": 11,
                "kde_values": [
                    1.6340007302412394,
                    2.169801672344161,
                    2.7009288547780566,
                    3.570927681222972,
                    4.166611216923205,
                    4.066045443486797,
                    4.171344871088509,
                    5.322828594506178,
                    4.989827171692972,
                    4.953060295735286,
                    3.982913008213583,
                    3.419489075371627,
                    2.990458804552009,
                    2.1108215966164257,
                    1.85966080661483,
                    1.5869116306712496,
                    2.224640180697341,
                    3.7345619399048533,
                    3.7682014217317037,
                    2.1838171012100784,
                    2.9522633987686606,
                    1.9176902647442722
                ],
                "segment_lengths": [
                    9530.836140962754,
                    5481.4027475575995,
                    3065.5471166986413,
                    1854.0309274092301,
                    4455.160012965914,
                    1764.8922347315436,
                    3995.702753442644,
                    4238.57059113124,
                    3379.746477273863,
                    2179.5809026072175,
                    2469.415952652203,
                    3392.3012442781546,
                    4752.863280510114,
                    4018.464262861592,
                    11013.176960710363,
                    4644.813416837078,
                    5718.657486246862,
                    2797.684678236624,
                    7835.918583947117,
                    3084.4985553525303,
                    9551.477412080236
                ],
                "group": 7,
                "name_list": [
                    "Marlton",
                    "Clinton",
                    "Camp Springs",
                    "Temple Hills",
                    "Temple Hills 2",
                    "Bellevue",
                    "Bellevue 3",
                    "Long Branch Creek",
                    "Shirlington",
                    "Columbia Forest",
                    "Glencarlyn",
                    "Boulevard Manor 2",
                    "East Falls Church",
                    "East Falls Church 11",
                    "East Falls Church 10",
                    "Potomac",
                    "Travilah",
                    "Darnestown 3",
                    "Darnestown 2",
                    "Poolesville 5",
                    "Poolesville 4",
                    "Poolesville 3"
                ],
                "is_station": [
                    true,
                    true,
                    true,
                    true,
                    true,
                    true,
                    true,
                    true,
                    true,
                    true,
                    true,
                    true,
                    true,
                    true,
                    true,
                    true,
                    true,
                    true,
                    true,
                    true,
                    true,
                    true
                ],
                "route_kind": "generated",
                "service_status": "planned",
                "occupancy_pct": null,
                "delay_min": null,
                "accessibility_score": 100.0,
                "is_accessible": true,
                "row_type": null,
                "construction_cost_musd": null,
                "ridership_estimate": null
            },
            "geometry": {
                "type": "LineString",
                "coordinates": [
                    [
                        -76.807,
                        38.759
                    ],
                    [
                        -76.892,
                        38.767
                    ],
                    [
                        -76.927,
                        38.794
                    ],
                    [
                        -76.952,
                        38.803
                    ],
                    [
                        -76.964,
                        38.812
                    ],
                    [
                        -77.003,
                        38.819
                    ],
                    [
                        -77.018,
                        38.823
                    ],
                    [
                        -77.051,
                        38.834
                    ],
                    [
                        -77.088,
                        38.841
                    ],
                    [
                        -77.117,
                        38.848
                    ],
                    [
                        -77.135,
                        38.854
                    ],
                    [
                        -77.146,
                        38.869
                    ],
                    [
                        -77.173,
                        38.88
                    ],
                    [
                        -77.205,
                        38.902
                    ],
                    [
                        -77.237,
                        38.915
                    ],
                    [
                        -77.331,
                        38.939
                    ],
                    [
                        -77.368,
                        38.954
                    ],
                    [
                        -77.41,
                        38.977
                    ],
                    [
                        -77.435,
                        38.979
                    ],
                    [
                        -77.493,
                        39.01
                    ],
                    [
                        -77.51,
                        39.027
                    ],
                    [
                        -77.562,
                        39.08
                    ]
                ]
            }
        },
        {
            "type": "Feature",
            "properties": {
                "type": "line",
                "line_id": 12,
                "kde_values": [
                    3.0889371331143063,
                    2.2940651426072916,
                    1.6964473896224594,
                    3.138660361540695,
                    3.109688393533699,
                    5.322828594506178,
                    7.282703199473215,
                    8.00632573726653,
                    7.974861932259946,
                    18.997142561415647,
                    23.875785579036915,
                    24.415801218046063,
                    16.0230796011203,
                    11.68053730285453,
                    11.504050727997543,
                    6.462919491251545,
                    4.350835825886746,
                    4.379937404022738,
                    2.8943452562574943,
                    2.2855259634358367,
                    2.8805761092087856,
                    2.480658065129777,
                    2.875199994288919,
                    3.646291072506738,
                    3.60692253745901,
                    1.8870927188088347
                ],
                "segment_lengths": [
                    2931.645265708837,
                    5621.717171665238,
                    5407.96660780746,
                    4377.636769993529,
                    4377.836237181186,
                    1576.031953804301,
                    1433.716961762094,
                    443.06810655246073,
                    4643.801081268472,
                    1709.1156692446036,
                    1608.4956880897662,
                    2146.0001867720857,
                    1883.3385866492306,
                    556.5974539667368,
                    2444.7648637817147,
                    2811.864795062472,
                    1756.8840723962016,
                    3384.1165127880495,
                    8504.831917474972,
                    12491.397622197675,
                    2814.3329151248067,
                    8092.831086796334,
                    1810.34057929778,
                    2814.0715378466853,
                    7625.62220142603
                ],
                "group": 6,
                "name_list": [
                    "Bryans Road 2",
                    "Fort Washington 3",
                    "Fort Washington 2",
                    "National Harbor 2",
                    "Forest Heights",
                    "Long Branch Creek",
                    "Aurora Highlands 3",
                    "Aurora Highlands 4",
                    "Aurora Highlands",
                    "Southwest Employment Area",
                    "Penn Quarter",
                    "Mount Vernon Square",
                    "Howard University",
                    "Columbia Heights",
                    "Mount Pleasant",
                    "Cleveland Park",
                    "Tenleytown",
                    "Friendship Heights",
                    "Chevy Chase",
                    "North Bethesda 3",
                    "North Potomac",
                    "Gaithersburg",
                    "Germantown 3",
                    "Germantown 4",
                    "Germantown 2",
                    "Clarksburg"
                ],
                "is_station": [
                    true,
                    true,
                    true,
                    true,
                    true,
                    true,
                    true,
                    true,
                    true,
                    true,
                    true,
                    true,
                    true,
                    true,
                    true,
                    true,
                    true,
                    true,
                    true,
                    true,
                    true,
                    true,
                    true,
                    true,
                    true,
                    true
                ],
                "route_kind": "generated",
                "service_status": "planned",
                "occupancy_pct": null,
                "delay_min": null,
                "accessibility_score": 100.0,
                "is_accessible": true,
                "row_type": null,
                "construction_cost_musd": null,
                "ridership_estimate": null
            },
            "geometry": {
                "type": "LineString",
                "coordinates": [
                    [
                        -77.144,
                        38.706
                    ],
                    [
                        -77.126,
                        38.721
                    ],
                    [
                        -77.085,
                        38.744
                    ],
                    [
                        -77.059,
                        38.776
                    ],
                    [
                        -77.043,
                        38.804
                    ],
                    [
                        -77.051,
                        38.834
                    ],
                    [
                        -77.052,
                        38.845
                    ],
                    [
                        -77.051,
                        38.855
                    ],
                    [
                        -77.05,
                        38.858
                    ],
                    [
                        -77.025,
                        38.884
                    ],
                    [
                        -77.019,
                        38.895
                    ],
                    [
                        -77.022,
                        38.906
                    ],
                    [
                        -77.022,
                        38.921
                    ],
                    [
                        -77.033,
                        38.931
                    ],
                    [
                        -77.038,
                        38.931
                    ],
                    [
                        -77.059,
                        38.936
                    ],
                    [
                        -77.079,
                        38.948
                    ],
                    [
                        -77.086,
                        38.959
                    ],
                    [
                        -77.093,
                        38.982
                    ],
                    [
                        -77.147,
                        39.024
                    ],
                    [
                        -77.197,
                        39.102
                    ],
                    [
                        -77.217,
                        39.114
                    ],
                    [
                        -77.275,
                        39.148
                    ],
                    [
                        -77.28,
                        39.16
                    ],
                    [
                        -77.27,
                        39.178
                    ],
                    [
                        -77.251,
                        39.229
                    ]
                ]
            }
        },
        {
            "type": "Feature",
            "properties": {
                "type": "line",
                "line_id": 13,
                "kde_values": [
                    26.42784433984751,
                    26.921004759298132,
                    26.739933397007352,
                    22.931599118638072,
                    16.02874152309296,
                    6.462919491251545,
                    4.350835825886746,
                    4.379937404022738,
                    2.8943452562574943,
                    2.1110698250901416,
                    3.1923393952986046,
                    3.2062872616559095,
                    2.589398557864302,
                    2.6262238514738065,
                    2.462295368971496,
                    1.8870927188088347,
                    1.8768383343099713
                ],
                "segment_lengths": [
                    725.0020024468072,
                    306.98176556801104,
                    1362.3164963575002,
                    1498.4264458330094,
                    2755.8650464244256,
                    2811.864795062472,
                    1756.8840723962016,
                    3384.1165127880495,
                    3040.5326620080477,
                    5959.66606452661,
                    1294.8515277681022,
                    6059.3680106645015,
                    8111.418981525717,
                    7439.414495219581,
                    9456.651730853182,
                    3068.8819561666473
                ],
                "group": 3,
                "name_list": [
                    "Downtown 4",
                    "Downtown 2",
                    "Downtown 3",
                    "Dupont Circle 2",
                    "Adams Morgan",
                    "Cleveland Park",
                    "Tenleytown",
                    "Friendship Heights",
                    "Chevy Chase",
                    "North Chevy Chase",
                    "North Bethesda",
                    "North Bethesda 2",
                    "Aspen Hill",
                    "Redland",
                    "Montgomery Village 2",
                    "Clarksburg",
                    "Clarksburg 2"
                ],
                "is_station": [
                    true,
                    true,
                    true,
                    true,
                    true,
                    true,
                    true,
                    true,
                    true,
                    true,
                    true,
                    true,
                    true,
                    true,
                    true,
                    true,
                    true
                ],
                "route_kind": "generated",
                "service_status": "planned",
                "occupancy_pct": null,
                "delay_min": null,
                "accessibility_score": 100.0,
                "is_accessible": true,
                "row_type": null,
                "construction_cost_musd": null,
                "ridership_estimate": null
            },
            "geometry": {
                "type": "LineString",
                "coordinates": [
                    [
                        -77.029,
                        38.897
                    ],
                    [
                        -77.033,
                        38.901
                    ],
                    [
                        -77.034,
                        38.903
                    ],
                    [
                        -77.038,
                        38.912
                    ],
                    [
                        -77.042,
                        38.922
                    ],
                    [
                        -77.059,
                        38.936
                    ],
                    [
                        -77.079,
                        38.948
                    ],
                    [
                        -77.086,
                        38.959
                    ],
                    [
                        -77.093,
                        38.982
                    ],
                    [
                        -77.097,
                        39.003
                    ],
                    [
                        -77.106,
                        39.044
                    ],
                    [
                        -77.105,
                        39.053
                    ],
                    [
                        -77.111,
                        39.095
                    ],
                    [
                        -77.145,
                        39.145
                    ],
                    [
                        -77.189,
                        39.184
                    ],
                    [
                        -77.251,
                        39.229
                    ],
                    [
                        -77.276,
                        39.238
                    ]
                ]
            }
        },
        {
            "type": "Feature",
            "properties": {
                "type": "line",
                "line_id": 14,
                "kde_values": [
                    2.623106752011255,
                    6.169995407895433,
                    5.480047369732869,
                    5.0866371801597134,
                    5.329007565352588,
                    6.155148558666371,
                    16.0230796011203,
                    20.276917737430036,
                    22.931599118638072,
                    24.727596547147932,
                    22.621473069998103,
                    20.20624464169552,
                    4.849850160328561,
                    3.6429303880046335,
                    2.1108215966164257,
                    1.85966080661483,
                    1.5869116306712496,
                    2.224640180697341,
                    3.7345619399048533,
                    3.7682014217317037,
                    2.1838171012100784,
                    2.9522633987686606
                ],
                "segment_lengths": [
                    4394.721609862804,
                    2637.124389360799,
                    2776.2514303902863,
                    1319.599559352878,
                    2658.480434416747,
                    3695.423452823537,
                    1251.695993304687,
                    978.6875527965219,
                    1055.614806965467,
                    625.8203514525161,
                    529.2619765747169,
                    3996.285916084553,
                    4890.320279857611,
                    8823.273386684736,
                    4018.464262861592,
                    11013.176960710363,
                    4644.813416837078,
                    5718.657486246862,
                    2797.684678236624,
                    7835.918583947117,
                    3084.4985553525303
                ],
                "group": 7,
                "name_list": [
                    "Berwyn Heights",
                    "University Park",
                    "Hyattsville",
                    "Mount Rainier",
                    "Michigan Park",
                    "Pleasant Hill",
                    "Howard University",
                    "",
                    "Dupont Circle 2",
                    "Golden Triangle 3",
                    "George Washington University 3",
                    "George Washington University 2",
                    "Colonial Village",
                    "Glebewood",
                    "East Falls Church 11",
                    "East Falls Church 10",
                    "Potomac",
                    "Travilah",
                    "Darnestown 3",
                    "Darnestown 2",
                    "Poolesville 5",
                    "Poolesville 4"
                ],
                "is_station": [
                    true,
                    true,
                    true,
                    true,
                    true,
                    true,
                    true,
                    false,
                    true,
                    true,
                    true,
                    true,
                    true,
                    true,
                    true,
                    true,
                    true,
                    true,
                    true,
                    true,
                    true,
                    true
                ],
                "route_kind": "generated",
                "service_status": "planned",
                "occupancy_pct": null,
                "delay_min": null,
                "accessibility_score": 100.0,
                "is_accessible": true,
                "row_type": null,
                "construction_cost_musd": null,
                "ridership_estimate": null
            },
            "geometry": {
                "type": "LineString",
                "coordinates": [
                    [
                        -76.907,
                        38.999
                    ],
                    [
                        -76.938,
                        38.98
                    ],
                    [
                        -76.957,
                        38.969
                    ],
                    [
                        -76.969,
                        38.952
                    ],
                    [
                        -76.978,
                        38.946
                    ],
                    [
                        -77.001,
                        38.941
                    ],
                    [
                        -77.022,
                        38.921
                    ],
                    [
                        -77.032,
                        38.917
                    ],
                    [
                        -77.038,
                        38.912
                    ],
                    [
                        -77.041,
                        38.905
                    ],
                    [
                        -77.046,
                        38.903
                    ],
                    [
                        -77.05,
                        38.901
                    ],
                    [
                        -77.083,
                        38.89
                    ],
                    [
                        -77.126,
                        38.897
                    ],
                    [
                        -77.205,
                        38.902
                    ],
                    [
                        -77.237,
                        38.915
                    ],
                    [
                        -77.331,
                        38.939
                    ],
                    [
                        -77.368,
                        38.954
                    ],
                    [
                        -77.41,
                        38.977
                    ],
                    [
                        -77.435,
                        38.979
                    ],
                    [
                        -77.493,
                        39.01
                    ],
                    [
                        -77.51,
                        39.027
                    ]
                ]
            }
        },
        {
            "type": "Feature",
            "properties": {
                "type": "line",
                "line_id": 15,
                "kde_values": [
                    1.6340007302412394,
                    1.3878226462554066,
                    1.7236338713586656,
                    2.807340327213974,
                    2.660347041904198,
                    1.6448138566776545,
                    2.9404718725652876,
                    1.6283031448032637,
                    1.5149261132501564,
                    1.3913792511031777
                ],
                "segment_lengths": [
                    14761.297011689137,
                    9621.643852391337,
                    3863.2903384855017,
                    1330.6783267347946,
                    5356.245420185157,
                    21508.37732362779,
                    9098.72100121818,
                    6790.488938389346,
                    9509.77997800813
                ],
                "group": 8,
                "name_list": [
                    "Marlton",
                    "Marlboro Meadows",
                    "Queen Anne",
                    "Bowie 3",
                    "Bowie 2",
                    "Bowie",
                    "Laurel 3",
                    "Burtonsville",
                    "Cloverly",
                    "Olney"
                ],
                "is_station": [
                    true,
                    true,
                    true,
                    true,
                    true,
                    true,
                    true,
                    true,
                    true,
                    true
                ],
                "route_kind": "generated",
                "service_status": "planned",
                "occupancy_pct": null,
                "delay_min": null,
                "accessibility_score": 100.0,
                "is_accessible": true,
                "row_type": null,
                "construction_cost_musd": null,
                "ridership_estimate": null
            },
            "geometry": {
                "type": "LineString",
                "coordinates": [
                    [
                        -76.807,
                        38.759
                    ],
                    [
                        -76.728,
                        38.842
                    ],
                    [
                        -76.72,
                        38.909
                    ],
                    [
                        -76.72,
                        38.936
                    ],
                    [
                        -76.717,
                        38.945
                    ],
                    [
                        -76.734,
                        38.98
                    ],
                    [
                        -76.855,
                        39.097
                    ],
                    [
                        -76.935,
                        39.11
                    ],
                    [
                        -76.996,
                        39.11
                    ],
                    [
                        -77.061,
                        39.153
                    ]
                ]
            }
        },
        {
            "type": "Feature",
            "properties": {
                "type": "line",
                "line_id": 16,
                "kde_values": [
                    2.928258801758819,
                    2.9924091694338615,
                    1.3877824985286824,
                    3.60692253745901,
                    2.7007868449246177,
                    3.9556264003797836,
                    3.035176170992581,
                    2.6262238514738065,
                    3.529420300866793,
                    2.7080408713473756,
                    3.2062872616559095,
                    2.024691776463726,
                    1.6723968203310895,
                    1.7073545195298334,
                    1.549958872502987,
                    3.5015724149924723,
                    3.430097725349692,
                    1.6699968864424177
                ],
                "segment_lengths": [
                    1516.2399086022788,
                    16181.825243745825,
                    16650.286291284152,
                    3633.871582037487,
                    3998.767036823345,
                    5077.846742401926,
                    2649.030701378163,
                    6802.48910067982,
                    4417.4074994803805,
                    3343.6308371919126,
                    6252.49509521107,
                    6790.488938389346,
                    4158.530628491198,
                    5251.602131658515,
                    8584.470467847186,
                    2917.682158530242,
                    4784.172780156953
                ],
                "group": 3,
                "name_list": [
                    "Poolesville 7",
                    "Poolesville 6",
                    "Poolesville 2",
                    "Germantown 2",
                    "Germantown",
                    "Montgomery Village",
                    "Washington Grove",
                    "Redland",
                    "Derwood",
                    "Rockville",
                    "North Bethesda 2",
                    "Wheaton",
                    "White Oak",
                    "Calverton",
                    "Beltsville",
                    "Seabrook 2",
                    "Seabrook",
                    "Mitchellville"
                ],
                "is_station": [
                    true,
                    true,
                    true,
                    true,
                    true,
                    true,
                    true,
                    true,
                    true,
                    true,
                    true,
                    true,
                    true,
                    true,
                    true,
                    true,
                    true,
                    true
                ],
                "route_kind": "generated",
                "service_status": "planned",
                "occupancy_pct": null,
                "delay_min": null,
                "accessibility_score": 100.0,
                "is_accessible": true,
                "row_type": null,
                "construction_cost_musd": null,
                "ridership_estimate": null
            },
            "geometry": {
                "type": "LineString",
                "coordinates": [
                    [
                        -77.564,
                        39.106
                    ],
                    [
                        -77.552,
                        39.111
                    ],
                    [
                        -77.413,
                        39.144
                    ],
                    [
                        -77.27,
                        39.178
                    ],
                    [
                        -77.238,
                        39.183
                    ],
                    [
                        -77.205,
                        39.172
                    ],
                    [
                        -77.165,
                        39.155
                    ],
                    [
                        -77.145,
                        39.145
                    ],
                    [
                        -77.137,
                        39.098
                    ],
                    [
                        -77.128,
                        39.068
                    ],
                    [
                        -77.105,
                        39.053
                    ],
                    [
                        -77.051,
                        39.041
                    ],
                    [
                        -76.99,
                        39.041
                    ],
                    [
                        -76.953,
                        39.045
                    ],
                    [
                        -76.908,
                        39.034
                    ],
                    [
                        -76.853,
                        38.992
                    ],
                    [
                        -76.848,
                        38.972
                    ],
                    [
                        -76.811,
                        38.955
                    ]
                ]
            }
        },
        {
            "type": "Feature",
            "properties": {
                "type": "line",
                "line_id": 17,
                "kde_values": [
                    1.8001408762940387,
                    2.9208860975969193,
                    3.2957149837496744,
                    5.120240598457495,
                    4.8639628139125,
                    3.7536952240908263,
                    3.109688393533699,
                    4.171344871088509,
                    4.141368924624597,
                    14.379295511783194,
                    18.46063660686255,
                    23.875785579036915,
                    24.415801218046063,
                    16.0230796011203,
                    8.641881165050432,
                    2.7394787248534636,
                    1.9191765229996078,
                    2.024691776463726
                ],
                "segment_lengths": [
                    6529.642083012081,
                    3707.624080844456,
                    3655.1496062318806,
                    2576.241882699297,
                    4771.355536463585,
                    3146.2659234043485,
                    3887.574775802029,
                    2431.8784419628605,
                    5433.505424516608,
                    865.1985743047624,
                    1573.2016163738444,
                    1608.4956880897662,
                    2146.0001867720857,
                    2313.7945449653075,
                    4450.055402305716,
                    3724.9411182336776,
                    7244.635268812706
                ],
                "group": 9,
                "name_list": [
                    "Fairlington 4",
                    "Fairlington 5",
                    "Fairlington 2",
                    "Fairlington 6",
                    "Fairlington 10",
                    "Fairlington 12",
                    "Forest Heights",
                    "Bellevue 3",
                    "Bellevue 2",
                    "Southwest/Waterfront",
                    "Southwest Employment Area 2",
                    "Penn Quarter",
                    "Mount Vernon Square",
                    "Howard University",
                    "Park View",
                    "Brightwood",
                    "Silver Spring",
                    "Wheaton"
                ],
                "is_station": [
                    true,
                    true,
                    true,
                    true,
                    true,
                    true,
                    true,
                    true,
                    true,
                    true,
                    true,
                    true,
                    true,
                    true,
                    true,
                    true,
                    true,
                    true
                ],
                "route_kind": "generated",
                "service_status": "planned",
                "occupancy_pct": null,
                "delay_min": null,
                "accessibility_score": 100.0,
                "is_accessible": true,
                "row_type": null,
                "construction_cost_musd": null,
                "ridership_estimate": null
            },
            "geometry": {
                "type": "LineString",
                "coordinates": [
                    [
                        -77.213,
                        38.74
                    ],
                    [
                        -77.187,
                        38.781
                    ],
                    [
                        -77.163,
                        38.799
                    ],
                    [
                        -77.134,
                        38.811
                    ],
                    [
                        -77.111,
                        38.813
                    ],
                    [
                        -77.071,
                        38.801
                    ],
                    [
                        -77.043,
                        38.804
                    ],
                    [
                        -77.018,
                        38.823
                    ],
                    [
                        -77.017,
                        38.84
                    ],
                    [
                        -77.018,
                        38.878
                    ],
                    [
                        -77.019,
                        38.884
                    ],
                    [
                        -77.019,
                        38.895
                    ],
                    [
                        -77.022,
                        38.906
                    ],
                    [
                        -77.022,
                        38.921
                    ],
                    [
                        -77.025,
                        38.937
                    ],
                    [
                        -77.028,
                        38.968
                    ],
                    [
                        -77.027,
                        38.994
                    ],
                    [
                        -77.051,
                        39.041
                    ]
                ]
            }
        },
        {
            "type": "Feature",
            "properties": {
                "type": "line",
                "line_id": 18,
                "kde_values": [
                    1.6566531012280954,
                    1.6699968864424177,
                    2.7435999320365267,
                    3.00849610555648,
                    3.7424318769082823,
                    3.5865940358862467,
                    3.625412817871971,
                    4.166611216923205,
                    3.5289161688988355,
                    2.3376079767164466,
                    3.138660361540695,
                    3.342418353140627,
                    3.185170955287769,
                    2.853317316587126,
                    1.8001408762940387
                ],
                "segment_lengths": [
                    5144.740542573507,
                    6193.990598942907,
                    5479.9387714549885,
                    3693.800740884041,
                    2355.502984488175,
                    5547.4030007776355,
                    3475.5295719266624,
                    2645.3204112079693,
                    3782.2835885377604,
                    5393.598961580628,
                    2686.8872120354335,
                    5790.374269687449,
                    4684.131351549996,
                    5970.1551827477115
                ],
                "group": 10,
                "name_list": [
                    "Fairwood",
                    "Mitchellville",
                    "Glenarden",
                    "Peppermill Village",
                    "Walker Mill",
                    "District Heights",
                    "Marlow Heights",
                    "Temple Hills 2",
                    "Glassmanor",
                    "National Harbor",
                    "National Harbor 2",
                    "National Harbor 3",
                    "Fairlington 8",
                    "Fairlington 3",
                    "Fairlington 4"
                ],
                "is_station": [
                    true,
                    true,
                    true,
                    true,
                    true,
                    true,
                    true,
                    true,
                    true,
                    true,
                    true,
                    true,
                    true,
                    true,
                    true
                ],
                "route_kind": "generated",
                "service_status": "planned",
                "occupancy_pct": null,
                "delay_min": null,
                "accessibility_score": 100.0,
                "is_accessible": true,
                "row_type": null,
                "construction_cost_musd": null,
                "ridership_estimate": null
            },
            "geometry": {
                "type": "LineString",
                "coordinates": [
                    [
                        -76.771,
                        38.973
                    ],
                    [
                        -76.811,
                        38.955
                    ],
                    [
                        -76.847,
                        38.922
                    ],
                    [
                        -76.872,
                        38.889
                    ],
                    [
                        -76.893,
                        38.869
                    ],
                    [
                        -76.906,
                        38.856
                    ],
                    [
                        -76.943,
                        38.83
                    ],
                    [
                        -76.964,
                        38.812
                    ],
                    [
                        -76.986,
                        38.805
                    ],
                    [
                        -77.014,
                        38.79
                    ],
                    [
                        -77.059,
                        38.776
                    ],
                    [
                        -77.083,
                        38.774
                    ],
                    [
                        -77.135,
                        38.773
                    ],
                    [
                        -77.177,
                        38.771
                    ],
                    [
                        -77.213,
                        38.74
                    ]
                ]
            }
        },
        {
            "type": "Feature",
            "properties": {
                "type": "line",
                "line_id": 19,
                "kde_values": [
                    3.1095686273853693,
                    1.6283031448032637,
                    1.3913792511031777,
                    2.462295368971496,
                    2.7007868449246177,
                    4.047896041993979,
                    2.875199994288919,
                    1.429552049362001,
                    3.127687735980555,
                    3.7345619399048533,
                    3.710999963715438,
                    2.031240035282233,
                    2.3524552940673504,
                    3.362402522843402,
                    3.8254026557548486,
                    3.5789957018996144
                ],
                "segment_lengths": [
                    7250.598553207829,
                    15323.689029218905,
                    14927.937789136551,
                    5456.545322856369,
                    3179.1952386535304,
                    3605.206957869057,
                    17913.961674726732,
                    8011.26937249536,
                    3080.811809995313,
                    2862.3990123699537,
                    5241.219813298281,
                    10553.961695660724,
                    2689.039628403866,
                    2416.2507448627707,
                    879.1827310455477
                ],
                "group": 11,
                "name_list": [
                    "Laurel",
                    "Burtonsville",
                    "Olney",
                    "Montgomery Village 2",
                    "Germantown",
                    "Germantown 5",
                    "Germantown 3",
                    "Darnestown 5",
                    "Darnestown 4",
                    "Darnestown 3",
                    "Travilah 3",
                    "Travilah 2",
                    "East Falls Church 14",
                    "East Falls Church 4",
                    "East Falls Church 13",
                    "East Falls Church 12"
                ],
                "is_station": [
                    true,
                    true,
                    true,
                    true,
                    true,
                    true,
                    true,
                    true,
                    true,
                    true,
                    true,
                    true,
                    true,
                    true,
                    true,
                    true
                ],
                "route_kind": "generated",
                "service_status": "planned",
                "occupancy_pct": null,
                "delay_min": null,
                "accessibility_score": 100.0,
                "is_accessible": true,
                "row_type": null,
                "construction_cost_musd": null,
                "ridership_estimate": null
            },
            "geometry": {
                "type": "LineString",
                "coordinates": [
                    [
                        -76.877,
                        39.087
                    ],
                    [
                        -76.935,
                        39.11
                    ],
                    [
                        -77.061,
                        39.153
                    ],
                    [
                        -77.189,
                        39.184
                    ],
                    [
                        -77.238,
                        39.183
                    ],
                    [
                        -77.262,
                        39.171
                    ],
                    [
                        -77.275,
                        39.148
                    ],
                    [
                        -77.358,
                        39.041
                    ],
                    [
                        -77.404,
                        38.998
                    ],
                    [
                        -77.41,
                        38.977
                    ],
                    [
                        -77.402,
                        38.958
                    ],
                    [
                        -77.375,
                        38.928
                    ],
                    [
                        -77.303,
                        38.88
                    ],
                    [
                        -77.296,
                        38.862
                    ],
                    [
                        -77.303,
                        38.846
                    ],
                    [
                        -77.309,
                        38.842
                    ]
                ]
            }
        }
    ]
}