{
"type": "FeatureCollection",
"name": "network",
"crs": { "type": "name", "properties": { "name": "urn:ogc:def:crs:OGC:1.3:CRS84" } },
"features": [
{ "type": "Feature", "properties": { "type": "node", "id": 0.0, "source": null, "target": null }, "geometry": { "type": "Point", "coordinates": [ -77.01, 38.67 ] } },
{ "type": "Feature", "properties": { "type": "node", "id": 1.0, "source": null, "target": null }, "geometry": { "type": "Point", "coordinates": [ -76.855, 38.816 ] } },
{ "type": "Feature", "properties": { "type": "node", "id": 2.0, "source": null, "target": null }, "geometry": { "type": "Point", "coordinates": [ -76.891, 38.806 ] } },
{ "type": "Feature", "properties": { "type": "node", "id": 3.0, "source": null, "target": null }, "geometry": { "type": "Point", "coordinates": [ -76.908, 39.034 ] } },
{ "type": "Feature", "properties": { "type": "node", "id": 4.0, "source": null, "target": null }, "geometry": { "type": "Point", "coordinates": [ -77.127, 39.025 ] } },
{ "type": "Feature", "properties": { "type": "node", "id": 5.0, "source": null, "target": null }, "geometry": { "type": "Point", "coordinates": [ -76.72, 38.909 ] } },
{ "type": "Feature", "properties": { "type": "node", "id": 6.0, "source": null, "target": null }, "geometry": { "type": "Point", "coordinates": [ -76.953, 39.045 ] } },
{ "type": "Feature", "properties": { "type": "node", "id": 7.0, "source": null, "target": null }, "geometry": { "type": "Point", "coordinates": [ -76.734, 38.98 ] } },
{ "type": "Feature", "properties": { "type": "node", "id": 8.0, "source": null, "target": null }, "geometry": { "type": "Point", "coordinates": [ -77.118, 38.949 ] } },
{ "type": "Feature", "properties": { "type": "node", "id": 9.0, "source": null, "target": null }, "geometry": { "type": "Point", "coordinates": [ -76.935, 39.11 ] } },
{ "type": "Feature", "properties": { "type": "node", "id": 10.0, "source": null, "target": null }, "geometry": { "type": "Point", "coordinates": [ -76.717, 38.945 ] } },
{ "type": "Feature", "properties": { "type": "node", "id": 11.0, "source": null, "target": null }, "geometry": { "type": "Point", "coordinates": [ -77.147, 39.024 ] } },
{ "type": "Feature", "properties": { "type": "node", "id": 12.0, "source": null, "target": null }, "geometry": { "type": "Point", "coordinates": [ -76.72, 38.936 ] } },
{ "type": "Feature", "properties": { "type": "node", "id": 13.0, "source": null, "target": null }, "geometry": { "type": "Point", "coordinates": [ -77.093, 38.982 ] } },
{ "type": "Feature", "properties": { "type": "node", "id": 14.0, "source": null, "target": null }, "geometry": { "type": "Point", "coordinates": [ -76.893, 38.869 ] } },
{ "type": "Feature", "properties": { "type": "node", "id": 15.0, "source": null, "target": null }, "geometry": { "type": "Point", "coordinates": [ -77.097, 39.003 ] } },
{ "type": "Feature", "properties": { "type": "node", "id": 16.0, "source": null, "target": null }, "geometry": { "type": "Point", "coordinates": [ -76.811, 38.955 ] } },
{ "type": "Feature", "properties": { "type": "node", "id": 17.0, "source": null, "target": null }, "geometry": { "type": "Point", "coordinates": [ -76.771, 38.973 ] } },
{ "type": "Feature", "properties": { "type": "node", "id": 18.0, "source": null, "target": null }, "geometry": { "type": "Point", "coordinates": [ -76.93, 38.873 ] } },
{ "type": "Feature", "properties": { "type": "node", "id": 19.0, "source": null, "target": null }, "geometry": { "type": "Point", "coordinates": [ -76.848, 38.87 ] } },
{ "type": "Feature", "properties": { "type": "node", "id": 20.0, "source": null, "target": null }, "geometry": { "type": "Point", "coordinates": [ -77.251, 39.229 ] } },
{ "type": "Feature", "properties": { "type": "node", "id": 21.0, "source": null, "target": null }, "geometry": { "type": "Point", "coordinates": [ -77.276, 39.238 ] } },
{ "type": "Feature", "properties": { "type": "node", "id": 22.0, "source": null, "target": null }, "geometry": { "type": "Point", "coordinates": [ -76.898, 38.784 ] } },
{ "type": "Feature", "properties": { "type": "node", "id": 23.0, "source": null, "target": null }, "geometry": { "type": "Point", "coordinates": [ -76.949, 38.984 ] } },
{ "type": "Feature", "properties": { "type": "node", "id": 24.0, "source": null, "target": null }, "geometry": { "type": "Point", "coordinates": [ -76.951, 38.934 ] } },
{ "type": "Feature", "properties": { "type": "node", "id": 25.0, "source": null, "target": null }, "geometry": { "type": "Point", "coordinates": [ -76.892, 38.767 ] } },
{ "type": "Feature", "properties": { "type": "node", "id": 26.0, "source": null, "target": null }, "geometry": { "type": "Point", "coordinates": [ -76.938, 38.98 ] } },
{ "type": "Feature", "properties": { "type": "node", "id": 27.0, "source": null, "target": null }, "geometry": { "type": "Point", "coordinates": [ -76.945, 38.988 ] } },
{ "type": "Feature", "properties": { "type": "node", "id": 28.0, "source": null, "target": null }, "geometry": { "type": "Point", "coordinates": [ -77.203, 39.289 ] } },
{ "type": "Feature", "properties": { "type": "node", "id": 29.0, "source": null, "target": null }, "geometry": { "type": "Point", "coordinates": [ -76.941, 38.989 ] } },
{ "type": "Feature", "properties": { "type": "node", "id": 30.0, "source": null, "target": null }, "geometry": { "type": "Point", "coordinates": [ -77.145, 39.145 ] } },
{ "type": "Feature", "properties": { "type": "node", "id": 31.0, "source": null, "target": null }, "geometry": { "type": "Point", "coordinates": [ -76.906, 38.856 ] } },
{ "type": "Feature", "properties": { "type": "node", "id": 32.0, "source": null, "target": null }, "geometry": { "type": "Point", "coordinates": [ -76.883, 38.845 ] } },
{ "type": "Feature", "properties": { "type": "node", "id": 33.0, "source": null, "target": null }, "geometry": { "type": "Point", "coordinates": [ -76.993, 38.726 ] } },
{ "type": "Feature", "properties": { "type": "node", "id": 34.0, "source": null, "target": null }, "geometry": { "type": "Point", "coordinates": [ -77.195, 39.141 ] } },
{ "type": "Feature", "properties": { "type": "node", "id": 35.0, "source": null, "target": null }, "geometry": { "type": "Point", "coordinates": [ -77.184, 39.118 ] } },
{ "type": "Feature", "properties": { "type": "node", "id": 36.0, "source": null, "target": null }, "geometry": { "type": "Point", "coordinates": [ -77.262, 39.171 ] } },
{ "type": "Feature", "properties": { "type": "node", "id": 37.0, "source": null, "target": null }, "geometry": { "type": "Point", "coordinates": [ -77.165, 39.155 ] } },
{ "type": "Feature", "properties": { "type": "node", "id": 38.0, "source": null, "target": null }, "geometry": { "type": "Point", "coordinates": [ -77.27, 39.178 ] } },
{ "type": "Feature", "properties": { "type": "node", "id": 39.0, "source": null, "target": null }, "geometry": { "type": "Point", "coordinates": [ -77.211, 39.154 ] } },
{ "type": "Feature", "properties": { "type": "node", "id": 40.0, "source": null, "target": null }, "geometry": { "type": "Point", "coordinates": [ -76.907, 38.999 ] } },
{ "type": "Feature", "properties": { "type": "node", "id": 41.0, "source": null, "target": null }, "geometry": { "type": "Point", "coordinates": [ -77.28, 39.16 ] } },
{ "type": "Feature", "properties": { "type": "node", "id": 42.0, "source": null, "target": null }, "geometry": { "type": "Point", "coordinates": [ -77.213, 39.157 ] } },
{ "type": "Feature", "properties": { "type": "node", "id": 43.0, "source": null, "target": null }, "geometry": { "type": "Point", "coordinates": [ -76.878, 38.992 ] } },
{ "type": "Feature", "properties": { "type": "node", "id": 44.0, "source": null, "target": null }, "geometry": { "type": "Point", "coordinates": [ -77.275, 39.148 ] } },
{ "type": "Feature", "properties": { "type": "node", "id": 45.0, "source": null, "target": null }, "geometry": { "type": "Point", "coordinates": [ -77.217, 39.114 ] } },
{ "type": "Feature", "properties": { "type": "node", "id": 46.0, "source": null, "target": null }, "geometry": { "type": "Point", "coordinates": [ -76.853, 38.992 ] } },
{ "type": "Feature", "properties": { "type": "node", "id": 47.0, "source": null, "target": null }, "geometry": { "type": "Point", "coordinates": [ -77.238, 39.183 ] } },
{ "type": "Feature", "properties": { "type": "node", "id": 48.0, "source": null, "target": null }, "geometry": { "type": "Point", "coordinates": [ -77.189, 39.184 ] } },
{ "type": "Feature", "properties": { "type": "node", "id": 49.0, "source": null, "target": null }, "geometry": { "type": "Point", "coordinates": [ -76.969, 38.952 ] } },
{ "type": "Feature", "properties": { "type": "node", "id": 50.0, "source": null, "target": null }, "geometry": { "type": "Point", "coordinates": [ -77.106, 39.044 ] } },
{ "type": "Feature", "properties": { "type": "node", "id": 51.0, "source": null, "target": null }, "geometry": { "type": "Point", "coordinates": [ -76.957, 38.969 ] } },
{ "type": "Feature", "properties": { "type": "node", "id": 52.0, "source": null, "target": null }, "geometry": { "type": "Point", "coordinates": [ -76.847, 38.922 ] } },
{ "type": "Feature", "properties": { "type": "node", "id": 53.0, "source": null, "target": null }, "geometry": { "type": "Point", "coordinates": [ -76.834, 38.992 ] } },
{ "type": "Feature", "properties": { "type": "node", "id": 54.0, "source": null, "target": null }, "geometry": { "type": "Point", "coordinates": [ -76.94, 38.956 ] } },
{ "type": "Feature", "properties": { "type": "node", "id": 55.0, "source": null, "target": null }, "geometry": { "type": "Point", "coordinates": [ -76.908, 38.943 ] } },
{ "type": "Feature", "properties": { "type": "node", "id": 56.0, "source": null, "target": null }, "geometry": { "type": "Point", "coordinates": [ -76.883, 38.915 ] } },
{ "type": "Feature", "properties": { "type": "node", "id": 57.0, "source": null, "target": null }, "geometry": { "type": "Point", "coordinates": [ -76.884, 38.928 ] } },
{ "type": "Feature", "properties": { "type": "node", "id": 58.0, "source": null, "target": null }, "geometry": { "type": "Point", "coordinates": [ -76.901, 38.943 ] } },
{ "type": "Feature", "properties": { "type": "node", "id": 59.0, "source": null, "target": null }, "geometry": { "type": "Point", "coordinates": [ -76.838, 39.065 ] } },
{ "type": "Feature", "properties": { "type": "node", "id": 60.0, "source": null, "target": null }, "geometry": { "type": "Point", "coordinates": [ -76.872, 38.889 ] } },
{ "type": "Feature", "properties": { "type": "node", "id": 61.0, "source": null, "target": null }, "geometry": { "type": "Point", "coordinates": [ -76.864, 39.085 ] } },
{ "type": "Feature", "properties": { "type": "node", "id": 62.0, "source": null, "target": null }, "geometry": { "type": "Point", "coordinates": [ -76.862, 38.947 ] } },
{ "type": "Feature", "properties": { "type": "node", "id": 63.0, "source": null, "target": null }, "geometry": { "type": "Point", "coordinates": [ -76.943, 38.83 ] } },
{ "type": "Feature", "properties": { "type": "node", "id": 64.0, "source": null, "target": null }, "geometry": { "type": "Point", "coordinates": [ -76.877, 39.087 ] } },
{ "type": "Feature", "properties": { "type": "node", "id": 65.0, "source": null, "target": null }, "geometry": { "type": "Point", "coordinates": [ -77.205, 39.172 ] } },
{ "type": "Feature", "properties": { "type": "node", "id": 66.0, "source": null, "target": null }, "geometry": { "type": "Point", "coordinates": [ -76.796, 38.901 ] } },
{ "type": "Feature", "properties": { "type": "node", "id": 67.0, "source": null, "target": null }, "geometry": { "type": "Point", "coordinates": [ -76.893, 38.968 ] } },
{ "type": "Feature", "properties": { "type": "node", "id": 68.0, "source": null, "target": null }, "geometry": { "type": "Point", "coordinates": [ -76.855, 39.097 ] } },
{ "type": "Feature", "properties": { "type": "node", "id": 69.0, "source": null, "target": null }, "geometry": { "type": "Point", "coordinates": [ -76.869, 38.957 ] } },
{ "type": "Feature", "properties": { "type": "node", "id": 70.0, "source": null, "target": null }, "geometry": { "type": "Point", "coordinates": [ -77.061, 39.153 ] } },
{ "type": "Feature", "properties": { "type": "node", "id": 71.0, "source": null, "target": null }, "geometry": { "type": "Point", "coordinates": [ -77.014, 38.79 ] } },
{ "type": "Feature", "properties": { "type": "node", "id": 72.0, "source": null, "target": null }, "geometry": { "type": "Point", "coordinates": [ -77.003, 38.819 ] } },
{ "type": "Feature", "properties": { "type": "node", "id": 73.0, "source": null, "target": null }, "geometry": { "type": "Point", "coordinates": [ -76.964, 38.812 ] } },
{ "type": "Feature", "properties": { "type": "node", "id": 74.0, "source": null, "target": null }, "geometry": { "type": "Point", "coordinates": [ -77.413, 39.144 ] } },
{ "type": "Feature", "properties": { "type": "node", "id": 75.0, "source": null, "target": null }, "geometry": { "type": "Point", "coordinates": [ -76.986, 38.805 ] } },
{ "type": "Feature", "properties": { "type": "node", "id": 76.0, "source": null, "target": null }, "geometry": { "type": "Point", "coordinates": [ -77.137, 39.098 ] } },
{ "type": "Feature", "properties": { "type": "node", "id": 77.0, "source": null, "target": null }, "geometry": { "type": "Point", "coordinates": [ -77.128, 39.068 ] } },
{ "type": "Feature", "properties": { "type": "node", "id": 78.0, "source": null, "target": null }, "geometry": { "type": "Point", "coordinates": [ -76.848, 38.972 ] } },
{ "type": "Feature", "properties": { "type": "node", "id": 79.0, "source": null, "target": null }, "geometry": { "type": "Point", "coordinates": [ -77.157, 39.104 ] } },
{ "type": "Feature", "properties": { "type": "node", "id": 80.0, "source": null, "target": null }, "geometry": { "type": "Point", "coordinates": [ -76.9, 38.888 ] } },
{ "type": "Feature", "properties": { "type": "node", "id": 81.0, "source": null, "target": null }, "geometry": { "type": "Point", "coordinates": [ -77.167, 39.132 ] } },
{ "type": "Feature", "properties": { "type": "node", "id": 82.0, "source": null, "target": null }, "geometry": { "type": "Point", "coordinates": [ -77.153, 39.084 ] } },
{ "type": "Feature", "properties": { "type": "node", "id": 83.0, "source": null, "target": null }, "geometry": { "type": "Point", "coordinates": [ -76.823, 38.895 ] } },
{ "type": "Feature", "properties": { "type": "node", "id": 84.0, "source": null, "target": null }, "geometry": { "type": "Point", "coordinates": [ -76.99, 39.041 ] } },
{ "type": "Feature", "properties": { "type": "node", "id": 85.0, "source": null, "target": null }, "geometry": { "type": "Point", "coordinates": [ -77.105, 39.053 ] } },
{ "type": "Feature", "properties": { "type": "node", "id": 86.0, "source": null, "target": null }, "geometry": { "type": "Point", "coordinates": [ -77.072, 39.08 ] } },
{ "type": "Feature", "properties": { "type": "node", "id": 87.0, "source": null, "target": null }, "geometry": { "type": "Point", "coordinates": [ -77.111, 39.095 ] } },
{ "type": "Feature", "properties": { "type": "node", "id": 88.0, "source": null, "target": null }, "geometry": { "type": "Point", "coordinates": [ -76.945, 39.083 ] } },
{ "type": "Feature", "properties": { "type": "node", "id": 89.0, "source": null, "target": null }, "geometry": { "type": "Point", "coordinates": [ -76.989, 38.989 ] } },
{ "type": "Feature", "properties": { "type": "node", "id": 90.0, "source": null, "target": null }, "geometry": { "type": "Point", "coordinates": [ -77.197, 39.102 ] } },
{ "type": "Feature", "properties": { "type": "node", "id": 91.0, "source": null, "target": null }, "geometry": { "type": "Point", "coordinates": [ -76.909, 38.828 ] } },
{ "type": "Feature", "properties": { "type": "node", "id": 92.0, "source": null, "target": null }, "geometry": { "type": "Point", "coordinates": [ -77.046, 39.093 ] } },
{ "type": "Feature", "properties": { "type": "node", "id": 93.0, "source": null, "target": null }, "geometry": { "type": "Point", "coordinates": [ -76.89, 38.824 ] } },
{ "type": "Feature", "properties": { "type": "node", "id": 94.0, "source": null, "target": null }, "geometry": { "type": "Point", "coordinates": [ -77.075, 39.103 ] } },
{ "type": "Feature", "properties": { "type": "node", "id": 95.0, "source": null, "target": null }, "geometry": { "type": "Point", "coordinates": [ -76.959, 38.834 ] } },
{ "type": "Feature", "properties": { "type": "node", "id": 96.0, "source": null, "target": null }, "geometry": { "type": "Point", "coordinates": [ -77.004, 39.076 ] } },
{ "type": "Feature", "properties": { "type": "node", "id": 97.0, "source": null, "target": null }, "geometry": { "type": "Point", "coordinates": [ -76.728, 38.842 ] } },
{ "type": "Feature", "properties": { "type": "node", "id": 98.0, "source": null, "target": null }, "geometry": { "type": "Point", "coordinates": [ -76.952, 38.803 ] } },
{ "type": "Feature", "properties": { "type": "node", "id": 99.0, "source": null, "target": null }, "geometry": { "type": "Point", "coordinates": [ -76.996, 39.11 ] } },
{ "type": "Feature", "properties": { "type": "node", "id": 100.0, "source": null, "target": null }, "geometry": { "type": "Point", "coordinates": [ -76.795, 38.785 ] } },
{ "type": "Feature", "properties": { "type": "node", "id": 101.0, "source": null, "target": null }, "geometry": { "type": "Point", "coordinates": [ -76.927, 38.794 ] } },
{ "type": "Feature", "properties": { "type": "node", "id": 102.0, "source": null, "target": null }, "geometry": { "type": "Point", "coordinates": [ -76.807, 38.759 ] } },
{ "type": "Feature", "properties": { "type": "node", "id": 103.0, "source": null, "target": null }, "geometry": { "type": "Point", "coordinates": [ -77.027, 38.994 ] } },
{ "type": "Feature", "properties": { "type": "node", "id": 104.0, "source": null, "target": null }, "geometry": { "type": "Point", "coordinates": [ -76.834, 38.902 ] } },
{ "type": "Feature", "properties": { "type": "node", "id": 105.0, "source": null, "target": null }, "geometry": { "type": "Point", "coordinates": [ -77.051, 39.041 ] } },
{ "type": "Feature", "properties": { "type": "node", "id": 106.0, "source": null, "target": null }, "geometry": { "type": "Point", "coordinates": [ -77.049, 39.061 ] } },
{ "type": "Feature", "properties": { "type": "node", "id": 107.0, "source": null, "target": null }, "geometry": { "type": "Point", "coordinates": [ -77.126, 38.831 ] } },
{ "type": "Feature", "properties": { "type": "node", "id": 108.0, "source": null, "target": null }, "geometry": { "type": "Point", "coordinates": [ -77.059, 38.776 ] } },
{ "type": "Feature", "properties": { "type": "node", "id": 109.0, "source": null, "target": null }, "geometry": { "type": "Point", "coordinates": [ -77.061, 38.863 ] } },
{ "type": "Feature", "properties": { "type": "node", "id": 110.0, "source": null, "target": null }, "geometry": { "type": "Point", "coordinates": [ -77.184, 38.813 ] } },
{ "type": "Feature", "properties": { "type": "node", "id": 111.0, "source": null, "target": null }, "geometry": { "type": "Point", "coordinates": [ -77.071, 38.801 ] } },
{ "type": "Feature", "properties": { "type": "node", "id": 112.0, "source": null, "target": null }, "geometry": { "type": "Point", "coordinates": [ -77.537, 38.986 ] } },
{ "type": "Feature", "properties": { "type": "node", "id": 113.0, "source": null, "target": null }, "geometry": { "type": "Point", "coordinates": [ -77.191, 38.833 ] } },
{ "type": "Feature", "properties": { "type": "node", "id": 114.0, "source": null, "target": null }, "geometry": { "type": "Point", "coordinates": [ -77.083, 38.89 ] } },
{ "type": "Feature", "properties": { "type": "node", "id": 115.0, "source": null, "target": null }, "geometry": { "type": "Point", "coordinates": [ -77.134, 38.811 ] } },
{ "type": "Feature", "properties": { "type": "node", "id": 116.0, "source": null, "target": null }, "geometry": { "type": "Point", "coordinates": [ -77.51, 39.027 ] } },
{ "type": "Feature", "properties": { "type": "node", "id": 117.0, "source": null, "target": null }, "geometry": { "type": "Point", "coordinates": [ -77.214, 38.825 ] } },
{ "type": "Feature", "properties": { "type": "node", "id": 118.0, "source": null, "target": null }, "geometry": { "type": "Point", "coordinates": [ -77.043, 38.804 ] } },
{ "type": "Feature", "properties": { "type": "node", "id": 119.0, "source": null, "target": null }, "geometry": { "type": "Point", "coordinates": [ -77.05, 38.858 ] } },
{ "type": "Feature", "properties": { "type": "node", "id": 120.0, "source": null, "target": null }, "geometry": { "type": "Point", "coordinates": [ -77.501, 39.036 ] } },
{ "type": "Feature", "properties": { "type": "node", "id": 121.0, "source": null, "target": null }, "geometry": { "type": "Point", "coordinates": [ -77.117, 38.848 ] } },
{ "type": "Feature", "properties": { "type": "node", "id": 122.0, "source": null, "target": null }, "geometry": { "type": "Point", "coordinates": [ -77.092, 38.829 ] } },
{ "type": "Feature", "properties": { "type": "node", "id": 123.0, "source": null, "target": null }, "geometry": { "type": "Point", "coordinates": [ -77.493, 39.01 ] } },
{ "type": "Feature", "properties": { "type": "node", "id": 124.0, "source": null, "target": null }, "geometry": { "type": "Point", "coordinates": [ -77.128, 38.89 ] } },
{ "type": "Feature", "properties": { "type": "node", "id": 125.0, "source": null, "target": null }, "geometry": { "type": "Point", "coordinates": [ -77.051, 38.834 ] } },
{ "type": "Feature", "properties": { "type": "node", "id": 126.0, "source": null, "target": null }, "geometry": { "type": "Point", "coordinates": [ -77.478, 39.058 ] } },
{ "type": "Feature", "properties": { "type": "node", "id": 127.0, "source": null, "target": null }, "geometry": { "type": "Point", "coordinates": [ -77.111, 38.813 ] } },
{ "type": "Feature", "properties": { "type": "node", "id": 128.0, "source": null, "target": null }, "geometry": { "type": "Point", "coordinates": [ -77.051, 38.855 ] } },
{ "type": "Feature", "properties": { "type": "node", "id": 129.0, "source": null, "target": null }, "geometry": { "type": "Point", "coordinates": [ -77.118, 38.829 ] } },
{ "type": "Feature", "properties": { "type": "node", "id": 130.0, "source": null, "target": null }, "geometry": { "type": "Point", "coordinates": [ -77.05, 38.852 ] } },
{ "type": "Feature", "properties": { "type": "node", "id": 131.0, "source": null, "target": null }, "geometry": { "type": "Point", "coordinates": [ -77.088, 38.841 ] } },
{ "type": "Feature", "properties": { "type": "node", "id": 132.0, "source": null, "target": null }, "geometry": { "type": "Point", "coordinates": [ -77.163, 38.799 ] } },
{ "type": "Feature", "properties": { "type": "node", "id": 133.0, "source": null, "target": null }, "geometry": { "type": "Point", "coordinates": [ -77.089, 38.862 ] } },
{ "type": "Feature", "properties": { "type": "node", "id": 134.0, "source": null, "target": null }, "geometry": { "type": "Point", "coordinates": [ -77.135, 38.773 ] } },
{ "type": "Feature", "properties": { "type": "node", "id": 135.0, "source": null, "target": null }, "geometry": { "type": "Point", "coordinates": [ -77.052, 38.845 ] } },
{ "type": "Feature", "properties": { "type": "node", "id": 136.0, "source": null, "target": null }, "geometry": { "type": "Point", "coordinates": [ -77.077, 38.79 ] } },
{ "type": "Feature", "properties": { "type": "node", "id": 137.0, "source": null, "target": null }, "geometry": { "type": "Point", "coordinates": [ -77.112, 38.883 ] } },
{ "type": "Feature", "properties": { "type": "node", "id": 138.0, "source": null, "target": null }, "geometry": { "type": "Point", "coordinates": [ -77.123, 38.785 ] } },
{ "type": "Feature", "properties": { "type": "node", "id": 139.0, "source": null, "target": null }, "geometry": { "type": "Point", "coordinates": [ -77.126, 38.897 ] } },
{ "type": "Feature", "properties": { "type": "node", "id": 140.0, "source": null, "target": null }, "geometry": { "type": "Point", "coordinates": [ -77.447, 38.869 ] } },
{ "type": "Feature", "properties": { "type": "node", "id": 141.0, "source": null, "target": null }, "geometry": { "type": "Point", "coordinates": [ -77.139, 38.816 ] } },
{ "type": "Feature", "properties": { "type": "node", "id": 142.0, "source": null, "target": null }, "geometry": { "type": "Point", "coordinates": [ -77.428, 38.894 ] } },
{ "type": "Feature", "properties": { "type": "node", "id": 143.0, "source": null, "target": null }, "geometry": { "type": "Point", "coordinates": [ -77.083, 38.774 ] } },
{ "type": "Feature", "properties": { "type": "node", "id": 144.0, "source": null, "target": null }, "geometry": { "type": "Point", "coordinates": [ -77.443, 38.889 ] } },
{ "type": "Feature", "properties": { "type": "node", "id": 145.0, "source": null, "target": null }, "geometry": { "type": "Point", "coordinates": [ -77.141, 38.754 ] } },
{ "type": "Feature", "properties": { "type": "node", "id": 146.0, "source": null, "target": null }, "geometry": { "type": "Point", "coordinates": [ -77.085, 38.744 ] } },
{ "type": "Feature", "properties": { "type": "node", "id": 147.0, "source": null, "target": null }, "geometry": { "type": "Point", "coordinates": [ -77.126, 38.721 ] } },
{ "type": "Feature", "properties": { "type": "node", "id": 148.0, "source": null, "target": null }, "geometry": { "type": "Point", "coordinates": [ -77.413, 38.834 ] } },
{ "type": "Feature", "properties": { "type": "node", "id": 149.0, "source": null, "target": null }, "geometry": { "type": "Point", "coordinates": [ -77.497, 38.962 ] } },
{ "type": "Feature", "properties": { "type": "node", "id": 150.0, "source": null, "target": null }, "geometry": { "type": "Point", "coordinates": [ -77.523, 38.936 ] } },
{ "type": "Feature", "properties": { "type": "node", "id": 151.0, "source": null, "target": null }, "geometry": { "type": "Point", "coordinates": [ -77.257, 38.728 ] } },
{ "type": "Feature", "properties": { "type": "node", "id": 152.0, "source": null, "target": null }, "geometry": { "type": "Point", "coordinates": [ -77.296, 38.862 ] } },
{ "type": "Feature", "properties": { "type": "node", "id": 153.0, "source": null, "target": null }, "geometry": { "type": "Point", "coordinates": [ -77.303, 38.846 ] } },
{ "type": "Feature", "properties": { "type": "node", "id": 154.0, "source": null, "target": null }, "geometry": { "type": "Point", "coordinates": [ -77.173, 38.88 ] } },
{ "type": "Feature", "properties": { "type": "node", "id": 155.0, "source": null, "target": null }, "geometry": { "type": "Point", "coordinates": [ -77.144, 38.706 ] } },
{ "type": "Feature", "properties": { "type": "node", "id": 156.0, "source": null, "target": null }, "geometry": { "type": "Point", "coordinates": [ -77.081, 38.875 ] } },
{ "type": "Feature", "properties": { "type": "node", "id": 157.0, "source": null, "target": null }, "geometry": { "type": "Point", "coordinates": [ -77.336, 38.855 ] } },
{ "type": "Feature", "properties": { "type": "node", "id": 158.0, "source": null, "target": null }, "geometry": { "type": "Point", "coordinates": [ -77.205, 38.902 ] } },
{ "type": "Feature", "properties": { "type": "node", "id": 159.0, "source": null, "target": null }, "geometry": { "type": "Point", "coordinates": [ -77.144, 38.697 ] } },
{ "type": "Feature", "properties": { "type": "node", "id": 160.0, "source": null, "target": null }, "geometry": { "type": "Point", "coordinates": [ -77.135, 38.854 ] } },
{ "type": "Feature", "properties": { "type": "node", "id": 161.0, "source": null, "target": null }, "geometry": { "type": "Point", "coordinates": [ -77.309, 38.842 ] } },
{ "type": "Feature", "properties": { "type": "node", "id": 162.0, "source": null, "target": null }, "geometry": { "type": "Point", "coordinates": [ -77.146, 38.869 ] } },
{ "type": "Feature", "properties": { "type": "node", "id": 163.0, "source": null, "target": null }, "geometry": { "type": "Point", "coordinates": [ -77.395, 38.858 ] } },
{ "type": "Feature", "properties": { "type": "node", "id": 164.0, "source": null, "target": null }, "geometry": { "type": "Point", "coordinates": [ -77.241, 38.874 ] } },
{ "type": "Feature", "properties": { "type": "node", "id": 165.0, "source": null, "target": null }, "geometry": { "type": "Point", "coordinates": [ -77.197, 38.865 ] } },
{ "type": "Feature", "properties": { "type": "node", "id": 166.0, "source": null, "target": null }, "geometry": { "type": "Point", "coordinates": [ -77.276, 38.817 ] } },
{ "type": "Feature", "properties": { "type": "node", "id": 167.0, "source": null, "target": null }, "geometry": { "type": "Point", "coordinates": [ -77.198, 38.876 ] } },
{ "type": "Feature", "properties": { "type": "node", "id": 168.0, "source": null, "target": null }, "geometry": { "type": "Point", "coordinates": [ -77.288, 38.997 ] } },
{ "type": "Feature", "properties": { "type": "node", "id": 169.0, "source": null, "target": null }, "geometry": { "type": "Point", "coordinates": [ -77.402, 38.958 ] } },
{ "type": "Feature", "properties": { "type": "node", "id": 170.0, "source": null, "target": null }, "geometry": { "type": "Point", "coordinates": [ -77.406, 38.908 ] } },
{ "type": "Feature", "properties": { "type": "node", "id": 171.0, "source": null, "target": null }, "geometry": { "type": "Point", "coordinates": [ -77.41, 38.951 ] } },
{ "type": "Feature", "properties": { "type": "node", "id": 172.0, "source": null, "target": null }, "geometry": { "type": "Point", "coordinates": [ -77.375, 38.928 ] } },
{ "type": "Feature", "properties": { "type": "node", "id": 173.0, "source": null, "target": null }, "geometry": { "type": "Point", "coordinates": [ -77.562, 39.08 ] } },
{ "type": "Feature", "properties": { "type": "node", "id": 174.0, "source": null, "target": null }, "geometry": { "type": "Point", "coordinates": [ -77.564, 39.106 ] } },
{ "type": "Feature", "properties": { "type": "node", "id": 175.0, "source": null, "target": null }, "geometry": { "type": "Point", "coordinates": [ -77.214, 38.713 ] } },
{ "type": "Feature", "properties": { "type": "node", "id": 176.0, "source": null, "target": null }, "geometry": { "type": "Point", "coordinates": [ -77.552, 39.111 ] } },
{ "type": "Feature", "properties": { "type": "node", "id": 177.0, "source": null, "target": null }, "geometry": { "type": "Point", "coordinates": [ -77.526, 39.099 ] } },
{ "type": "Feature", "properties": { "type": "node", "id": 178.0, "source": null, "target": null }, "geometry": { "type": "Point", "coordinates": [ -77.303, 38.88 ] } },
{ "type": "Feature", "properties": { "type": "node", "id": 179.0, "source": null, "target": null }, "geometry": { "type": "Point", "coordinates": [ -77.705, 39.136 ] } },
{ "type": "Feature", "properties": { "type": "node", "id": 180.0, "source": null, "target": null }, "geometry": { "type": "Point", "coordinates": [ -77.331, 38.939 ] } },
{ "type": "Feature", "properties": { "type": "node", "id": 181.0, "source": null, "target": null }, "geometry": { "type": "Point", "coordinates": [ -77.368, 38.954 ] } },
{ "type": "Feature", "properties": { "type": "node", "id": 182.0, "source": null, "target": null }, "geometry": { "type": "Point", "coordinates": [ -77.521, 38.925 ] } },
{ "type": "Feature", "properties": { "type": "node", "id": 183.0, "source": null, "target": null }, "geometry": { "type": "Point", "coordinates": [ -77.235, 38.781 ] } },
{ "type": "Feature", "properties": { "type": "node", "id": 184.0, "source": null, "target": null }, "geometry": { "type": "Point", "coordinates": [ -77.187, 38.781 ] } },
{ "type": "Feature", "properties": { "type": "node", "id": 185.0, "source": null, "target": null }, "geometry": { "type": "Point", "coordinates": [ -77.55, 38.94 ] } },
{ "type": "Feature", "properties": { "type": "node", "id": 186.0, "source": null, "target": null }, "geometry": { "type": "Point", "coordinates": [ -77.177, 38.771 ] } },
{ "type": "Feature", "properties": { "type": "node", "id": 187.0, "source": null, "target": null }, "geometry": { "type": "Point", "coordinates": [ -77.404, 38.998 ] } },
{ "type": "Feature", "properties": { "type": "node", "id": 188.0, "source": null, "target": null }, "geometry": { "type": "Point", "coordinates": [ -77.265, 38.752 ] } },
{ "type": "Feature", "properties": { "type": "node", "id": 189.0, "source": null, "target": null }, "geometry": { "type": "Point", "coordinates": [ -77.358, 39.041 ] } },
{ "type": "Feature", "properties": { "type": "node", "id": 190.0, "source": null, "target": null }, "geometry": { "type": "Point", "coordinates": [ -77.417, 39.009 ] } },
{ "type": "Feature", "properties": { "type": "node", "id": 191.0, "source": null, "target": null }, "geometry": { "type": "Point", "coordinates": [ -77.213, 38.74 ] } },
{ "type": "Feature", "properties": { "type": "node", "id": 192.0, "source": null, "target": null }, "geometry": { "type": "Point", "coordinates": [ -77.435, 38.979 ] } },
{ "type": "Feature", "properties": { "type": "node", "id": 193.0, "source": null, "target": null }, "geometry": { "type": "Point", "coordinates": [ -77.254, 38.81 ] } },
{ "type": "Feature", "properties": { "type": "node", "id": 194.0, "source": null, "target": null }, "geometry": { "type": "Point", "coordinates": [ -77.41, 38.977 ] } },
{ "type": "Feature", "properties": { "type": "node", "id": 195.0, "source": null, "target": null }, "geometry": { "type": "Point", "coordinates": [ -77.451, 38.963 ] } },
{ "type": "Feature", "properties": { "type": "node", "id": 196.0, "source": null, "target": null }, "geometry": { "type": "Point", "coordinates": [ -77.446, 38.965 ] } },
{ "type": "Feature", "properties": { "type": "node", "id": 197.0, "source": null, "target": null }, "geometry": { "type": "Point", "coordinates": [ -77.421, 39.026 ] } },
{ "type": "Feature", "properties": { "type": "node", "id": 198.0, "source": null, "target": null }, "geometry": { "type": "Point", "coordinates": [ -77.268, 38.899 ] } },
{ "type": "Feature", "properties": { "type": "node", "id": 199.0, "source": null, "target": null }, "geometry": { "type": "Point", "coordinates": [ -77.409, 39.037 ] } },
{ "type": "Feature", "properties": { "type": "node", "id": 200.0, "source": null, "target": null }, "geometry": { "type": "Point", "coordinates": [ -77.237, 38.915 ] } },
{ "type": "Feature", "properties": { "type": "node", "id": 201.0, "source": null, "target": null }, "geometry": { "type": "Point", "coordinates": [ -77.048, 38.894 ] } },
{ "type": "Feature", "properties": { "type": "node", "id": 202.0, "source": null, "target": null }, "geometry": { "type": "Point", "coordinates": [ -77.005, 38.887 ] } },
{ "type": "Feature", "properties": { "type": "node", "id": 203.0, "source": null, "target": null }, "geometry": { "type": "Point", "coordinates": [ -77.034, 38.903 ] } },
{ "type": "Feature", "properties": { "type": "node", "id": 204.0, "source": null, "target": null }, "geometry": { "type": "Point", "coordinates": [ -77.004, 38.877 ] } },
{ "type": "Feature", "properties": { "type": "node", "id": 205.0, "source": null, "target": null }, "geometry": { "type": "Point", "coordinates": [ -77.027, 38.9 ] } },
{ "type": "Feature", "properties": { "type": "node", "id": 206.0, "source": null, "target": null }, "geometry": { "type": "Point", "coordinates": [ -77.018, 38.878 ] } },
{ "type": "Feature", "properties": { "type": "node", "id": 207.0, "source": null, "target": null }, "geometry": { "type": "Point", "coordinates": [ -77.022, 38.906 ] } },
{ "type": "Feature", "properties": { "type": "node", "id": 208.0, "source": null, "target": null }, "geometry": { "type": "Point", "coordinates": [ -77.041, 38.905 ] } },
{ "type": "Feature", "properties": { "type": "node", "id": 209.0, "source": null, "target": null }, "geometry": { "type": "Point", "coordinates": [ -77.028, 38.968 ] } },
{ "type": "Feature", "properties": { "type": "node", "id": 210.0, "source": null, "target": null }, "geometry": { "type": "Point", "coordinates": [ -77.004, 38.908 ] } },
{ "type": "Feature", "properties": { "type": "node", "id": 211.0, "source": null, "target": null }, "geometry": { "type": "Point", "coordinates": [ -77.03, 38.895 ] } },
{ "type": "Feature", "properties": { "type": "node", "id": 212.0, "source": null, "target": null }, "geometry": { "type": "Point", "coordinates": [ -76.985, 38.867 ] } },
{ "type": "Feature", "properties": { "type": "node", "id": 213.0, "source": null, "target": null }, "geometry": { "type": "Point", "coordinates": [ -77.033, 38.901 ] } },
{ "type": "Feature", "properties": { "type": "node", "id": 214.0, "source": null, "target": null }, "geometry": { "type": "Point", "coordinates": [ -76.982, 38.9 ] } },
{ "type": "Feature", "properties": { "type": "node", "id": 215.0, "source": null, "target": null }, "geometry": { "type": "Point", "coordinates": [ -76.981, 38.846 ] } },
{ "type": "Feature", "properties": { "type": "node", "id": 216.0, "source": null, "target": null }, "geometry": { "type": "Point", "coordinates": [ -77.038, 38.912 ] } },
{ "type": "Feature", "properties": { "type": "node", "id": 217.0, "source": null, "target": null }, "geometry": { "type": "Point", "coordinates": [ -77.038, 38.902 ] } },
{ "type": "Feature", "properties": { "type": "node", "id": 218.0, "source": null, "target": null }, "geometry": { "type": "Point", "coordinates": [ -77.04, 38.904 ] } },
{ "type": "Feature", "properties": { "type": "node", "id": 219.0, "source": null, "target": null }, "geometry": { "type": "Point", "coordinates": [ -76.978, 38.946 ] } },
{ "type": "Feature", "properties": { "type": "node", "id": 220.0, "source": null, "target": null }, "geometry": { "type": "Point", "coordinates": [ -77.05, 38.901 ] } },
{ "type": "Feature", "properties": { "type": "node", "id": 221.0, "source": null, "target": null }, "geometry": { "type": "Point", "coordinates": [ -77.008, 38.877 ] } },
{ "type": "Feature", "properties": { "type": "node", "id": 222.0, "source": null, "target": null }, "geometry": { "type": "Point", "coordinates": [ -77.032, 38.917 ] } },
{ "type": "Feature", "properties": { "type": "node", "id": 223.0, "source": null, "target": null }, "geometry": { "type": "Point", "coordinates": [ -77.045, 38.909 ] } },
{ "type": "Feature", "properties": { "type": "node", "id": 224.0, "source": null, "target": null }, "geometry": { "type": "Point", "coordinates": [ -77.046, 38.903 ] } },
{ "type": "Feature", "properties": { "type": "node", "id": 225.0, "source": null, "target": null }, "geometry": { "type": "Point", "coordinates": [ -77.071, 38.92 ] } },
{ "type": "Feature", "properties": { "type": "node", "id": 226.0, "source": null, "target": null }, "geometry": { "type": "Point", "coordinates": [ -77.022, 38.921 ] } },
{ "type": "Feature", "properties": { "type": "node", "id": 227.0, "source": null, "target": null }, "geometry": { "type": "Point", "coordinates": [ -77.051, 38.897 ] } },
{ "type": "Feature", "properties": { "type": "node", "id": 228.0, "source": null, "target": null }, "geometry": { "type": "Point", "coordinates": [ -77.042, 38.922 ] } },
{ "type": "Feature", "properties": { "type": "node", "id": 229.0, "source": null, "target": null }, "geometry": { "type": "Point", "coordinates": [ -76.965, 38.86 ] } },
{ "type": "Feature", "properties": { "type": "node", "id": 230.0, "source": null, "target": null }, "geometry": { "type": "Point", "coordinates": [ -77.002, 38.959 ] } },
{ "type": "Feature", "properties": { "type": "node", "id": 231.0, "source": null, "target": null }, "geometry": { "type": "Point", "coordinates": [ -77.038, 38.931 ] } },
{ "type": "Feature", "properties": { "type": "node", "id": 232.0, "source": null, "target": null }, "geometry": { "type": "Point", "coordinates": [ -76.96, 38.87 ] } },
{ "type": "Feature", "properties": { "type": "node", "id": 233.0, "source": null, "target": null }, "geometry": { "type": "Point", "coordinates": [ -77.033, 38.931 ] } },
{ "type": "Feature", "properties": { "type": "node", "id": 234.0, "source": null, "target": null }, "geometry": { "type": "Point", "coordinates": [ -77.001, 38.941 ] } },
{ "type": "Feature", "properties": { "type": "node", "id": 235.0, "source": null, "target": null }, "geometry": { "type": "Point", "coordinates": [ -76.991, 38.933 ] } },
{ "type": "Feature", "properties": { "type": "node", "id": 236.0, "source": null, "target": null }, "geometry": { "type": "Point", "coordinates": [ -77.059, 38.936 ] } },
{ "type": "Feature", "properties": { "type": "node", "id": 237.0, "source": null, "target": null }, "geometry": { "type": "Point", "coordinates": [ -77.025, 38.937 ] } },
{ "type": "Feature", "properties": { "type": "node", "id": 238.0, "source": null, "target": null }, "geometry": { "type": "Point", "coordinates": [ -76.95, 38.895 ] } },
{ "type": "Feature", "properties": { "type": "node", "id": 239.0, "source": null, "target": null }, "geometry": { "type": "Point", "coordinates": [ -77.025, 38.884 ] } },
{ "type": "Feature", "properties": { "type": "node", "id": 240.0, "source": null, "target": null }, "geometry": { "type": "Point", "coordinates": [ -77.079, 38.948 ] } },
{ "type": "Feature", "properties": { "type": "node", "id": 241.0, "source": null, "target": null }, "geometry": { "type": "Point", "coordinates": [ -76.937, 38.889 ] } },
{ "type": "Feature", "properties": { "type": "node", "id": 242.0, "source": null, "target": null }, "geometry": { "type": "Point", "coordinates": [ -77.018, 38.823 ] } },
{ "type": "Feature", "properties": { "type": "node", "id": 243.0, "source": null, "target": null }, "geometry": { "type": "Point", "coordinates": [ -76.933, 38.899 ] } },
{ "type": "Feature", "properties": { "type": "node", "id": 244.0, "source": null, "target": null }, "geometry": { "type": "Point", "coordinates": [ -77.019, 38.895 ] } },
{ "type": "Feature", "properties": { "type": "node", "id": 245.0, "source": null, "target": null }, "geometry": { "type": "Point", "coordinates": [ -77.019, 38.884 ] } },
{ "type": "Feature", "properties": { "type": "node", "id": 246.0, "source": null, "target": null }, "geometry": { "type": "Point", "coordinates": [ -76.998, 38.907 ] } },
{ "type": "Feature", "properties": { "type": "node", "id": 247.0, "source": null, "target": null }, "geometry": { "type": "Point", "coordinates": [ -77.086, 38.959 ] } },
{ "type": "Feature", "properties": { "type": "node", "id": 248.0, "source": null, "target": null }, "geometry": { "type": "Point", "coordinates": [ -77.029, 38.897 ] } },
{ "type": "Feature", "properties": { "type": "node", "id": 249.0, "source": null, "target": null }, "geometry": { "type": "Point", "coordinates": [ -77.076, 38.965 ] } },
{ "type": "Feature", "properties": { "type": "node", "id": 250.0, "source": null, "target": null }, "geometry": { "type": "Point", "coordinates": [ -77.01, 38.901 ] } },
{ "type": "Feature", "properties": { "type": "node", "id": 251.0, "source": null, "target": null }, "geometry": { "type": "Point", "coordinates": [ -77.006, 38.903 ] } },
{ "type": "Feature", "properties": { "type": "node", "id": 252.0, "source": null, "target": null }, "geometry": { "type": "Point", "coordinates": [ -77.024, 38.897 ] } },
{ "type": "Feature", "properties": { "type": "node", "id": 253.0, "source": null, "target": null }, "geometry": { "type": "Point", "coordinates": [ -77.017, 38.84 ] } },
{ "type": "Feature", "properties": { "type": "node", "id": 254.0, "source": null, "target": null }, "geometry": { "type": "Point", "coordinates": [ -77.032, 38.89 ] } },
{ "type": "Feature", "properties": { "type": "edge", "id": null, "source": 0.0, "target": 25.0 }, "geometry": { "type": "LineString", "coordinates": [ [ -77.01, 38.67 ], [ -76.892, 38.767 ] ] } },
{ "type": "Feature", "properties": { "type": "edge", "id": null, "source": 0.0, "target": 33.0 }, "geometry": { "type": "LineString", "coordinates": [ [ -77.01, 38.67 ], [ -76.993, 38.726 ] ] } },
{ "type": "Feature", "properties": { "type": "edge", "id": null, "source": 0.0, "target": 102.0 }, "geometry": { "type": "LineString", "coordinates": [ [ -77.01, 38.67 ], [ -76.807, 38.759 ] ] } },
{ "type": "Feature", "properties": { "type": "edge", "id": null, "source": 0.0, "target": 146.0 }, "geometry": { "type": "LineString", "coordinates": [ [ -77.01, 38.67 ], [ -77.085, 38.744 ] ] } },
{ "type": "Feature", "properties": { "type": "edge", "id": null, "source": 0.0, "target": 147.0 }, "geometry": { "type": "LineString", "coordinates": [ [ -77.01, 38.67 ], [ -77.126, 38.721 ] ] } },
{ "type": "Feature", "properties": { "type": "edge", "id": null, "source": 0.0, "target": 159.0 }, "geometry": { "type": "LineString", "coordinates": [ [ -77.01, 38.67 ], [ -77.144, 38.697 ] ] } },
{ "type": "Feature", "properties": { "type": "edge", "id": null, "source": 1.0, "target": 2.0 }, "geometry": { "type": "LineString", "coordinates": [ [ -76.855, 38.816 ], [ -76.891, 38.806 ] ] } },
{ "type": "Feature", "properties": { "type": "edge", "id": null, "source": 1.0, "target": 19.0 }, "geometry": { "type": "LineString", "coordinates": [ [ -76.855, 38.816 ], [ -76.848, 38.87 ] ] } },
{ "type": "Feature", "properties": { "type": "edge", "id": null, "source": 1.0, "target": 22.0 }, "geometry": { "type": "LineString", "coordinates": [ [ -76.855, 38.816 ], [ -76.898, 38.784 ] ] } },
{ "type": "Feature", "properties": { "type": "edge", "id": null, "source": 1.0, "target": 25.0 }, "geometry": { "type": "LineString", "coordinates": [ [ -76.855, 38.816 ], [ -76.892, 38.767 ] ] } },
{ "type": "Feature", "properties": { "type": "edge", "id": null, "source": 1.0, "target": 32.0 }, "geometry": { "type": "LineString", "coordinates": [ [ -76.855, 38.816 ], [ -76.883, 38.845 ] ] } },
{ "type": "Feature", "properties": { "type": "edge", "id": null, "source": 1.0, "target": 93.0 }, "geometry": { "type": "LineString", "coordinates": [ [ -76.855, 38.816 ], [ -76.89, 38.824 ] ] } },
{ "type": "Feature", "properties": { "type": "edge", "id": null, "source": 1.0, "target": 97.0 }, "geometry": { "type": "LineString", "coordinates": [ [ -76.855, 38.816 ], [ -76.728, 38.842 ] ] } },
{ "type": "Feature", "properties": { "type": "edge", "id": null, "source": 1.0, "target": 100.0 }, "geometry": { "type": "LineString", "coordinates": [ [ -76.855, 38.816 ], [ -76.795, 38.785 ] ] } },
{ "type": "Feature", "properties": { "type": "edge", "id": null, "source": 1.0, "target": 102.0 }, "geometry": { "type": "LineString", "coordinates": [ [ -76.855, 38.816 ], [ -76.807, 38.759 ] ] } },
{ "type": "Feature", "properties": { "type": "edge", "id": null, "source": 2.0, "target": 22.0 }, "geometry": { "type": "LineString", "coordinates": [ [ -76.891, 38.806 ], [ -76.898, 38.784 ] ] } },
{ "type": "Feature", "properties": { "type": "edge", "id": null, "source": 2.0, "target": 91.0 }, "geometry": { "type": "LineString", "coordinates": [ [ -76.891, 38.806 ], [ -76.909, 38.828 ] ] } },
{ "type": "Feature", "properties": { "type": "edge", "id": null, "source": 2.0, "target": 93.0 }, "geometry": { "type": "LineString", "coordinates": [ [ -76.891, 38.806 ], [ -76.89, 38.824 ] ] } },
{ "type": "Feature", "properties": { "type": "edge", "id": null, "source": 2.0, "target": 101.0 }, "geometry": { "type": "LineString", "coordinates": [ [ -76.891, 38.806 ], [ -76.927, 38.794 ] ] } },
{ "type": "Feature", "properties": { "type": "edge", "id": null, "source": 3.0, "target": 6.0 }, "geometry": { "type": "LineString", "coordinates": [ [ -76.908, 39.034 ], [ -76.953, 39.045 ] ] } },
{ "type": "Feature", "properties": { "type": "edge", "id": null, "source": 3.0, "target": 29.0 }, "geometry": { "type": "LineString", "coordinates": [ [ -76.908, 39.034 ], [ -76.941, 38.989 ] ] } },
{ "type": "Feature", "properties": { "type": "edge", "id": null, "source": 3.0, "target": 40.0 }, "geometry": { "type": "LineString", "coordinates": [ [ -76.908, 39.034 ], [ -76.907, 38.999 ] ] } },
{ "type": "Feature", "properties": { "type": "edge", "id": null, "source": 3.0, "target": 43.0 }, "geometry": { "type": "LineString", "coordinates": [ [ -76.908, 39.034 ], [ -76.878, 38.992 ] ] } },
{ "type": "Feature", "properties": { "type": "edge", "id": null, "source": 3.0, "target": 46.0 }, "geometry": { "type": "LineString", "coordinates": [ [ -76.908, 39.034 ], [ -76.853, 38.992 ] ] } },
{ "type": "Feature", "properties": { "type": "edge", "id": null, "source": 3.0, "target": 59.0 }, "geometry": { "type": "LineString", "coordinates": [ [ -76.908, 39.034 ], [ -76.838, 39.065 ] ] } },
{ "type": "Feature", "properties": { "type": "edge", "id": null, "source": 3.0, "target": 61.0 }, "geometry": { "type": "LineString", "coordinates": [ [ -76.908, 39.034 ], [ -76.864, 39.085 ] ] } },
{ "type": "Feature", "properties": { "type": "edge", "id": null, "source": 3.0, "target": 64.0 }, "geometry": { "type": "LineString", "coordinates": [ [ -76.908, 39.034 ], [ -76.877, 39.087 ] ] } },
{ "type": "Feature", "properties": { "type": "edge", "id": null, "source": 3.0, "target": 88.0 }, "geometry": { "type": "LineString", "coordinates": [ [ -76.908, 39.034 ], [ -76.945, 39.083 ] ] } },
{ "type": "Feature", "properties": { "type": "edge", "id": null, "source": 4.0, "target": 11.0 }, "geometry": { "type": "LineString", "coordinates": [ [ -77.127, 39.025 ], [ -77.147, 39.024 ] ] } },
{ "type": "Feature", "properties": { "type": "edge", "id": null, "source": 4.0, "target": 15.0 }, "geometry": { "type": "LineString", "coordinates": [ [ -77.127, 39.025 ], [ -77.097, 39.003 ] ] } },
{ "type": "Feature", "properties": { "type": "edge", "id": null, "source": 4.0, "target": 50.0 }, "geometry": { "type": "LineString", "coordinates": [ [ -77.127, 39.025 ], [ -77.106, 39.044 ] ] } },
{ "type": "Feature", "properties": { "type": "edge", "id": null, "source": 4.0, "target": 77.0 }, "geometry": { "type": "LineString", "coordinates": [ [ -77.127, 39.025 ], [ -77.128, 39.068 ] ] } },
{ "type": "Feature", "properties": { "type": "edge", "id": null, "source": 5.0, "target": 10.0 }, "geometry": { "type": "LineString", "coordinates": [ [ -76.72, 38.909 ], [ -76.717, 38.945 ] ] } },
{ "type": "Feature", "properties": { "type": "edge", "id": null, "source": 5.0, "target": 12.0 }, "geometry": { "type": "LineString", "coordinates": [ [ -76.72, 38.909 ], [ -76.72, 38.936 ] ] } },
{ "type": "Feature", "properties": { "type": "edge", "id": null, "source": 5.0, "target": 66.0 }, "geometry": { "type": "LineString", "coordinates": [ [ -76.72, 38.909 ], [ -76.796, 38.901 ] ] } },
{ "type": "Feature", "properties": { "type": "edge", "id": null, "source": 5.0, "target": 97.0 }, "geometry": { "type": "LineString", "coordinates": [ [ -76.72, 38.909 ], [ -76.728, 38.842 ] ] } },
{ "type": "Feature", "properties": { "type": "edge", "id": null, "source": 6.0, "target": 27.0 }, "geometry": { "type": "LineString", "coordinates": [ [ -76.953, 39.045 ], [ -76.945, 38.988 ] ] } },
{ "type": "Feature", "properties": { "type": "edge", "id": null, "source": 6.0, "target": 29.0 }, "geometry": { "type": "LineString", "coordinates": [ [ -76.953, 39.045 ], [ -76.941, 38.989 ] ] } },
{ "type": "Feature", "properties": { "type": "edge", "id": null, "source": 6.0, "target": 84.0 }, "geometry": { "type": "LineString", "coordinates": [ [ -76.953, 39.045 ], [ -76.99, 39.041 ] ] } },
{ "type": "Feature", "properties": { "type": "edge", "id": null, "source": 6.0, "target": 88.0 }, "geometry": { "type": "LineString", "coordinates": [ [ -76.953, 39.045 ], [ -76.945, 39.083 ] ] } },
{ "type": "Feature", "properties": { "type": "edge", "id": null, "source": 6.0, "target": 89.0 }, "geometry": { "type": "LineString", "coordinates": [ [ -76.953, 39.045 ], [ -76.989, 38.989 ] ] } },
{ "type": "Feature", "properties": { "type": "edge", "id": null, "source": 6.0, "target": 96.0 }, "geometry": { "type": "LineString", "coordinates": [ [ -76.953, 39.045 ], [ -77.004, 39.076 ] ] } },
{ "type": "Feature", "properties": { "type": "edge", "id": null, "source": 7.0, "target": 10.0 }, "geometry": { "type": "LineString", "coordinates": [ [ -76.734, 38.98 ], [ -76.717, 38.945 ] ] } },
{ "type": "Feature", "properties": { "type": "edge", "id": null, "source": 7.0, "target": 17.0 }, "geometry": { "type": "LineString", "coordinates": [ [ -76.734, 38.98 ], [ -76.771, 38.973 ] ] } },
{ "type": "Feature", "properties": { "type": "edge", "id": null, "source": 7.0, "target": 59.0 }, "geometry": { "type": "LineString", "coordinates": [ [ -76.734, 38.98 ], [ -76.838, 39.065 ] ] } },
{ "type": "Feature", "properties": { "type": "edge", "id": null, "source": 7.0, "target": 68.0 }, "geometry": { "type": "LineString", "coordinates": [ [ -76.734, 38.98 ], [ -76.855, 39.097 ] ] } },
{ "type": "Feature", "properties": { "type": "edge", "id": null, "source": 8.0, "target": 11.0 }, "geometry": { "type": "LineString", "coordinates": [ [ -77.118, 38.949 ], [ -77.147, 39.024 ] ] } },
{ "type": "Feature", "properties": { "type": "edge", "id": null, "source": 8.0, "target": 13.0 }, "geometry": { "type": "LineString", "coordinates": [ [ -77.118, 38.949 ], [ -77.093, 38.982 ] ] } },
{ "type": "Feature", "properties": { "type": "edge", "id": null, "source": 8.0, "target": 139.0 }, "geometry": { "type": "LineString", "coordinates": [ [ -77.118, 38.949 ], [ -77.126, 38.897 ] ] } },
{ "type": "Feature", "properties": { "type": "edge", "id": null, "source": 8.0, "target": 158.0 }, "geometry": { "type": "LineString", "coordinates": [ [ -77.118, 38.949 ], [ -77.205, 38.902 ] ] } },
{ "type": "Feature", "properties": { "type": "edge", "id": null, "source": 8.0, "target": 200.0 }, "geometry": { "type": "LineString", "coordinates": [ [ -77.118, 38.949 ], [ -77.237, 38.915 ] ] } },
{ "type": "Feature", "properties": { "type": "edge", "id": null, "source": 8.0, "target": 225.0 }, "geometry": { "type": "LineString", "coordinates": [ [ -77.118, 38.949 ], [ -77.071, 38.92 ] ] } },
{ "type": "Feature", "properties": { "type": "edge", "id": null, "source": 8.0, "target": 240.0 }, "geometry": { "type": "LineString", "coordinates": [ [ -77.118, 38.949 ], [ -77.079, 38.948 ] ] } },
{ "type": "Feature", "properties": { "type": "edge", "id": null, "source": 8.0, "target": 247.0 }, "geometry": { "type": "LineString", "coordinates": [ [ -77.118, 38.949 ], [ -77.086, 38.959 ] ] } },
{ "type": "Feature", "properties": { "type": "edge", "id": null, "source": 9.0, "target": 28.0 }, "geometry": { "type": "LineString", "coordinates": [ [ -76.935, 39.11 ], [ -77.203, 39.289 ] ] } },
{ "type": "Feature", "properties": { "type": "edge", "id": null, "source": 9.0, "target": 64.0 }, "geometry": { "type": "LineString", "coordinates": [ [ -76.935, 39.11 ], [ -76.877, 39.087 ] ] } },
{ "type": "Feature", "properties": { "type": "edge", "id": null, "source": 9.0, "target": 68.0 }, "geometry": { "type": "LineString", "coordinates": [ [ -76.935, 39.11 ], [ -76.855, 39.097 ] ] } },
{ "type": "Feature", "properties": { "type": "edge", "id": null, "source": 9.0, "target": 70.0 }, "geometry": { "type": "LineString", "coordinates": [ [ -76.935, 39.11 ], [ -77.061, 39.153 ] ] } },
{ "type": "Feature", "properties": { "type": "edge", "id": null, "source": 9.0, "target": 88.0 }, "geometry": { "type": "LineString", "coordinates": [ [ -76.935, 39.11 ], [ -76.945, 39.083 ] ] } },
{ "type": "Feature", "properties": { "type": "edge", "id": null, "source": 9.0, "target": 99.0 }, "geometry": { "type": "LineString", "coordinates": [ [ -76.935, 39.11 ], [ -76.996, 39.11 ] ] } },
{ "type": "Feature", "properties": { "type": "edge", "id": null, "source": 10.0, "target": 12.0 }, "geometry": { "type": "LineString", "coordinates": [ [ -76.717, 38.945 ], [ -76.72, 38.936 ] ] } },
{ "type": "Feature", "properties": { "type": "edge", "id": null, "source": 10.0, "target": 17.0 }, "geometry": { "type": "LineString", "coordinates": [ [ -76.717, 38.945 ], [ -76.771, 38.973 ] ] } },
{ "type": "Feature", "properties": { "type": "edge", "id": null, "source": 11.0, "target": 13.0 }, "geometry": { "type": "LineString", "coordinates": [ [ -77.147, 39.024 ], [ -77.093, 38.982 ] ] } },
{ "type": "Feature", "properties": { "type": "edge", "id": null, "source": 11.0, "target": 15.0 }, "geometry": { "type": "LineString", "coordinates": [ [ -77.147, 39.024 ], [ -77.097, 39.003 ] ] } },
{ "type": "Feature", "properties": { "type": "edge", "id": null, "source": 11.0, "target": 77.0 }, "geometry": { "type": "LineString", "coordinates": [ [ -77.147, 39.024 ], [ -77.128, 39.068 ] ] } },
{ "type": "Feature", "properties": { "type": "edge", "id": null, "source": 11.0, "target": 82.0 }, "geometry": { "type": "LineString", "coordinates": [ [ -77.147, 39.024 ], [ -77.153, 39.084 ] ] } },
{ "type": "Feature", "properties": { "type": "edge", "id": null, "source": 11.0, "target": 90.0 }, "geometry": { "type": "LineString", "coordinates": [ [ -77.147, 39.024 ], [ -77.197, 39.102 ] ] } },
{ "type": "Feature", "properties": { "type": "edge", "id": null, "source": 11.0, "target": 168.0 }, "geometry": { "type": "LineString", "coordinates": [ [ -77.147, 39.024 ], [ -77.288, 38.997 ] ] } },
{ "type": "Feature", "properties": { "type": "edge", "id": null, "source": 11.0, "target": 200.0 }, "geometry": { "type": "LineString", "coordinates": [ [ -77.147, 39.024 ], [ -77.237, 38.915 ] ] } },
{ "type": "Feature", "properties": { "type": "edge", "id": null, "source": 12.0, "target": 16.0 }, "geometry": { "type": "LineString", "coordinates": [ [ -76.72, 38.936 ], [ -76.811, 38.955 ] ] } },
{ "type": "Feature", "properties": { "type": "edge", "id": null, "source": 12.0, "target": 17.0 }, "geometry": { "type": "LineString", "coordinates": [ [ -76.72, 38.936 ], [ -76.771, 38.973 ] ] } },
{ "type": "Feature", "properties": { "type": "edge", "id": null, "source": 12.0, "target": 66.0 }, "geometry": { "type": "LineString", "coordinates": [ [ -76.72, 38.936 ], [ -76.796, 38.901 ] ] } },
{ "type": "Feature", "properties": { "type": "edge", "id": null, "source": 13.0, "target": 15.0 }, "geometry": { "type": "LineString", "coordinates": [ [ -77.093, 38.982 ], [ -77.097, 39.003 ] ] } },
{ "type": "Feature", "properties": { "type": "edge", "id": null, "source": 13.0, "target": 103.0 }, "geometry": { "type": "LineString", "coordinates": [ [ -77.093, 38.982 ], [ -77.027, 38.994 ] ] } },
{ "type": "Feature", "properties": { "type": "edge", "id": null, "source": 13.0, "target": 247.0 }, "geometry": { "type": "LineString", "coordinates": [ [ -77.093, 38.982 ], [ -77.086, 38.959 ] ] } },
{ "type": "Feature", "properties": { "type": "edge", "id": null, "source": 13.0, "target": 249.0 }, "geometry": { "type": "LineString", "coordinates": [ [ -77.093, 38.982 ], [ -77.076, 38.965 ] ] } },
{ "type": "Feature", "properties": { "type": "edge", "id": null, "source": 14.0, "target": 18.0 }, "geometry": { "type": "LineString", "coordinates": [ [ -76.893, 38.869 ], [ -76.93, 38.873 ] ] } },
{ "type": "Feature", "properties": { "type": "edge", "id": null, "source": 14.0, "target": 19.0 }, "geometry": { "type": "LineString", "coordinates": [ [ -76.893, 38.869 ], [ -76.848, 38.87 ] ] } },
{ "type": "Feature", "properties": { "type": "edge", "id": null, "source": 14.0, "target": 31.0 }, "geometry": { "type": "LineString", "coordinates": [ [ -76.893, 38.869 ], [ -76.906, 38.856 ] ] } },
{ "type": "Feature", "properties": { "type": "edge", "id": null, "source": 14.0, "target": 32.0 }, "geometry": { "type": "LineString", "coordinates": [ [ -76.893, 38.869 ], [ -76.883, 38.845 ] ] } },
{ "type": "Feature", "properties": { "type": "edge", "id": null, "source": 14.0, "target": 60.0 }, "geometry": { "type": "LineString", "coordinates": [ [ -76.893, 38.869 ], [ -76.872, 38.889 ] ] } },
{ "type": "Feature", "properties": { "type": "edge", "id": null, "source": 14.0, "target": 80.0 }, "geometry": { "type": "LineString", "coordinates": [ [ -76.893, 38.869 ], [ -76.9, 38.888 ] ] } },
{ "type": "Feature", "properties": { "type": "edge", "id": null, "source": 15.0, "target": 50.0 }, "geometry": { "type": "LineString", "coordinates": [ [ -77.097, 39.003 ], [ -77.106, 39.044 ] ] } },
{ "type": "Feature", "properties": { "type": "edge", "id": null, "source": 15.0, "target": 103.0 }, "geometry": { "type": "LineString", "coordinates": [ [ -77.097, 39.003 ], [ -77.027, 38.994 ] ] } },
{ "type": "Feature", "properties": { "type": "edge", "id": null, "source": 15.0, "target": 105.0 }, "geometry": { "type": "LineString", "coordinates": [ [ -77.097, 39.003 ], [ -77.051, 39.041 ] ] } },
{ "type": "Feature", "properties": { "type": "edge", "id": null, "source": 16.0, "target": 17.0 }, "geometry": { "type": "LineString", "coordinates": [ [ -76.811, 38.955 ], [ -76.771, 38.973 ] ] } },
{ "type": "Feature", "properties": { "type": "edge", "id": null, "source": 16.0, "target": 52.0 }, "geometry": { "type": "LineString", "coordinates": [ [ -76.811, 38.955 ], [ -76.847, 38.922 ] ] } },
{ "type": "Feature", "properties": { "type": "edge", "id": null, "source": 16.0, "target": 53.0 }, "geometry": { "type": "LineString", "coordinates": [ [ -76.811, 38.955 ], [ -76.834, 38.992 ] ] } },
{ "type": "Feature", "properties": { "type": "edge", "id": null, "source": 16.0, "target": 62.0 }, "geometry": { "type": "LineString", "coordinates": [ [ -76.811, 38.955 ], [ -76.862, 38.947 ] ] } },
{ "type": "Feature", "properties": { "type": "edge", "id": null, "source": 16.0, "target": 66.0 }, "geometry": { "type": "LineString", "coordinates": [ [ -76.811, 38.955 ], [ -76.796, 38.901 ] ] } },
{ "type": "Feature", "properties": { "type": "edge", "id": null, "source": 16.0, "target": 78.0 }, "geometry": { "type": "LineString", "coordinates": [ [ -76.811, 38.955 ], [ -76.848, 38.972 ] ] } },
{ "type": "Feature", "properties": { "type": "edge", "id": null, "source": 17.0, "target": 53.0 }, "geometry": { "type": "LineString", "coordinates": [ [ -76.771, 38.973 ], [ -76.834, 38.992 ] ] } },
{ "type": "Feature", "properties": { "type": "edge", "id": null, "source": 17.0, "target": 59.0 }, "geometry": { "type": "LineString", "coordinates": [ [ -76.771, 38.973 ], [ -76.838, 39.065 ] ] } },
{ "type": "Feature", "properties": { "type": "edge", "id": null, "source": 18.0, "target": 31.0 }, "geometry": { "type": "LineString", "coordinates": [ [ -76.93, 38.873 ], [ -76.906, 38.856 ] ] } },
{ "type": "Feature", "properties": { "type": "edge", "id": null, "source": 18.0, "target": 63.0 }, "geometry": { "type": "LineString", "coordinates": [ [ -76.93, 38.873 ], [ -76.943, 38.83 ] ] } },
{ "type": "Feature", "properties": { "type": "edge", "id": null, "source": 18.0, "target": 80.0 }, "geometry": { "type": "LineString", "coordinates": [ [ -76.93, 38.873 ], [ -76.9, 38.888 ] ] } },
{ "type": "Feature", "properties": { "type": "edge", "id": null, "source": 18.0, "target": 229.0 }, "geometry": { "type": "LineString", "coordinates": [ [ -76.93, 38.873 ], [ -76.965, 38.86 ] ] } },
{ "type": "Feature", "properties": { "type": "edge", "id": null, "source": 18.0, "target": 232.0 }, "geometry": { "type": "LineString", "coordinates": [ [ -76.93, 38.873 ], [ -76.96, 38.87 ] ] } },
{ "type": "Feature", "properties": { "type": "edge", "id": null, "source": 18.0, "target": 241.0 }, "geometry": { "type": "LineString", "coordinates": [ [ -76.93, 38.873 ], [ -76.937, 38.889 ] ] } },
{ "type": "Feature", "properties": { "type": "edge", "id": null, "source": 19.0, "target": 32.0 }, "geometry": { "type": "LineString", "coordinates": [ [ -76.848, 38.87 ], [ -76.883, 38.845 ] ] } },
{ "type": "Feature", "properties": { "type": "edge", "id": null, "source": 19.0, "target": 60.0 }, "geometry": { "type": "LineString", "coordinates": [ [ -76.848, 38.87 ], [ -76.872, 38.889 ] ] } },
{ "type": "Feature", "properties": { "type": "edge", "id": null, "source": 19.0, "target": 66.0 }, "geometry": { "type": "LineString", "coordinates": [ [ -76.848, 38.87 ], [ -76.796, 38.901 ] ] } },
{ "type": "Feature", "properties": { "type": "edge", "id": null, "source": 19.0, "target": 83.0 }, "geometry": { "type": "LineString", "coordinates": [ [ -76.848, 38.87 ], [ -76.823, 38.895 ] ] } },
{ "type": "Feature", "properties": { "type": "edge", "id": null, "source": 19.0, "target": 97.0 }, "geometry": { "type": "LineString", "coordinates": [ [ -76.848, 38.87 ], [ -76.728, 38.842 ] ] } },
{ "type": "Feature", "properties": { "type": "edge", "id": null, "source": 19.0, "target": 104.0 }, "geometry": { "type": "LineString", "coordinates": [ [ -76.848, 38.87 ], [ -76.834, 38.902 ] ] } },
{ "type": "Feature", "properties": { "type": "edge", "id": null, "source": 20.0, "target": 21.0 }, "geometry": { "type": "LineString", "coordinates": [ [ -77.251, 39.229 ], [ -77.276, 39.238 ] ] } },
{ "type": "Feature", "properties": { "type": "edge", "id": null, "source": 20.0, "target": 28.0 }, "geometry": { "type": "LineString", "coordinates": [ [ -77.251, 39.229 ], [ -77.203, 39.289 ] ] } },
{ "type": "Feature", "properties": { "type": "edge", "id": null, "source": 20.0, "target": 38.0 }, "geometry": { "type": "LineString", "coordinates": [ [ -77.251, 39.229 ], [ -77.27, 39.178 ] ] } },
{ "type": "Feature", "properties": { "type": "edge", "id": null, "source": 20.0, "target": 47.0 }, "geometry": { "type": "LineString", "coordinates": [ [ -77.251, 39.229 ], [ -77.238, 39.183 ] ] } },
{ "type": "Feature", "properties": { "type": "edge", "id": null, "source": 20.0, "target": 48.0 }, "geometry": { "type": "LineString", "coordinates": [ [ -77.251, 39.229 ], [ -77.189, 39.184 ] ] } },
{ "type": "Feature", "properties": { "type": "edge", "id": null, "source": 21.0, "target": 28.0 }, "geometry": { "type": "LineString", "coordinates": [ [ -77.276, 39.238 ], [ -77.203, 39.289 ] ] } },
{ "type": "Feature", "properties": { "type": "edge", "id": null, "source": 21.0, "target": 38.0 }, "geometry": { "type": "LineString", "coordinates": [ [ -77.276, 39.238 ], [ -77.27, 39.178 ] ] } },
{ "type": "Feature", "properties": { "type": "edge", "id": null, "source": 21.0, "target": 74.0 }, "geometry": { "type": "LineString", "coordinates": [ [ -77.276, 39.238 ], [ -77.413, 39.144 ] ] } },
{ "type": "Feature", "properties": { "type": "edge", "id": null, "source": 21.0, "target": 179.0 }, "geometry": { "type": "LineString", "coordinates": [ [ -77.276, 39.238 ], [ -77.705, 39.136 ] ] } },
{ "type": "Feature", "properties": { "type": "edge", "id": null, "source": 22.0, "target": 25.0 }, "geometry": { "type": "LineString", "coordinates": [ [ -76.898, 38.784 ], [ -76.892, 38.767 ] ] } },
{ "type": "Feature", "properties": { "type": "edge", "id": null, "source": 22.0, "target": 101.0 }, "geometry": { "type": "LineString", "coordinates": [ [ -76.898, 38.784 ], [ -76.927, 38.794 ] ] } },
{ "type": "Feature", "properties": { "type": "edge", "id": null, "source": 23.0, "target": 26.0 }, "geometry": { "type": "LineString", "coordinates": [ [ -76.949, 38.984 ], [ -76.938, 38.98 ] ] } },
{ "type": "Feature", "properties": { "type": "edge", "id": null, "source": 23.0, "target": 27.0 }, "geometry": { "type": "LineString", "coordinates": [ [ -76.949, 38.984 ], [ -76.945, 38.988 ] ] } },
{ "type": "Feature", "properties": { "type": "edge", "id": null, "source": 23.0, "target": 51.0 }, "geometry": { "type": "LineString", "coordinates": [ [ -76.949, 38.984 ], [ -76.957, 38.969 ] ] } },
{ "type": "Feature", "properties": { "type": "edge", "id": null, "source": 23.0, "target": 89.0 }, "geometry": { "type": "LineString", "coordinates": [ [ -76.949, 38.984 ], [ -76.989, 38.989 ] ] } },
{ "type": "Feature", "properties": { "type": "edge", "id": null, "source": 24.0, "target": 49.0 }, "geometry": { "type": "LineString", "coordinates": [ [ -76.951, 38.934 ], [ -76.969, 38.952 ] ] } },
{ "type": "Feature", "properties": { "type": "edge", "id": null, "source": 24.0, "target": 54.0 }, "geometry": { "type": "LineString", "coordinates": [ [ -76.951, 38.934 ], [ -76.94, 38.956 ] ] } },
{ "type": "Feature", "properties": { "type": "edge", "id": null, "source": 24.0, "target": 55.0 }, "geometry": { "type": "LineString", "coordinates": [ [ -76.951, 38.934 ], [ -76.908, 38.943 ] ] } },
{ "type": "Feature", "properties": { "type": "edge", "id": null, "source": 24.0, "target": 214.0 }, "geometry": { "type": "LineString", "coordinates": [ [ -76.951, 38.934 ], [ -76.982, 38.9 ] ] } },
{ "type": "Feature", "properties": { "type": "edge", "id": null, "source": 24.0, "target": 219.0 }, "geometry": { "type": "LineString", "coordinates": [ [ -76.951, 38.934 ], [ -76.978, 38.946 ] ] } },
{ "type": "Feature", "properties": { "type": "edge", "id": null, "source": 24.0, "target": 235.0 }, "geometry": { "type": "LineString", "coordinates": [ [ -76.951, 38.934 ], [ -76.991, 38.933 ] ] } },
{ "type": "Feature", "properties": { "type": "edge", "id": null, "source": 24.0, "target": 238.0 }, "geometry": { "type": "LineString", "coordinates": [ [ -76.951, 38.934 ], [ -76.95, 38.895 ] ] } },
{ "type": "Feature", "properties": { "type": "edge", "id": null, "source": 24.0, "target": 243.0 }, "geometry": { "type": "LineString", "coordinates": [ [ -76.951, 38.934 ], [ -76.933, 38.899 ] ] } },
{ "type": "Feature", "properties": { "type": "edge", "id": null, "source": 25.0, "target": 33.0 }, "geometry": { "type": "LineString", "coordinates": [ [ -76.892, 38.767 ], [ -76.993, 38.726 ] ] } },
{ "type": "Feature", "properties": { "type": "edge", "id": null, "source": 25.0, "target": 101.0 }, "geometry": { "type": "LineString", "coordinates": [ [ -76.892, 38.767 ], [ -76.927, 38.794 ] ] } },
{ "type": "Feature", "properties": { "type": "edge", "id": null, "source": 25.0, "target": 102.0 }, "geometry": { "type": "LineString", "coordinates": [ [ -76.892, 38.767 ], [ -76.807, 38.759 ] ] } },
{ "type": "Feature", "properties": { "type": "edge", "id": null, "source": 26.0, "target": 27.0 }, "geometry": { "type": "LineString", "coordinates": [ [ -76.938, 38.98 ], [ -76.945, 38.988 ] ] } },
{ "type": "Feature", "properties": { "type": "edge", "id": null, "source": 26.0, "target": 29.0 }, "geometry": { "type": "LineString", "coordinates": [ [ -76.938, 38.98 ], [ -76.941, 38.989 ] ] } },
{ "type": "Feature", "properties": { "type": "edge", "id": null, "source": 26.0, "target": 40.0 }, "geometry": { "type": "LineString", "coordinates": [ [ -76.938, 38.98 ], [ -76.907, 38.999 ] ] } },
{ "type": "Feature", "properties": { "type": "edge", "id": null, "source": 26.0, "target": 51.0 }, "geometry": { "type": "LineString", "coordinates": [ [ -76.938, 38.98 ], [ -76.957, 38.969 ] ] } },
{ "type": "Feature", "properties": { "type": "edge", "id": null, "source": 26.0, "target": 54.0 }, "geometry": { "type": "LineString", "coordinates": [ [ -76.938, 38.98 ], [ -76.94, 38.956 ] ] } },
{ "type": "Feature", "properties": { "type": "edge", "id": null, "source": 26.0, "target": 67.0 }, "geometry": { "type": "LineString", "coordinates": [ [ -76.938, 38.98 ], [ -76.893, 38.968 ] ] } },
{ "type": "Feature", "properties": { "type": "edge", "id": null, "source": 27.0, "target": 29.0 }, "geometry": { "type": "LineString", "coordinates": [ [ -76.945, 38.988 ], [ -76.941, 38.989 ] ] } },
{ "type": "Feature", "properties": { "type": "edge", "id": null, "source": 27.0, "target": 89.0 }, "geometry": { "type": "LineString", "coordinates": [ [ -76.945, 38.988 ], [ -76.989, 38.989 ] ] } },
{ "type": "Feature", "properties": { "type": "edge", "id": null, "source": 28.0, "target": 48.0 }, "geometry": { "type": "LineString", "coordinates": [ [ -77.203, 39.289 ], [ -77.189, 39.184 ] ] } },
{ "type": "Feature", "properties": { "type": "edge", "id": null, "source": 28.0, "target": 68.0 }, "geometry": { "type": "LineString", "coordinates": [ [ -77.203, 39.289 ], [ -76.855, 39.097 ] ] } },
{ "type": "Feature", "properties": { "type": "edge", "id": null, "source": 28.0, "target": 70.0 }, "geometry": { "type": "LineString", "coordinates": [ [ -77.203, 39.289 ], [ -77.061, 39.153 ] ] } },
{ "type": "Feature", "properties": { "type": "edge", "id": null, "source": 28.0, "target": 179.0 }, "geometry": { "type": "LineString", "coordinates": [ [ -77.203, 39.289 ], [ -77.705, 39.136 ] ] } },
{ "type": "Feature", "properties": { "type": "edge", "id": null, "source": 29.0, "target": 40.0 }, "geometry": { "type": "LineString", "coordinates": [ [ -76.941, 38.989 ], [ -76.907, 38.999 ] ] } },
{ "type": "Feature", "properties": { "type": "edge", "id": null, "source": 30.0, "target": 37.0 }, "geometry": { "type": "LineString", "coordinates": [ [ -77.145, 39.145 ], [ -77.165, 39.155 ] ] } },
{ "type": "Feature", "properties": { "type": "edge", "id": null, "source": 30.0, "target": 48.0 }, "geometry": { "type": "LineString", "coordinates": [ [ -77.145, 39.145 ], [ -77.189, 39.184 ] ] } },
{ "type": "Feature", "properties": { "type": "edge", "id": null, "source": 30.0, "target": 70.0 }, "geometry": { "type": "LineString", "coordinates": [ [ -77.145, 39.145 ], [ -77.061, 39.153 ] ] } },
{ "type": "Feature", "properties": { "type": "edge", "id": null, "source": 30.0, "target": 76.0 }, "geometry": { "type": "LineString", "coordinates": [ [ -77.145, 39.145 ], [ -77.137, 39.098 ] ] } },
{ "type": "Feature", "properties": { "type": "edge", "id": null, "source": 30.0, "target": 79.0 }, "geometry": { "type": "LineString", "coordinates": [ [ -77.145, 39.145 ], [ -77.157, 39.104 ] ] } },
{ "type": "Feature", "properties": { "type": "edge", "id": null, "source": 30.0, "target": 81.0 }, "geometry": { "type": "LineString", "coordinates": [ [ -77.145, 39.145 ], [ -77.167, 39.132 ] ] } },
{ "type": "Feature", "properties": { "type": "edge", "id": null, "source": 30.0, "target": 87.0 }, "geometry": { "type": "LineString", "coordinates": [ [ -77.145, 39.145 ], [ -77.111, 39.095 ] ] } },
{ "type": "Feature", "properties": { "type": "edge", "id": null, "source": 30.0, "target": 94.0 }, "geometry": { "type": "LineString", "coordinates": [ [ -77.145, 39.145 ], [ -77.075, 39.103 ] ] } },
{ "type": "Feature", "properties": { "type": "edge", "id": null, "source": 31.0, "target": 32.0 }, "geometry": { "type": "LineString", "coordinates": [ [ -76.906, 38.856 ], [ -76.883, 38.845 ] ] } },
{ "type": "Feature", "properties": { "type": "edge", "id": null, "source": 31.0, "target": 63.0 }, "geometry": { "type": "LineString", "coordinates": [ [ -76.906, 38.856 ], [ -76.943, 38.83 ] ] } },
{ "type": "Feature", "properties": { "type": "edge", "id": null, "source": 31.0, "target": 91.0 }, "geometry": { "type": "LineString", "coordinates": [ [ -76.906, 38.856 ], [ -76.909, 38.828 ] ] } },
{ "type": "Feature", "properties": { "type": "edge", "id": null, "source": 32.0, "target": 91.0 }, "geometry": { "type": "LineString", "coordinates": [ [ -76.883, 38.845 ], [ -76.909, 38.828 ] ] } },
{ "type": "Feature", "properties": { "type": "edge", "id": null, "source": 32.0, "target": 93.0 }, "geometry": { "type": "LineString", "coordinates": [ [ -76.883, 38.845 ], [ -76.89, 38.824 ] ] } },
{ "type": "Feature", "properties": { "type": "edge", "id": null, "source": 33.0, "target": 71.0 }, "geometry": { "type": "LineString", "coordinates": [ [ -76.993, 38.726 ], [ -77.014, 38.79 ] ] } },
{ "type": "Feature", "properties": { "type": "edge", "id": null, "source": 33.0, "target": 98.0 }, "geometry": { "type": "LineString", "coordinates": [ [ -76.993, 38.726 ], [ -76.952, 38.803 ] ] } },
{ "type": "Feature", "properties": { "type": "edge", "id": null, "source": 33.0, "target": 101.0 }, "geometry": { "type": "LineString", "coordinates": [ [ -76.993, 38.726 ], [ -76.927, 38.794 ] ] } },
{ "type": "Feature", "properties": { "type": "edge", "id": null, "source": 33.0, "target": 108.0 }, "geometry": { "type": "LineString", "coordinates": [ [ -76.993, 38.726 ], [ -77.059, 38.776 ] ] } },
{ "type": "Feature", "properties": { "type": "edge", "id": null, "source": 33.0, "target": 146.0 }, "geometry": { "type": "LineString", "coordinates": [ [ -76.993, 38.726 ], [ -77.085, 38.744 ] ] } },
{ "type": "Feature", "properties": { "type": "edge", "id": null, "source": 34.0, "target": 35.0 }, "geometry": { "type": "LineString", "coordinates": [ [ -77.195, 39.141 ], [ -77.184, 39.118 ] ] } },
{ "type": "Feature", "properties": { "type": "edge", "id": null, "source": 34.0, "target": 37.0 }, "geometry": { "type": "LineString", "coordinates": [ [ -77.195, 39.141 ], [ -77.165, 39.155 ] ] } },
{ "type": "Feature", "properties": { "type": "edge", "id": null, "source": 34.0, "target": 39.0 }, "geometry": { "type": "LineString", "coordinates": [ [ -77.195, 39.141 ], [ -77.211, 39.154 ] ] } },
{ "type": "Feature", "properties": { "type": "edge", "id": null, "source": 34.0, "target": 45.0 }, "geometry": { "type": "LineString", "coordinates": [ [ -77.195, 39.141 ], [ -77.217, 39.114 ] ] } },
{ "type": "Feature", "properties": { "type": "edge", "id": null, "source": 34.0, "target": 81.0 }, "geometry": { "type": "LineString", "coordinates": [ [ -77.195, 39.141 ], [ -77.167, 39.132 ] ] } },
{ "type": "Feature", "properties": { "type": "edge", "id": null, "source": 35.0, "target": 45.0 }, "geometry": { "type": "LineString", "coordinates": [ [ -77.184, 39.118 ], [ -77.217, 39.114 ] ] } },
{ "type": "Feature", "properties": { "type": "edge", "id": null, "source": 35.0, "target": 79.0 }, "geometry": { "type": "LineString", "coordinates": [ [ -77.184, 39.118 ], [ -77.157, 39.104 ] ] } },
{ "type": "Feature", "properties": { "type": "edge", "id": null, "source": 35.0, "target": 81.0 }, "geometry": { "type": "LineString", "coordinates": [ [ -77.184, 39.118 ], [ -77.167, 39.132 ] ] } },
{ "type": "Feature", "properties": { "type": "edge", "id": null, "source": 35.0, "target": 90.0 }, "geometry": { "type": "LineString", "coordinates": [ [ -77.184, 39.118 ], [ -77.197, 39.102 ] ] } },
{ "type": "Feature", "properties": { "type": "edge", "id": null, "source": 36.0, "target": 38.0 }, "geometry": { "type": "LineString", "coordinates": [ [ -77.262, 39.171 ], [ -77.27, 39.178 ] ] } },
{ "type": "Feature", "properties": { "type": "edge", "id": null, "source": 36.0, "target": 41.0 }, "geometry": { "type": "LineString", "coordinates": [ [ -77.262, 39.171 ], [ -77.28, 39.16 ] ] } },
{ "type": "Feature", "properties": { "type": "edge", "id": null, "source": 36.0, "target": 42.0 }, "geometry": { "type": "LineString", "coordinates": [ [ -77.262, 39.171 ], [ -77.213, 39.157 ] ] } },
{ "type": "Feature", "properties": { "type": "edge", "id": null, "source": 36.0, "target": 44.0 }, "geometry": { "type": "LineString", "coordinates": [ [ -77.262, 39.171 ], [ -77.275, 39.148 ] ] } },
{ "type": "Feature", "properties": { "type": "edge", "id": null, "source": 36.0, "target": 47.0 }, "geometry": { "type": "LineString", "coordinates": [ [ -77.262, 39.171 ], [ -77.238, 39.183 ] ] } },
{ "type": "Feature", "properties": { "type": "edge", "id": null, "source": 37.0, "target": 39.0 }, "geometry": { "type": "LineString", "coordinates": [ [ -77.165, 39.155 ], [ -77.211, 39.154 ] ] } },
{ "type": "Feature", "properties": { "type": "edge", "id": null, "source": 37.0, "target": 48.0 }, "geometry": { "type": "LineString", "coordinates": [ [ -77.165, 39.155 ], [ -77.189, 39.184 ] ] } },
{ "type": "Feature", "properties": { "type": "edge", "id": null, "source": 37.0, "target": 65.0 }, "geometry": { "type": "LineString", "coordinates": [ [ -77.165, 39.155 ], [ -77.205, 39.172 ] ] } },
{ "type": "Feature", "properties": { "type": "edge", "id": null, "source": 37.0, "target": 81.0 }, "geometry": { "type": "LineString", "coordinates": [ [ -77.165, 39.155 ], [ -77.167, 39.132 ] ] } },
{ "type": "Feature", "properties": { "type": "edge", "id": null, "source": 38.0, "target": 41.0 }, "geometry": { "type": "LineString", "coordinates": [ [ -77.27, 39.178 ], [ -77.28, 39.16 ] ] } },
{ "type": "Feature", "properties": { "type": "edge", "id": null, "source": 38.0, "target": 47.0 }, "geometry": { "type": "LineString", "coordinates": [ [ -77.27, 39.178 ], [ -77.238, 39.183 ] ] } },
{ "type": "Feature", "properties": { "type": "edge", "id": null, "source": 38.0, "target": 74.0 }, "geometry": { "type": "LineString", "coordinates": [ [ -77.27, 39.178 ], [ -77.413, 39.144 ] ] } },
{ "type": "Feature", "properties": { "type": "edge", "id": null, "source": 39.0, "target": 42.0 }, "geometry": { "type": "LineString", "coordinates": [ [ -77.211, 39.154 ], [ -77.213, 39.157 ] ] } },
{ "type": "Feature", "properties": { "type": "edge", "id": null, "source": 39.0, "target": 44.0 }, "geometry": { "type": "LineString", "coordinates": [ [ -77.211, 39.154 ], [ -77.275, 39.148 ] ] } },
{ "type": "Feature", "properties": { "type": "edge", "id": null, "source": 39.0, "target": 45.0 }, "geometry": { "type": "LineString", "coordinates": [ [ -77.211, 39.154 ], [ -77.217, 39.114 ] ] } },
{ "type": "Feature", "properties": { "type": "edge", "id": null, "source": 39.0, "target": 65.0 }, "geometry": { "type": "LineString", "coordinates": [ [ -77.211, 39.154 ], [ -77.205, 39.172 ] ] } },
{ "type": "Feature", "properties": { "type": "edge", "id": null, "source": 40.0, "target": 43.0 }, "geometry": { "type": "LineString", "coordinates": [ [ -76.907, 38.999 ], [ -76.878, 38.992 ] ] } },
{ "type": "Feature", "properties": { "type": "edge", "id": null, "source": 40.0, "target": 67.0 }, "geometry": { "type": "LineString", "coordinates": [ [ -76.907, 38.999 ], [ -76.893, 38.968 ] ] } },
{ "type": "Feature", "properties": { "type": "edge", "id": null, "source": 41.0, "target": 44.0 }, "geometry": { "type": "LineString", "coordinates": [ [ -77.28, 39.16 ], [ -77.275, 39.148 ] ] } },
{ "type": "Feature", "properties": { "type": "edge", "id": null, "source": 41.0, "target": 74.0 }, "geometry": { "type": "LineString", "coordinates": [ [ -77.28, 39.16 ], [ -77.413, 39.144 ] ] } },
{ "type": "Feature", "properties": { "type": "edge", "id": null, "source": 42.0, "target": 44.0 }, "geometry": { "type": "LineString", "coordinates": [ [ -77.213, 39.157 ], [ -77.275, 39.148 ] ] } },
{ "type": "Feature", "properties": { "type": "edge", "id": null, "source": 42.0, "target": 47.0 }, "geometry": { "type": "LineString", "coordinates": [ [ -77.213, 39.157 ], [ -77.238, 39.183 ] ] } },
{ "type": "Feature", "properties": { "type": "edge", "id": null, "source": 42.0, "target": 65.0 }, "geometry": { "type": "LineString", "coordinates": [ [ -77.213, 39.157 ], [ -77.205, 39.172 ] ] } },
{ "type": "Feature", "properties": { "type": "edge", "id": null, "source": 43.0, "target": 46.0 }, "geometry": { "type": "LineString", "coordinates": [ [ -76.878, 38.992 ], [ -76.853, 38.992 ] ] } },
{ "type": "Feature", "properties": { "type": "edge", "id": null, "source": 43.0, "target": 67.0 }, "geometry": { "type": "LineString", "coordinates": [ [ -76.878, 38.992 ], [ -76.893, 38.968 ] ] } },
{ "type": "Feature", "properties": { "type": "edge", "id": null, "source": 43.0, "target": 69.0 }, "geometry": { "type": "LineString", "coordinates": [ [ -76.878, 38.992 ], [ -76.869, 38.957 ] ] } },
{ "type": "Feature", "properties": { "type": "edge", "id": null, "source": 43.0, "target": 78.0 }, "geometry": { "type": "LineString", "coordinates": [ [ -76.878, 38.992 ], [ -76.848, 38.972 ] ] } },
{ "type": "Feature", "properties": { "type": "edge", "id": null, "source": 44.0, "target": 45.0 }, "geometry": { "type": "LineString", "coordinates": [ [ -77.275, 39.148 ], [ -77.217, 39.114 ] ] } },
{ "type": "Feature", "properties": { "type": "edge", "id": null, "source": 44.0, "target": 74.0 }, "geometry": { "type": "LineString", "coordinates": [ [ -77.275, 39.148 ], [ -77.413, 39.144 ] ] } },
{ "type": "Feature", "properties": { "type": "edge", "id": null, "source": 44.0, "target": 189.0 }, "geometry": { "type": "LineString", "coordinates": [ [ -77.275, 39.148 ], [ -77.358, 39.041 ] ] } },
{ "type": "Feature", "properties": { "type": "edge", "id": null, "source": 45.0, "target": 90.0 }, "geometry": { "type": "LineString", "coordinates": [ [ -77.217, 39.114 ], [ -77.197, 39.102 ] ] } },
{ "type": "Feature", "properties": { "type": "edge", "id": null, "source": 45.0, "target": 168.0 }, "geometry": { "type": "LineString", "coordinates": [ [ -77.217, 39.114 ], [ -77.288, 38.997 ] ] } },
{ "type": "Feature", "properties": { "type": "edge", "id": null, "source": 45.0, "target": 189.0 }, "geometry": { "type": "LineString", "coordinates": [ [ -77.217, 39.114 ], [ -77.358, 39.041 ] ] } },
{ "type": "Feature", "properties": { "type": "edge", "id": null, "source": 46.0, "target": 53.0 }, "geometry": { "type": "LineString", "coordinates": [ [ -76.853, 38.992 ], [ -76.834, 38.992 ] ] } },
{ "type": "Feature", "properties": { "type": "edge", "id": null, "source": 46.0, "target": 59.0 }, "geometry": { "type": "LineString", "coordinates": [ [ -76.853, 38.992 ], [ -76.838, 39.065 ] ] } },
{ "type": "Feature", "properties": { "type": "edge", "id": null, "source": 46.0, "target": 78.0 }, "geometry": { "type": "LineString", "coordinates": [ [ -76.853, 38.992 ], [ -76.848, 38.972 ] ] } },
{ "type": "Feature", "properties": { "type": "edge", "id": null, "source": 47.0, "target": 48.0 }, "geometry": { "type": "LineString", "coordinates": [ [ -77.238, 39.183 ], [ -77.189, 39.184 ] ] } },
{ "type": "Feature", "properties": { "type": "edge", "id": null, "source": 47.0, "target": 65.0 }, "geometry": { "type": "LineString", "coordinates": [ [ -77.238, 39.183 ], [ -77.205, 39.172 ] ] } },
{ "type": "Feature", "properties": { "type": "edge", "id": null, "source": 48.0, "target": 65.0 }, "geometry": { "type": "LineString", "coordinates": [ [ -77.189, 39.184 ], [ -77.205, 39.172 ] ] } },
{ "type": "Feature", "properties": { "type": "edge", "id": null, "source": 48.0, "target": 70.0 }, "geometry": { "type": "LineString", "coordinates": [ [ -77.189, 39.184 ], [ -77.061, 39.153 ] ] } },
{ "type": "Feature", "properties": { "type": "edge", "id": null, "source": 49.0, "target": 51.0 }, "geometry": { "type": "LineString", "coordinates": [ [ -76.969, 38.952 ], [ -76.957, 38.969 ] ] } },
{ "type": "Feature", "properties": { "type": "edge", "id": null, "source": 49.0, "target": 54.0 }, "geometry": { "type": "LineString", "coordinates": [ [ -76.969, 38.952 ], [ -76.94, 38.956 ] ] } },
{ "type": "Feature", "properties": { "type": "edge", "id": null, "source": 49.0, "target": 219.0 }, "geometry": { "type": "LineString", "coordinates": [ [ -76.969, 38.952 ], [ -76.978, 38.946 ] ] } },
{ "type": "Feature", "properties": { "type": "edge", "id": null, "source": 49.0, "target": 230.0 }, "geometry": { "type": "LineString", "coordinates": [ [ -76.969, 38.952 ], [ -77.002, 38.959 ] ] } },
{ "type": "Feature", "properties": { "type": "edge", "id": null, "source": 50.0, "target": 77.0 }, "geometry": { "type": "LineString", "coordinates": [ [ -77.106, 39.044 ], [ -77.128, 39.068 ] ] } },
{ "type": "Feature", "properties": { "type": "edge", "id": null, "source": 50.0, "target": 85.0 }, "geometry": { "type": "LineString", "coordinates": [ [ -77.106, 39.044 ], [ -77.105, 39.053 ] ] } },
{ "type": "Feature", "properties": { "type": "edge", "id": null, "source": 50.0, "target": 105.0 }, "geometry": { "type": "LineString", "coordinates": [ [ -77.106, 39.044 ], [ -77.051, 39.041 ] ] } },
{ "type": "Feature", "properties": { "type": "edge", "id": null, "source": 51.0, "target": 54.0 }, "geometry": { "type": "LineString", "coordinates": [ [ -76.957, 38.969 ], [ -76.94, 38.956 ] ] } },
{ "type": "Feature", "properties": { "type": "edge", "id": null, "source": 51.0, "target": 89.0 }, "geometry": { "type": "LineString", "coordinates": [ [ -76.957, 38.969 ], [ -76.989, 38.989 ] ] } },
{ "type": "Feature", "properties": { "type": "edge", "id": null, "source": 51.0, "target": 230.0 }, "geometry": { "type": "LineString", "coordinates": [ [ -76.957, 38.969 ], [ -77.002, 38.959 ] ] } },
{ "type": "Feature", "properties": { "type": "edge", "id": null, "source": 52.0, "target": 56.0 }, "geometry": { "type": "LineString", "coordinates": [ [ -76.847, 38.922 ], [ -76.883, 38.915 ] ] } },
{ "type": "Feature", "properties": { "type": "edge", "id": null, "source": 52.0, "target": 57.0 }, "geometry": { "type": "LineString", "coordinates": [ [ -76.847, 38.922 ], [ -76.884, 38.928 ] ] } },
{ "type": "Feature", "properties": { "type": "edge", "id": null, "source": 52.0, "target": 60.0 }, "geometry": { "type": "LineString", "coordinates": [ [ -76.847, 38.922 ], [ -76.872, 38.889 ] ] } },
{ "type": "Feature", "properties": { "type": "edge", "id": null, "source": 52.0, "target": 62.0 }, "geometry": { "type": "LineString", "coordinates": [ [ -76.847, 38.922 ], [ -76.862, 38.947 ] ] } },
{ "type": "Feature", "properties": { "type": "edge", "id": null, "source": 52.0, "target": 66.0 }, "geometry": { "type": "LineString", "coordinates": [ [ -76.847, 38.922 ], [ -76.796, 38.901 ] ] } },
{ "type": "Feature", "properties": { "type": "edge", "id": null, "source": 52.0, "target": 104.0 }, "geometry": { "type": "LineString", "coordinates": [ [ -76.847, 38.922 ], [ -76.834, 38.902 ] ] } },
{ "type": "Feature", "properties": { "type": "edge", "id": null, "source": 53.0, "target": 59.0 }, "geometry": { "type": "LineString", "coordinates": [ [ -76.834, 38.992 ], [ -76.838, 39.065 ] ] } },
{ "type": "Feature", "properties": { "type": "edge", "id": null, "source": 53.0, "target": 78.0 }, "geometry": { "type": "LineString", "coordinates": [ [ -76.834, 38.992 ], [ -76.848, 38.972 ] ] } },
{ "type": "Feature", "properties": { "type": "edge", "id": null, "source": 54.0, "target": 55.0 }, "geometry": { "type": "LineString", "coordinates": [ [ -76.94, 38.956 ], [ -76.908, 38.943 ] ] } },
{ "type": "Feature", "properties": { "type": "edge", "id": null, "source": 54.0, "target": 67.0 }, "geometry": { "type": "LineString", "coordinates": [ [ -76.94, 38.956 ], [ -76.893, 38.968 ] ] } },
{ "type": "Feature", "properties": { "type": "edge", "id": null, "source": 55.0, "target": 56.0 }, "geometry": { "type": "LineString", "coordinates": [ [ -76.908, 38.943 ], [ -76.883, 38.915 ] ] } },
{ "type": "Feature", "properties": { "type": "edge", "id": null, "source": 55.0, "target": 57.0 }, "geometry": { "type": "LineString", "coordinates": [ [ -76.908, 38.943 ], [ -76.884, 38.928 ] ] } },
{ "type": "Feature", "properties": { "type": "edge", "id": null, "source": 55.0, "target": 58.0 }, "geometry": { "type": "LineString", "coordinates": [ [ -76.908, 38.943 ], [ -76.901, 38.943 ] ] } },
{ "type": "Feature", "properties": { "type": "edge", "id": null, "source": 55.0, "target": 67.0 }, "geometry": { "type": "LineString", "coordinates": [ [ -76.908, 38.943 ], [ -76.893, 38.968 ] ] } },
{ "type": "Feature", "properties": { "type": "edge", "id": null, "source": 55.0, "target": 243.0 }, "geometry": { "type": "LineString", "coordinates": [ [ -76.908, 38.943 ], [ -76.933, 38.899 ] ] } },
{ "type": "Feature", "properties": { "type": "edge", "id": null, "source": 56.0, "target": 57.0 }, "geometry": { "type": "LineString", "coordinates": [ [ -76.883, 38.915 ], [ -76.884, 38.928 ] ] } },
{ "type": "Feature", "properties": { "type": "edge", "id": null, "source": 56.0, "target": 60.0 }, "geometry": { "type": "LineString", "coordinates": [ [ -76.883, 38.915 ], [ -76.872, 38.889 ] ] } },
{ "type": "Feature", "properties": { "type": "edge", "id": null, "source": 56.0, "target": 80.0 }, "geometry": { "type": "LineString", "coordinates": [ [ -76.883, 38.915 ], [ -76.9, 38.888 ] ] } },
{ "type": "Feature", "properties": { "type": "edge", "id": null, "source": 56.0, "target": 243.0 }, "geometry": { "type": "LineString", "coordinates": [ [ -76.883, 38.915 ], [ -76.933, 38.899 ] ] } },
{ "type": "Feature", "properties": { "type": "edge", "id": null, "source": 57.0, "target": 58.0 }, "geometry": { "type": "LineString", "coordinates": [ [ -76.884, 38.928 ], [ -76.901, 38.943 ] ] } },
{ "type": "Feature", "properties": { "type": "edge", "id": null, "source": 57.0, "target": 62.0 }, "geometry": { "type": "LineString", "coordinates": [ [ -76.884, 38.928 ], [ -76.862, 38.947 ] ] } },
{ "type": "Feature", "properties": { "type": "edge", "id": null, "source": 58.0, "target": 62.0 }, "geometry": { "type": "LineString", "coordinates": [ [ -76.901, 38.943 ], [ -76.862, 38.947 ] ] } },
{ "type": "Feature", "properties": { "type": "edge", "id": null, "source": 58.0, "target": 67.0 }, "geometry": { "type": "LineString", "coordinates": [ [ -76.901, 38.943 ], [ -76.893, 38.968 ] ] } },
{ "type": "Feature", "properties": { "type": "edge", "id": null, "source": 58.0, "target": 69.0 }, "geometry": { "type": "LineString", "coordinates": [ [ -76.901, 38.943 ], [ -76.869, 38.957 ] ] } },
{ "type": "Feature", "properties": { "type": "edge", "id": null, "source": 59.0, "target": 61.0 }, "geometry": { "type": "LineString", "coordinates": [ [ -76.838, 39.065 ], [ -76.864, 39.085 ] ] } },
{ "type": "Feature", "properties": { "type": "edge", "id": null, "source": 59.0, "target": 68.0 }, "geometry": { "type": "LineString", "coordinates": [ [ -76.838, 39.065 ], [ -76.855, 39.097 ] ] } },
{ "type": "Feature", "properties": { "type": "edge", "id": null, "source": 60.0, "target": 80.0 }, "geometry": { "type": "LineString", "coordinates": [ [ -76.872, 38.889 ], [ -76.9, 38.888 ] ] } },
{ "type": "Feature", "properties": { "type": "edge", "id": null, "source": 60.0, "target": 104.0 }, "geometry": { "type": "LineString", "coordinates": [ [ -76.872, 38.889 ], [ -76.834, 38.902 ] ] } },
{ "type": "Feature", "properties": { "type": "edge", "id": null, "source": 61.0, "target": 64.0 }, "geometry": { "type": "LineString", "coordinates": [ [ -76.864, 39.085 ], [ -76.877, 39.087 ] ] } },
{ "type": "Feature", "properties": { "type": "edge", "id": null, "source": 61.0, "target": 68.0 }, "geometry": { "type": "LineString", "coordinates": [ [ -76.864, 39.085 ], [ -76.855, 39.097 ] ] } },
{ "type": "Feature", "properties": { "type": "edge", "id": null, "source": 62.0, "target": 69.0 }, "geometry": { "type": "LineString", "coordinates": [ [ -76.862, 38.947 ], [ -76.869, 38.957 ] ] } },
{ "type": "Feature", "properties": { "type": "edge", "id": null, "source": 62.0, "target": 78.0 }, "geometry": { "type": "LineString", "coordinates": [ [ -76.862, 38.947 ], [ -76.848, 38.972 ] ] } },
{ "type": "Feature", "properties": { "type": "edge", "id": null, "source": 63.0, "target": 73.0 }, "geometry": { "type": "LineString", "coordinates": [ [ -76.943, 38.83 ], [ -76.964, 38.812 ] ] } },
{ "type": "Feature", "properties": { "type": "edge", "id": null, "source": 63.0, "target": 91.0 }, "geometry": { "type": "LineString", "coordinates": [ [ -76.943, 38.83 ], [ -76.909, 38.828 ] ] } },
{ "type": "Feature", "properties": { "type": "edge", "id": null, "source": 63.0, "target": 95.0 }, "geometry": { "type": "LineString", "coordinates": [ [ -76.943, 38.83 ], [ -76.959, 38.834 ] ] } },
{ "type": "Feature", "properties": { "type": "edge", "id": null, "source": 63.0, "target": 98.0 }, "geometry": { "type": "LineString", "coordinates": [ [ -76.943, 38.83 ], [ -76.952, 38.803 ] ] } },
{ "type": "Feature", "properties": { "type": "edge", "id": null, "source": 63.0, "target": 101.0 }, "geometry": { "type": "LineString", "coordinates": [ [ -76.943, 38.83 ], [ -76.927, 38.794 ] ] } },
{ "type": "Feature", "properties": { "type": "edge", "id": null, "source": 63.0, "target": 229.0 }, "geometry": { "type": "LineString", "coordinates": [ [ -76.943, 38.83 ], [ -76.965, 38.86 ] ] } },
{ "type": "Feature", "properties": { "type": "edge", "id": null, "source": 64.0, "target": 68.0 }, "geometry": { "type": "LineString", "coordinates": [ [ -76.877, 39.087 ], [ -76.855, 39.097 ] ] } },
{ "type": "Feature", "properties": { "type": "edge", "id": null, "source": 64.0, "target": 88.0 }, "geometry": { "type": "LineString", "coordinates": [ [ -76.877, 39.087 ], [ -76.945, 39.083 ] ] } },
{ "type": "Feature", "properties": { "type": "edge", "id": null, "source": 66.0, "target": 83.0 }, "geometry": { "type": "LineString", "coordinates": [ [ -76.796, 38.901 ], [ -76.823, 38.895 ] ] } },
{ "type": "Feature", "properties": { "type": "edge", "id": null, "source": 66.0, "target": 97.0 }, "geometry": { "type": "LineString", "coordinates": [ [ -76.796, 38.901 ], [ -76.728, 38.842 ] ] } },
{ "type": "Feature", "properties": { "type": "edge", "id": null, "source": 66.0, "target": 104.0 }, "geometry": { "type": "LineString", "coordinates": [ [ -76.796, 38.901 ], [ -76.834, 38.902 ] ] } },
{ "type": "Feature", "properties": { "type": "edge", "id": null, "source": 67.0, "target": 69.0 }, "geometry": { "type": "LineString", "coordinates": [ [ -76.893, 38.968 ], [ -76.869, 38.957 ] ] } },
{ "type": "Feature", "properties": { "type": "edge", "id": null, "source": 69.0, "target": 78.0 }, "geometry": { "type": "LineString", "coordinates": [ [ -76.869, 38.957 ], [ -76.848, 38.972 ] ] } },
{ "type": "Feature", "properties": { "type": "edge", "id": null, "source": 70.0, "target": 92.0 }, "geometry": { "type": "LineString", "coordinates": [ [ -77.061, 39.153 ], [ -77.046, 39.093 ] ] } },
{ "type": "Feature", "properties": { "type": "edge", "id": null, "source": 70.0, "target": 94.0 }, "geometry": { "type": "LineString", "coordinates": [ [ -77.061, 39.153 ], [ -77.075, 39.103 ] ] } },
{ "type": "Feature", "properties": { "type": "edge", "id": null, "source": 70.0, "target": 99.0 }, "geometry": { "type": "LineString", "coordinates": [ [ -77.061, 39.153 ], [ -76.996, 39.11 ] ] } },
{ "type": "Feature", "properties": { "type": "edge", "id": null, "source": 71.0, "target": 72.0 }, "geometry": { "type": "LineString", "coordinates": [ [ -77.014, 38.79 ], [ -77.003, 38.819 ] ] } },
{ "type": "Feature", "properties": { "type": "edge", "id": null, "source": 71.0, "target": 75.0 }, "geometry": { "type": "LineString", "coordinates": [ [ -77.014, 38.79 ], [ -76.986, 38.805 ] ] } },
{ "type": "Feature", "properties": { "type": "edge", "id": null, "source": 71.0, "target": 98.0 }, "geometry": { "type": "LineString", "coordinates": [ [ -77.014, 38.79 ], [ -76.952, 38.803 ] ] } },
{ "type": "Feature", "properties": { "type": "edge", "id": null, "source": 71.0, "target": 108.0 }, "geometry": { "type": "LineString", "coordinates": [ [ -77.014, 38.79 ], [ -77.059, 38.776 ] ] } },
{ "type": "Feature", "properties": { "type": "edge", "id": null, "source": 71.0, "target": 118.0 }, "geometry": { "type": "LineString", "coordinates": [ [ -77.014, 38.79 ], [ -77.043, 38.804 ] ] } },
{ "type": "Feature", "properties": { "type": "edge", "id": null, "source": 71.0, "target": 242.0 }, "geometry": { "type": "LineString", "coordinates": [ [ -77.014, 38.79 ], [ -77.018, 38.823 ] ] } },
{ "type": "Feature", "properties": { "type": "edge", "id": null, "source": 72.0, "target": 73.0 }, "geometry": { "type": "LineString", "coordinates": [ [ -77.003, 38.819 ], [ -76.964, 38.812 ] ] } },
{ "type": "Feature", "properties": { "type": "edge", "id": null, "source": 72.0, "target": 75.0 }, "geometry": { "type": "LineString", "coordinates": [ [ -77.003, 38.819 ], [ -76.986, 38.805 ] ] } },
{ "type": "Feature", "properties": { "type": "edge", "id": null, "source": 72.0, "target": 95.0 }, "geometry": { "type": "LineString", "coordinates": [ [ -77.003, 38.819 ], [ -76.959, 38.834 ] ] } },
{ "type": "Feature", "properties": { "type": "edge", "id": null, "source": 72.0, "target": 215.0 }, "geometry": { "type": "LineString", "coordinates": [ [ -77.003, 38.819 ], [ -76.981, 38.846 ] ] } },
{ "type": "Feature", "properties": { "type": "edge", "id": null, "source": 72.0, "target": 242.0 }, "geometry": { "type": "LineString", "coordinates": [ [ -77.003, 38.819 ], [ -77.018, 38.823 ] ] } },
{ "type": "Feature", "properties": { "type": "edge", "id": null, "source": 72.0, "target": 253.0 }, "geometry": { "type": "LineString", "coordinates": [ [ -77.003, 38.819 ], [ -77.017, 38.84 ] ] } },
{ "type": "Feature", "properties": { "type": "edge", "id": null, "source": 73.0, "target": 75.0 }, "geometry": { "type": "LineString", "coordinates": [ [ -76.964, 38.812 ], [ -76.986, 38.805 ] ] } },
{ "type": "Feature", "properties": { "type": "edge", "id": null, "source": 73.0, "target": 95.0 }, "geometry": { "type": "LineString", "coordinates": [ [ -76.964, 38.812 ], [ -76.959, 38.834 ] ] } },
{ "type": "Feature", "properties": { "type": "edge", "id": null, "source": 73.0, "target": 98.0 }, "geometry": { "type": "LineString", "coordinates": [ [ -76.964, 38.812 ], [ -76.952, 38.803 ] ] } },
{ "type": "Feature", "properties": { "type": "edge", "id": null, "source": 74.0, "target": 126.0 }, "geometry": { "type": "LineString", "coordinates": [ [ -77.413, 39.144 ], [ -77.478, 39.058 ] ] } },
{ "type": "Feature", "properties": { "type": "edge", "id": null, "source": 74.0, "target": 176.0 }, "geometry": { "type": "LineString", "coordinates": [ [ -77.413, 39.144 ], [ -77.552, 39.111 ] ] } },
{ "type": "Feature", "properties": { "type": "edge", "id": null, "source": 74.0, "target": 177.0 }, "geometry": { "type": "LineString", "coordinates": [ [ -77.413, 39.144 ], [ -77.526, 39.099 ] ] } },
{ "type": "Feature", "properties": { "type": "edge", "id": null, "source": 74.0, "target": 179.0 }, "geometry": { "type": "LineString", "coordinates": [ [ -77.413, 39.144 ], [ -77.705, 39.136 ] ] } },
{ "type": "Feature", "properties": { "type": "edge", "id": null, "source": 74.0, "target": 189.0 }, "geometry": { "type": "LineString", "coordinates": [ [ -77.413, 39.144 ], [ -77.358, 39.041 ] ] } },
{ "type": "Feature", "properties": { "type": "edge", "id": null, "source": 74.0, "target": 199.0 }, "geometry": { "type": "LineString", "coordinates": [ [ -77.413, 39.144 ], [ -77.409, 39.037 ] ] } },
{ "type": "Feature", "properties": { "type": "edge", "id": null, "source": 75.0, "target": 98.0 }, "geometry": { "type": "LineString", "coordinates": [ [ -76.986, 38.805 ], [ -76.952, 38.803 ] ] } },
{ "type": "Feature", "properties": { "type": "edge", "id": null, "source": 76.0, "target": 77.0 }, "geometry": { "type": "LineString", "coordinates": [ [ -77.137, 39.098 ], [ -77.128, 39.068 ] ] } },
{ "type": "Feature", "properties": { "type": "edge", "id": null, "source": 76.0, "target": 79.0 }, "geometry": { "type": "LineString", "coordinates": [ [ -77.137, 39.098 ], [ -77.157, 39.104 ] ] } },
{ "type": "Feature", "properties": { "type": "edge", "id": null, "source": 76.0, "target": 82.0 }, "geometry": { "type": "LineString", "coordinates": [ [ -77.137, 39.098 ], [ -77.153, 39.084 ] ] } },
{ "type": "Feature", "properties": { "type": "edge", "id": null, "source": 76.0, "target": 87.0 }, "geometry": { "type": "LineString", "coordinates": [ [ -77.137, 39.098 ], [ -77.111, 39.095 ] ] } },
{ "type": "Feature", "properties": { "type": "edge", "id": null, "source": 77.0, "target": 82.0 }, "geometry": { "type": "LineString", "coordinates": [ [ -77.128, 39.068 ], [ -77.153, 39.084 ] ] } },
{ "type": "Feature", "properties": { "type": "edge", "id": null, "source": 77.0, "target": 85.0 }, "geometry": { "type": "LineString", "coordinates": [ [ -77.128, 39.068 ], [ -77.105, 39.053 ] ] } },
{ "type": "Feature", "properties": { "type": "edge", "id": null, "source": 77.0, "target": 87.0 }, "geometry": { "type": "LineString", "coordinates": [ [ -77.128, 39.068 ], [ -77.111, 39.095 ] ] } },
{ "type": "Feature", "properties": { "type": "edge", "id": null, "source": 79.0, "target": 81.0 }, "geometry": { "type": "LineString", "coordinates": [ [ -77.157, 39.104 ], [ -77.167, 39.132 ] ] } },
{ "type": "Feature", "properties": { "type": "edge", "id": null, "source": 79.0, "target": 82.0 }, "geometry": { "type": "LineString", "coordinates": [ [ -77.157, 39.104 ], [ -77.153, 39.084 ] ] } },
{ "type": "Feature", "properties": { "type": "edge", "id": null, "source": 79.0, "target": 90.0 }, "geometry": { "type": "LineString", "coordinates": [ [ -77.157, 39.104 ], [ -77.197, 39.102 ] ] } },
{ "type": "Feature", "properties": { "type": "edge", "id": null, "source": 80.0, "target": 241.0 }, "geometry": { "type": "LineString", "coordinates": [ [ -76.9, 38.888 ], [ -76.937, 38.889 ] ] } },
{ "type": "Feature", "properties": { "type": "edge", "id": null, "source": 80.0, "target": 243.0 }, "geometry": { "type": "LineString", "coordinates": [ [ -76.9, 38.888 ], [ -76.933, 38.899 ] ] } },
{ "type": "Feature", "properties": { "type": "edge", "id": null, "source": 82.0, "target": 90.0 }, "geometry": { "type": "LineString", "coordinates": [ [ -77.153, 39.084 ], [ -77.197, 39.102 ] ] } },
{ "type": "Feature", "properties": { "type": "edge", "id": null, "source": 83.0, "target": 104.0 }, "geometry": { "type": "LineString", "coordinates": [ [ -76.823, 38.895 ], [ -76.834, 38.902 ] ] } },
{ "type": "Feature", "properties": { "type": "edge", "id": null, "source": 84.0, "target": 89.0 }, "geometry": { "type": "LineString", "coordinates": [ [ -76.99, 39.041 ], [ -76.989, 38.989 ] ] } },
{ "type": "Feature", "properties": { "type": "edge", "id": null, "source": 84.0, "target": 96.0 }, "geometry": { "type": "LineString", "coordinates": [ [ -76.99, 39.041 ], [ -77.004, 39.076 ] ] } },
{ "type": "Feature", "properties": { "type": "edge", "id": null, "source": 84.0, "target": 103.0 }, "geometry": { "type": "LineString", "coordinates": [ [ -76.99, 39.041 ], [ -77.027, 38.994 ] ] } },
{ "type": "Feature", "properties": { "type": "edge", "id": null, "source": 84.0, "target": 105.0 }, "geometry": { "type": "LineString", "coordinates": [ [ -76.99, 39.041 ], [ -77.051, 39.041 ] ] } },
{ "type": "Feature", "properties": { "type": "edge", "id": null, "source": 84.0, "target": 106.0 }, "geometry": { "type": "LineString", "coordinates": [ [ -76.99, 39.041 ], [ -77.049, 39.061 ] ] } },
{ "type": "Feature", "properties": { "type": "edge", "id": null, "source": 85.0, "target": 86.0 }, "geometry": { "type": "LineString", "coordinates": [ [ -77.105, 39.053 ], [ -77.072, 39.08 ] ] } },
{ "type": "Feature", "properties": { "type": "edge", "id": null, "source": 85.0, "target": 87.0 }, "geometry": { "type": "LineString", "coordinates": [ [ -77.105, 39.053 ], [ -77.111, 39.095 ] ] } },
{ "type": "Feature", "properties": { "type": "edge", "id": null, "source": 85.0, "target": 105.0 }, "geometry": { "type": "LineString", "coordinates": [ [ -77.105, 39.053 ], [ -77.051, 39.041 ] ] } },
{ "type": "Feature", "properties": { "type": "edge", "id": null, "source": 85.0, "target": 106.0 }, "geometry": { "type": "LineString", "coordinates": [ [ -77.105, 39.053 ], [ -77.049, 39.061 ] ] } },
{ "type": "Feature", "properties": { "type": "edge", "id": null, "source": 86.0, "target": 87.0 }, "geometry": { "type": "LineString", "coordinates": [ [ -77.072, 39.08 ], [ -77.111, 39.095 ] ] } },
{ "type": "Feature", "properties": { "type": "edge", "id": null, "source": 86.0, "target": 92.0 }, "geometry": { "type": "LineString", "coordinates": [ [ -77.072, 39.08 ], [ -77.046, 39.093 ] ] } },
{ "type": "Feature", "properties": { "type": "edge", "id": null, "source": 86.0, "target": 94.0 }, "geometry": { "type": "LineString", "coordinates": [ [ -77.072, 39.08 ], [ -77.075, 39.103 ] ] } },
{ "type": "Feature", "properties": { "type": "edge", "id": null, "source": 86.0, "target": 106.0 }, "geometry": { "type": "LineString", "coordinates": [ [ -77.072, 39.08 ], [ -77.049, 39.061 ] ] } },
{ "type": "Feature", "properties": { "type": "edge", "id": null, "source": 87.0, "target": 94.0 }, "geometry": { "type": "LineString", "coordinates": [ [ -77.111, 39.095 ], [ -77.075, 39.103 ] ] } },
{ "type": "Feature", "properties": { "type": "edge", "id": null, "source": 88.0, "target": 96.0 }, "geometry": { "type": "LineString", "coordinates": [ [ -76.945, 39.083 ], [ -77.004, 39.076 ] ] } },
{ "type": "Feature", "properties": { "type": "edge", "id": null, "source": 88.0, "target": 99.0 }, "geometry": { "type": "LineString", "coordinates": [ [ -76.945, 39.083 ], [ -76.996, 39.11 ] ] } },
{ "type": "Feature", "properties": { "type": "edge", "id": null, "source": 89.0, "target": 103.0 }, "geometry": { "type": "LineString", "coordinates": [ [ -76.989, 38.989 ], [ -77.027, 38.994 ] ] } },
{ "type": "Feature", "properties": { "type": "edge", "id": null, "source": 89.0, "target": 209.0 }, "geometry": { "type": "LineString", "coordinates": [ [ -76.989, 38.989 ], [ -77.028, 38.968 ] ] } },
{ "type": "Feature", "properties": { "type": "edge", "id": null, "source": 89.0, "target": 230.0 }, "geometry": { "type": "LineString", "coordinates": [ [ -76.989, 38.989 ], [ -77.002, 38.959 ] ] } },
{ "type": "Feature", "properties": { "type": "edge", "id": null, "source": 90.0, "target": 168.0 }, "geometry": { "type": "LineString", "coordinates": [ [ -77.197, 39.102 ], [ -77.288, 38.997 ] ] } },
{ "type": "Feature", "properties": { "type": "edge", "id": null, "source": 91.0, "target": 93.0 }, "geometry": { "type": "LineString", "coordinates": [ [ -76.909, 38.828 ], [ -76.89, 38.824 ] ] } },
{ "type": "Feature", "properties": { "type": "edge", "id": null, "source": 91.0, "target": 101.0 }, "geometry": { "type": "LineString", "coordinates": [ [ -76.909, 38.828 ], [ -76.927, 38.794 ] ] } },
{ "type": "Feature", "properties": { "type": "edge", "id": null, "source": 92.0, "target": 94.0 }, "geometry": { "type": "LineString", "coordinates": [ [ -77.046, 39.093 ], [ -77.075, 39.103 ] ] } },
{ "type": "Feature", "properties": { "type": "edge", "id": null, "source": 92.0, "target": 96.0 }, "geometry": { "type": "LineString", "coordinates": [ [ -77.046, 39.093 ], [ -77.004, 39.076 ] ] } },
{ "type": "Feature", "properties": { "type": "edge", "id": null, "source": 92.0, "target": 99.0 }, "geometry": { "type": "LineString", "coordinates": [ [ -77.046, 39.093 ], [ -76.996, 39.11 ] ] } },
{ "type": "Feature", "properties": { "type": "edge", "id": null, "source": 92.0, "target": 106.0 }, "geometry": { "type": "LineString", "coordinates": [ [ -77.046, 39.093 ], [ -77.049, 39.061 ] ] } },
{ "type": "Feature", "properties": { "type": "edge", "id": null, "source": 95.0, "target": 215.0 }, "geometry": { "type": "LineString", "coordinates": [ [ -76.959, 38.834 ], [ -76.981, 38.846 ] ] } },
{ "type": "Feature", "properties": { "type": "edge", "id": null, "source": 95.0, "target": 229.0 }, "geometry": { "type": "LineString", "coordinates": [ [ -76.959, 38.834 ], [ -76.965, 38.86 ] ] } },
{ "type": "Feature", "properties": { "type": "edge", "id": null, "source": 96.0, "target": 99.0 }, "geometry": { "type": "LineString", "coordinates": [ [ -77.004, 39.076 ], [ -76.996, 39.11 ] ] } },
{ "type": "Feature", "properties": { "type": "edge", "id": null, "source": 96.0, "target": 106.0 }, "geometry": { "type": "LineString", "coordinates": [ [ -77.004, 39.076 ], [ -77.049, 39.061 ] ] } },
{ "type": "Feature", "properties": { "type": "edge", "id": null, "source": 97.0, "target": 100.0 }, "geometry": { "type": "LineString", "coordinates": [ [ -76.728, 38.842 ], [ -76.795, 38.785 ] ] } },
{ "type": "Feature", "properties": { "type": "edge", "id": null, "source": 97.0, "target": 102.0 }, "geometry": { "type": "LineString", "coordinates": [ [ -76.728, 38.842 ], [ -76.807, 38.759 ] ] } },
{ "type": "Feature", "properties": { "type": "edge", "id": null, "source": 98.0, "target": 101.0 }, "geometry": { "type": "LineString", "coordinates": [ [ -76.952, 38.803 ], [ -76.927, 38.794 ] ] } },
{ "type": "Feature", "properties": { "type": "edge", "id": null, "source": 100.0, "target": 102.0 }, "geometry": { "type": "LineString", "coordinates": [ [ -76.795, 38.785 ], [ -76.807, 38.759 ] ] } },
{ "type": "Feature", "properties": { "type": "edge", "id": null, "source": 103.0, "target": 105.0 }, "geometry": { "type": "LineString", "coordinates": [ [ -77.027, 38.994 ], [ -77.051, 39.041 ] ] } },
{ "type": "Feature", "properties": { "type": "edge", "id": null, "source": 103.0, "target": 209.0 }, "geometry": { "type": "LineString", "coordinates": [ [ -77.027, 38.994 ], [ -77.028, 38.968 ] ] } },
{ "type": "Feature", "properties": { "type": "edge", "id": null, "source": 103.0, "target": 249.0 }, "geometry": { "type": "LineString", "coordinates": [ [ -77.027, 38.994 ], [ -77.076, 38.965 ] ] } },
{ "type": "Feature", "properties": { "type": "edge", "id": null, "source": 105.0, "target": 106.0 }, "geometry": { "type": "LineString", "coordinates": [ [ -77.051, 39.041 ], [ -77.049, 39.061 ] ] } },
{ "type": "Feature", "properties": { "type": "edge", "id": null, "source": 107.0, "target": 121.0 }, "geometry": { "type": "LineString", "coordinates": [ [ -77.126, 38.831 ], [ -77.117, 38.848 ] ] } },
{ "type": "Feature", "properties": { "type": "edge", "id": null, "source": 107.0, "target": 129.0 }, "geometry": { "type": "LineString", "coordinates": [ [ -77.126, 38.831 ], [ -77.118, 38.829 ] ] } },
{ "type": "Feature", "properties": { "type": "edge", "id": null, "source": 107.0, "target": 141.0 }, "geometry": { "type": "LineString", "coordinates": [ [ -77.126, 38.831 ], [ -77.139, 38.816 ] ] } },
{ "type": "Feature", "properties": { "type": "edge", "id": null, "source": 107.0, "target": 160.0 }, "geometry": { "type": "LineString", "coordinates": [ [ -77.126, 38.831 ], [ -77.135, 38.854 ] ] } },
{ "type": "Feature", "properties": { "type": "edge", "id": null, "source": 108.0, "target": 111.0 }, "geometry": { "type": "LineString", "coordinates": [ [ -77.059, 38.776 ], [ -77.071, 38.801 ] ] } },
{ "type": "Feature", "properties": { "type": "edge", "id": null, "source": 108.0, "target": 118.0 }, "geometry": { "type": "LineString", "coordinates": [ [ -77.059, 38.776 ], [ -77.043, 38.804 ] ] } },
{ "type": "Feature", "properties": { "type": "edge", "id": null, "source": 108.0, "target": 136.0 }, "geometry": { "type": "LineString", "coordinates": [ [ -77.059, 38.776 ], [ -77.077, 38.79 ] ] } },
{ "type": "Feature", "properties": { "type": "edge", "id": null, "source": 108.0, "target": 143.0 }, "geometry": { "type": "LineString", "coordinates": [ [ -77.059, 38.776 ], [ -77.083, 38.774 ] ] } },
{ "type": "Feature", "properties": { "type": "edge", "id": null, "source": 108.0, "target": 146.0 }, "geometry": { "type": "LineString", "coordinates": [ [ -77.059, 38.776 ], [ -77.085, 38.744 ] ] } },
{ "type": "Feature", "properties": { "type": "edge", "id": null, "source": 109.0, "target": 119.0 }, "geometry": { "type": "LineString", "coordinates": [ [ -77.061, 38.863 ], [ -77.05, 38.858 ] ] } },
{ "type": "Feature", "properties": { "type": "edge", "id": null, "source": 109.0, "target": 128.0 }, "geometry": { "type": "LineString", "coordinates": [ [ -77.061, 38.863 ], [ -77.051, 38.855 ] ] } },
{ "type": "Feature", "properties": { "type": "edge", "id": null, "source": 109.0, "target": 131.0 }, "geometry": { "type": "LineString", "coordinates": [ [ -77.061, 38.863 ], [ -77.088, 38.841 ] ] } },
{ "type": "Feature", "properties": { "type": "edge", "id": null, "source": 109.0, "target": 133.0 }, "geometry": { "type": "LineString", "coordinates": [ [ -77.061, 38.863 ], [ -77.089, 38.862 ] ] } },
{ "type": "Feature", "properties": { "type": "edge", "id": null, "source": 109.0, "target": 135.0 }, "geometry": { "type": "LineString", "coordinates": [ [ -77.061, 38.863 ], [ -77.052, 38.845 ] ] } },
{ "type": "Feature", "properties": { "type": "edge", "id": null, "source": 109.0, "target": 156.0 }, "geometry": { "type": "LineString", "coordinates": [ [ -77.061, 38.863 ], [ -77.081, 38.875 ] ] } },
{ "type": "Feature", "properties": { "type": "edge", "id": null, "source": 109.0, "target": 201.0 }, "geometry": { "type": "LineString", "coordinates": [ [ -77.061, 38.863 ], [ -77.048, 38.894 ] ] } },
{ "type": "Feature", "properties": { "type": "edge", "id": null, "source": 109.0, "target": 239.0 }, "geometry": { "type": "LineString", "coordinates": [ [ -77.061, 38.863 ], [ -77.025, 38.884 ] ] } },
{ "type": "Feature", "properties": { "type": "edge", "id": null, "source": 109.0, "target": 254.0 }, "geometry": { "type": "LineString", "coordinates": [ [ -77.061, 38.863 ], [ -77.032, 38.89 ] ] } },
{ "type": "Feature", "properties": { "type": "edge", "id": null, "source": 110.0, "target": 113.0 }, "geometry": { "type": "LineString", "coordinates": [ [ -77.184, 38.813 ], [ -77.191, 38.833 ] ] } },
{ "type": "Feature", "properties": { "type": "edge", "id": null, "source": 110.0, "target": 117.0 }, "geometry": { "type": "LineString", "coordinates": [ [ -77.184, 38.813 ], [ -77.214, 38.825 ] ] } },
{ "type": "Feature", "properties": { "type": "edge", "id": null, "source": 110.0, "target": 132.0 }, "geometry": { "type": "LineString", "coordinates": [ [ -77.184, 38.813 ], [ -77.163, 38.799 ] ] } },
{ "type": "Feature", "properties": { "type": "edge", "id": null, "source": 110.0, "target": 141.0 }, "geometry": { "type": "LineString", "coordinates": [ [ -77.184, 38.813 ], [ -77.139, 38.816 ] ] } },
{ "type": "Feature", "properties": { "type": "edge", "id": null, "source": 110.0, "target": 183.0 }, "geometry": { "type": "LineString", "coordinates": [ [ -77.184, 38.813 ], [ -77.235, 38.781 ] ] } },
{ "type": "Feature", "properties": { "type": "edge", "id": null, "source": 110.0, "target": 184.0 }, "geometry": { "type": "LineString", "coordinates": [ [ -77.184, 38.813 ], [ -77.187, 38.781 ] ] } },
{ "type": "Feature", "properties": { "type": "edge", "id": null, "source": 111.0, "target": 118.0 }, "geometry": { "type": "LineString", "coordinates": [ [ -77.071, 38.801 ], [ -77.043, 38.804 ] ] } },
{ "type": "Feature", "properties": { "type": "edge", "id": null, "source": 111.0, "target": 122.0 }, "geometry": { "type": "LineString", "coordinates": [ [ -77.071, 38.801 ], [ -77.092, 38.829 ] ] } },
{ "type": "Feature", "properties": { "type": "edge", "id": null, "source": 111.0, "target": 125.0 }, "geometry": { "type": "LineString", "coordinates": [ [ -77.071, 38.801 ], [ -77.051, 38.834 ] ] } },
{ "type": "Feature", "properties": { "type": "edge", "id": null, "source": 111.0, "target": 127.0 }, "geometry": { "type": "LineString", "coordinates": [ [ -77.071, 38.801 ], [ -77.111, 38.813 ] ] } },
{ "type": "Feature", "properties": { "type": "edge", "id": null, "source": 111.0, "target": 136.0 }, "geometry": { "type": "LineString", "coordinates": [ [ -77.071, 38.801 ], [ -77.077, 38.79 ] ] } },
{ "type": "Feature", "properties": { "type": "edge", "id": null, "source": 112.0, "target": 116.0 }, "geometry": { "type": "LineString", "coordinates": [ [ -77.537, 38.986 ], [ -77.51, 39.027 ] ] } },
{ "type": "Feature", "properties": { "type": "edge", "id": null, "source": 112.0, "target": 123.0 }, "geometry": { "type": "LineString", "coordinates": [ [ -77.537, 38.986 ], [ -77.493, 39.01 ] ] } },
{ "type": "Feature", "properties": { "type": "edge", "id": null, "source": 112.0, "target": 149.0 }, "geometry": { "type": "LineString", "coordinates": [ [ -77.537, 38.986 ], [ -77.497, 38.962 ] ] } },
{ "type": "Feature", "properties": { "type": "edge", "id": null, "source": 112.0, "target": 150.0 }, "geometry": { "type": "LineString", "coordinates": [ [ -77.537, 38.986 ], [ -77.523, 38.936 ] ] } },
{ "type": "Feature", "properties": { "type": "edge", "id": null, "source": 112.0, "target": 173.0 }, "geometry": { "type": "LineString", "coordinates": [ [ -77.537, 38.986 ], [ -77.562, 39.08 ] ] } },
{ "type": "Feature", "properties": { "type": "edge", "id": null, "source": 112.0, "target": 179.0 }, "geometry": { "type": "LineString", "coordinates": [ [ -77.537, 38.986 ], [ -77.705, 39.136 ] ] } },
{ "type": "Feature", "properties": { "type": "edge", "id": null, "source": 112.0, "target": 185.0 }, "geometry": { "type": "LineString", "coordinates": [ [ -77.537, 38.986 ], [ -77.55, 38.94 ] ] } },
{ "type": "Feature", "properties": { "type": "edge", "id": null, "source": 113.0, "target": 117.0 }, "geometry": { "type": "LineString", "coordinates": [ [ -77.191, 38.833 ], [ -77.214, 38.825 ] ] } },
{ "type": "Feature", "properties": { "type": "edge", "id": null, "source": 113.0, "target": 141.0 }, "geometry": { "type": "LineString", "coordinates": [ [ -77.191, 38.833 ], [ -77.139, 38.816 ] ] } },
{ "type": "Feature", "properties": { "type": "edge", "id": null, "source": 113.0, "target": 160.0 }, "geometry": { "type": "LineString", "coordinates": [ [ -77.191, 38.833 ], [ -77.135, 38.854 ] ] } },
{ "type": "Feature", "properties": { "type": "edge", "id": null, "source": 113.0, "target": 162.0 }, "geometry": { "type": "LineString", "coordinates": [ [ -77.191, 38.833 ], [ -77.146, 38.869 ] ] } },
{ "type": "Feature", "properties": { "type": "edge", "id": null, "source": 113.0, "target": 165.0 }, "geometry": { "type": "LineString", "coordinates": [ [ -77.191, 38.833 ], [ -77.197, 38.865 ] ] } },
{ "type": "Feature", "properties": { "type": "edge", "id": null, "source": 114.0, "target": 137.0 }, "geometry": { "type": "LineString", "coordinates": [ [ -77.083, 38.89 ], [ -77.112, 38.883 ] ] } },
{ "type": "Feature", "properties": { "type": "edge", "id": null, "source": 114.0, "target": 139.0 }, "geometry": { "type": "LineString", "coordinates": [ [ -77.083, 38.89 ], [ -77.126, 38.897 ] ] } },
{ "type": "Feature", "properties": { "type": "edge", "id": null, "source": 114.0, "target": 156.0 }, "geometry": { "type": "LineString", "coordinates": [ [ -77.083, 38.89 ], [ -77.081, 38.875 ] ] } },
{ "type": "Feature", "properties": { "type": "edge", "id": null, "source": 114.0, "target": 201.0 }, "geometry": { "type": "LineString", "coordinates": [ [ -77.083, 38.89 ], [ -77.048, 38.894 ] ] } },
{ "type": "Feature", "properties": { "type": "edge", "id": null, "source": 114.0, "target": 220.0 }, "geometry": { "type": "LineString", "coordinates": [ [ -77.083, 38.89 ], [ -77.05, 38.901 ] ] } },
{ "type": "Feature", "properties": { "type": "edge", "id": null, "source": 114.0, "target": 225.0 }, "geometry": { "type": "LineString", "coordinates": [ [ -77.083, 38.89 ], [ -77.071, 38.92 ] ] } },
{ "type": "Feature", "properties": { "type": "edge", "id": null, "source": 114.0, "target": 227.0 }, "geometry": { "type": "LineString", "coordinates": [ [ -77.083, 38.89 ], [ -77.051, 38.897 ] ] } },
{ "type": "Feature", "properties": { "type": "edge", "id": null, "source": 115.0, "target": 127.0 }, "geometry": { "type": "LineString", "coordinates": [ [ -77.134, 38.811 ], [ -77.111, 38.813 ] ] } },
{ "type": "Feature", "properties": { "type": "edge", "id": null, "source": 115.0, "target": 129.0 }, "geometry": { "type": "LineString", "coordinates": [ [ -77.134, 38.811 ], [ -77.118, 38.829 ] ] } },
{ "type": "Feature", "properties": { "type": "edge", "id": null, "source": 115.0, "target": 132.0 }, "geometry": { "type": "LineString", "coordinates": [ [ -77.134, 38.811 ], [ -77.163, 38.799 ] ] } },
{ "type": "Feature", "properties": { "type": "edge", "id": null, "source": 115.0, "target": 138.0 }, "geometry": { "type": "LineString", "coordinates": [ [ -77.134, 38.811 ], [ -77.123, 38.785 ] ] } },
{ "type": "Feature", "properties": { "type": "edge", "id": null, "source": 115.0, "target": 141.0 }, "geometry": { "type": "LineString", "coordinates": [ [ -77.134, 38.811 ], [ -77.139, 38.816 ] ] } },
{ "type": "Feature", "properties": { "type": "edge", "id": null, "source": 116.0, "target": 120.0 }, "geometry": { "type": "LineString", "coordinates": [ [ -77.51, 39.027 ], [ -77.501, 39.036 ] ] } },
{ "type": "Feature", "properties": { "type": "edge", "id": null, "source": 116.0, "target": 123.0 }, "geometry": { "type": "LineString", "coordinates": [ [ -77.51, 39.027 ], [ -77.493, 39.01 ] ] } },
{ "type": "Feature", "properties": { "type": "edge", "id": null, "source": 116.0, "target": 173.0 }, "geometry": { "type": "LineString", "coordinates": [ [ -77.51, 39.027 ], [ -77.562, 39.08 ] ] } },
{ "type": "Feature", "properties": { "type": "edge", "id": null, "source": 117.0, "target": 164.0 }, "geometry": { "type": "LineString", "coordinates": [ [ -77.214, 38.825 ], [ -77.241, 38.874 ] ] } },
{ "type": "Feature", "properties": { "type": "edge", "id": null, "source": 117.0, "target": 165.0 }, "geometry": { "type": "LineString", "coordinates": [ [ -77.214, 38.825 ], [ -77.197, 38.865 ] ] } },
{ "type": "Feature", "properties": { "type": "edge", "id": null, "source": 117.0, "target": 183.0 }, "geometry": { "type": "LineString", "coordinates": [ [ -77.214, 38.825 ], [ -77.235, 38.781 ] ] } },
{ "type": "Feature", "properties": { "type": "edge", "id": null, "source": 117.0, "target": 193.0 }, "geometry": { "type": "LineString", "coordinates": [ [ -77.214, 38.825 ], [ -77.254, 38.81 ] ] } },
{ "type": "Feature", "properties": { "type": "edge", "id": null, "source": 118.0, "target": 125.0 }, "geometry": { "type": "LineString", "coordinates": [ [ -77.043, 38.804 ], [ -77.051, 38.834 ] ] } },
{ "type": "Feature", "properties": { "type": "edge", "id": null, "source": 118.0, "target": 242.0 }, "geometry": { "type": "LineString", "coordinates": [ [ -77.043, 38.804 ], [ -77.018, 38.823 ] ] } },
{ "type": "Feature", "properties": { "type": "edge", "id": null, "source": 119.0, "target": 128.0 }, "geometry": { "type": "LineString", "coordinates": [ [ -77.05, 38.858 ], [ -77.051, 38.855 ] ] } },
{ "type": "Feature", "properties": { "type": "edge", "id": null, "source": 119.0, "target": 130.0 }, "geometry": { "type": "LineString", "coordinates": [ [ -77.05, 38.858 ], [ -77.05, 38.852 ] ] } },
{ "type": "Feature", "properties": { "type": "edge", "id": null, "source": 119.0, "target": 206.0 }, "geometry": { "type": "LineString", "coordinates": [ [ -77.05, 38.858 ], [ -77.018, 38.878 ] ] } },
{ "type": "Feature", "properties": { "type": "edge", "id": null, "source": 119.0, "target": 239.0 }, "geometry": { "type": "LineString", "coordinates": [ [ -77.05, 38.858 ], [ -77.025, 38.884 ] ] } },
{ "type": "Feature", "properties": { "type": "edge", "id": null, "source": 119.0, "target": 253.0 }, "geometry": { "type": "LineString", "coordinates": [ [ -77.05, 38.858 ], [ -77.017, 38.84 ] ] } },
{ "type": "Feature", "properties": { "type": "edge", "id": null, "source": 120.0, "target": 123.0 }, "geometry": { "type": "LineString", "coordinates": [ [ -77.501, 39.036 ], [ -77.493, 39.01 ] ] } },
{ "type": "Feature", "properties": { "type": "edge", "id": null, "source": 120.0, "target": 126.0 }, "geometry": { "type": "LineString", "coordinates": [ [ -77.501, 39.036 ], [ -77.478, 39.058 ] ] } },
{ "type": "Feature", "properties": { "type": "edge", "id": null, "source": 120.0, "target": 173.0 }, "geometry": { "type": "LineString", "coordinates": [ [ -77.501, 39.036 ], [ -77.562, 39.08 ] ] } },
{ "type": "Feature", "properties": { "type": "edge", "id": null, "source": 120.0, "target": 177.0 }, "geometry": { "type": "LineString", "coordinates": [ [ -77.501, 39.036 ], [ -77.526, 39.099 ] ] } },
{ "type": "Feature", "properties": { "type": "edge", "id": null, "source": 121.0, "target": 129.0 }, "geometry": { "type": "LineString", "coordinates": [ [ -77.117, 38.848 ], [ -77.118, 38.829 ] ] } },
{ "type": "Feature", "properties": { "type": "edge", "id": null, "source": 121.0, "target": 131.0 }, "geometry": { "type": "LineString", "coordinates": [ [ -77.117, 38.848 ], [ -77.088, 38.841 ] ] } },
{ "type": "Feature", "properties": { "type": "edge", "id": null, "source": 121.0, "target": 133.0 }, "geometry": { "type": "LineString", "coordinates": [ [ -77.117, 38.848 ], [ -77.089, 38.862 ] ] } },
{ "type": "Feature", "properties": { "type": "edge", "id": null, "source": 121.0, "target": 137.0 }, "geometry": { "type": "LineString", "coordinates": [ [ -77.117, 38.848 ], [ -77.112, 38.883 ] ] } },
{ "type": "Feature", "properties": { "type": "edge", "id": null, "source": 121.0, "target": 160.0 }, "geometry": { "type": "LineString", "coordinates": [ [ -77.117, 38.848 ], [ -77.135, 38.854 ] ] } },
{ "type": "Feature", "properties": { "type": "edge", "id": null, "source": 122.0, "target": 125.0 }, "geometry": { "type": "LineString", "coordinates": [ [ -77.092, 38.829 ], [ -77.051, 38.834 ] ] } },
{ "type": "Feature", "properties": { "type": "edge", "id": null, "source": 122.0, "target": 127.0 }, "geometry": { "type": "LineString", "coordinates": [ [ -77.092, 38.829 ], [ -77.111, 38.813 ] ] } },
{ "type": "Feature", "properties": { "type": "edge", "id": null, "source": 122.0, "target": 129.0 }, "geometry": { "type": "LineString", "coordinates": [ [ -77.092, 38.829 ], [ -77.118, 38.829 ] ] } },
{ "type": "Feature", "properties": { "type": "edge", "id": null, "source": 122.0, "target": 131.0 }, "geometry": { "type": "LineString", "coordinates": [ [ -77.092, 38.829 ], [ -77.088, 38.841 ] ] } },
{ "type": "Feature", "properties": { "type": "edge", "id": null, "source": 123.0, "target": 126.0 }, "geometry": { "type": "LineString", "coordinates": [ [ -77.493, 39.01 ], [ -77.478, 39.058 ] ] } },
{ "type": "Feature", "properties": { "type": "edge", "id": null, "source": 123.0, "target": 149.0 }, "geometry": { "type": "LineString", "coordinates": [ [ -77.493, 39.01 ], [ -77.497, 38.962 ] ] } },
{ "type": "Feature", "properties": { "type": "edge", "id": null, "source": 123.0, "target": 190.0 }, "geometry": { "type": "LineString", "coordinates": [ [ -77.493, 39.01 ], [ -77.417, 39.009 ] ] } },
{ "type": "Feature", "properties": { "type": "edge", "id": null, "source": 123.0, "target": 192.0 }, "geometry": { "type": "LineString", "coordinates": [ [ -77.493, 39.01 ], [ -77.435, 38.979 ] ] } },
{ "type": "Feature", "properties": { "type": "edge", "id": null, "source": 123.0, "target": 195.0 }, "geometry": { "type": "LineString", "coordinates": [ [ -77.493, 39.01 ], [ -77.451, 38.963 ] ] } },
{ "type": "Feature", "properties": { "type": "edge", "id": null, "source": 123.0, "target": 197.0 }, "geometry": { "type": "LineString", "coordinates": [ [ -77.493, 39.01 ], [ -77.421, 39.026 ] ] } },
{ "type": "Feature", "properties": { "type": "edge", "id": null, "source": 124.0, "target": 137.0 }, "geometry": { "type": "LineString", "coordinates": [ [ -77.128, 38.89 ], [ -77.112, 38.883 ] ] } },
{ "type": "Feature", "properties": { "type": "edge", "id": null, "source": 124.0, "target": 139.0 }, "geometry": { "type": "LineString", "coordinates": [ [ -77.128, 38.89 ], [ -77.126, 38.897 ] ] } },
{ "type": "Feature", "properties": { "type": "edge", "id": null, "source": 124.0, "target": 154.0 }, "geometry": { "type": "LineString", "coordinates": [ [ -77.128, 38.89 ], [ -77.173, 38.88 ] ] } },
{ "type": "Feature", "properties": { "type": "edge", "id": null, "source": 124.0, "target": 162.0 }, "geometry": { "type": "LineString", "coordinates": [ [ -77.128, 38.89 ], [ -77.146, 38.869 ] ] } },
{ "type": "Feature", "properties": { "type": "edge", "id": null, "source": 125.0, "target": 131.0 }, "geometry": { "type": "LineString", "coordinates": [ [ -77.051, 38.834 ], [ -77.088, 38.841 ] ] } },
{ "type": "Feature", "properties": { "type": "edge", "id": null, "source": 125.0, "target": 135.0 }, "geometry": { "type": "LineString", "coordinates": [ [ -77.051, 38.834 ], [ -77.052, 38.845 ] ] } },
{ "type": "Feature", "properties": { "type": "edge", "id": null, "source": 125.0, "target": 242.0 }, "geometry": { "type": "LineString", "coordinates": [ [ -77.051, 38.834 ], [ -77.018, 38.823 ] ] } },
{ "type": "Feature", "properties": { "type": "edge", "id": null, "source": 125.0, "target": 253.0 }, "geometry": { "type": "LineString", "coordinates": [ [ -77.051, 38.834 ], [ -77.017, 38.84 ] ] } },
{ "type": "Feature", "properties": { "type": "edge", "id": null, "source": 126.0, "target": 177.0 }, "geometry": { "type": "LineString", "coordinates": [ [ -77.478, 39.058 ], [ -77.526, 39.099 ] ] } },
{ "type": "Feature", "properties": { "type": "edge", "id": null, "source": 126.0, "target": 197.0 }, "geometry": { "type": "LineString", "coordinates": [ [ -77.478, 39.058 ], [ -77.421, 39.026 ] ] } },
{ "type": "Feature", "properties": { "type": "edge", "id": null, "source": 126.0, "target": 199.0 }, "geometry": { "type": "LineString", "coordinates": [ [ -77.478, 39.058 ], [ -77.409, 39.037 ] ] } },
{ "type": "Feature", "properties": { "type": "edge", "id": null, "source": 127.0, "target": 129.0 }, "geometry": { "type": "LineString", "coordinates": [ [ -77.111, 38.813 ], [ -77.118, 38.829 ] ] } },
{ "type": "Feature", "properties": { "type": "edge", "id": null, "source": 127.0, "target": 136.0 }, "geometry": { "type": "LineString", "coordinates": [ [ -77.111, 38.813 ], [ -77.077, 38.79 ] ] } },
{ "type": "Feature", "properties": { "type": "edge", "id": null, "source": 127.0, "target": 138.0 }, "geometry": { "type": "LineString", "coordinates": [ [ -77.111, 38.813 ], [ -77.123, 38.785 ] ] } },
{ "type": "Feature", "properties": { "type": "edge", "id": null, "source": 128.0, "target": 130.0 }, "geometry": { "type": "LineString", "coordinates": [ [ -77.051, 38.855 ], [ -77.05, 38.852 ] ] } },
{ "type": "Feature", "properties": { "type": "edge", "id": null, "source": 128.0, "target": 135.0 }, "geometry": { "type": "LineString", "coordinates": [ [ -77.051, 38.855 ], [ -77.052, 38.845 ] ] } },
{ "type": "Feature", "properties": { "type": "edge", "id": null, "source": 129.0, "target": 131.0 }, "geometry": { "type": "LineString", "coordinates": [ [ -77.118, 38.829 ], [ -77.088, 38.841 ] ] } },
{ "type": "Feature", "properties": { "type": "edge", "id": null, "source": 129.0, "target": 141.0 }, "geometry": { "type": "LineString", "coordinates": [ [ -77.118, 38.829 ], [ -77.139, 38.816 ] ] } },
{ "type": "Feature", "properties": { "type": "edge", "id": null, "source": 130.0, "target": 135.0 }, "geometry": { "type": "LineString", "coordinates": [ [ -77.05, 38.852 ], [ -77.052, 38.845 ] ] } },
{ "type": "Feature", "properties": { "type": "edge", "id": null, "source": 130.0, "target": 253.0 }, "geometry": { "type": "LineString", "coordinates": [ [ -77.05, 38.852 ], [ -77.017, 38.84 ] ] } },
{ "type": "Feature", "properties": { "type": "edge", "id": null, "source": 131.0, "target": 133.0 }, "geometry": { "type": "LineString", "coordinates": [ [ -77.088, 38.841 ], [ -77.089, 38.862 ] ] } },
{ "type": "Feature", "properties": { "type": "edge", "id": null, "source": 131.0, "target": 135.0 }, "geometry": { "type": "LineString", "coordinates": [ [ -77.088, 38.841 ], [ -77.052, 38.845 ] ] } },
{ "type": "Feature", "properties": { "type": "edge", "id": null, "source": 132.0, "target": 134.0 }, "geometry": { "type": "LineString", "coordinates": [ [ -77.163, 38.799 ], [ -77.135, 38.773 ] ] } },
{ "type": "Feature", "properties": { "type": "edge", "id": null, "source": 132.0, "target": 138.0 }, "geometry": { "type": "LineString", "coordinates": [ [ -77.163, 38.799 ], [ -77.123, 38.785 ] ] } },
{ "type": "Feature", "properties": { "type": "edge", "id": null, "source": 132.0, "target": 141.0 }, "geometry": { "type": "LineString", "coordinates": [ [ -77.163, 38.799 ], [ -77.139, 38.816 ] ] } },
{ "type": "Feature", "properties": { "type": "edge", "id": null, "source": 132.0, "target": 184.0 }, "geometry": { "type": "LineString", "coordinates": [ [ -77.163, 38.799 ], [ -77.187, 38.781 ] ] } },
{ "type": "Feature", "properties": { "type": "edge", "id": null, "source": 132.0, "target": 186.0 }, "geometry": { "type": "LineString", "coordinates": [ [ -77.163, 38.799 ], [ -77.177, 38.771 ] ] } },
{ "type": "Feature", "properties": { "type": "edge", "id": null, "source": 133.0, "target": 137.0 }, "geometry": { "type": "LineString", "coordinates": [ [ -77.089, 38.862 ], [ -77.112, 38.883 ] ] } },
{ "type": "Feature", "properties": { "type": "edge", "id": null, "source": 133.0, "target": 156.0 }, "geometry": { "type": "LineString", "coordinates": [ [ -77.089, 38.862 ], [ -77.081, 38.875 ] ] } },
{ "type": "Feature", "properties": { "type": "edge", "id": null, "source": 134.0, "target": 138.0 }, "geometry": { "type": "LineString", "coordinates": [ [ -77.135, 38.773 ], [ -77.123, 38.785 ] ] } },
{ "type": "Feature", "properties": { "type": "edge", "id": null, "source": 134.0, "target": 143.0 }, "geometry": { "type": "LineString", "coordinates": [ [ -77.135, 38.773 ], [ -77.083, 38.774 ] ] } },
{ "type": "Feature", "properties": { "type": "edge", "id": null, "source": 134.0, "target": 145.0 }, "geometry": { "type": "LineString", "coordinates": [ [ -77.135, 38.773 ], [ -77.141, 38.754 ] ] } },
{ "type": "Feature", "properties": { "type": "edge", "id": null, "source": 134.0, "target": 146.0 }, "geometry": { "type": "LineString", "coordinates": [ [ -77.135, 38.773 ], [ -77.085, 38.744 ] ] } },
{ "type": "Feature", "properties": { "type": "edge", "id": null, "source": 134.0, "target": 186.0 }, "geometry": { "type": "LineString", "coordinates": [ [ -77.135, 38.773 ], [ -77.177, 38.771 ] ] } },
{ "type": "Feature", "properties": { "type": "edge", "id": null, "source": 135.0, "target": 253.0 }, "geometry": { "type": "LineString", "coordinates": [ [ -77.052, 38.845 ], [ -77.017, 38.84 ] ] } },
{ "type": "Feature", "properties": { "type": "edge", "id": null, "source": 136.0, "target": 138.0 }, "geometry": { "type": "LineString", "coordinates": [ [ -77.077, 38.79 ], [ -77.123, 38.785 ] ] } },
{ "type": "Feature", "properties": { "type": "edge", "id": null, "source": 136.0, "target": 143.0 }, "geometry": { "type": "LineString", "coordinates": [ [ -77.077, 38.79 ], [ -77.083, 38.774 ] ] } },
{ "type": "Feature", "properties": { "type": "edge", "id": null, "source": 137.0, "target": 139.0 }, "geometry": { "type": "LineString", "coordinates": [ [ -77.112, 38.883 ], [ -77.126, 38.897 ] ] } },
{ "type": "Feature", "properties": { "type": "edge", "id": null, "source": 137.0, "target": 156.0 }, "geometry": { "type": "LineString", "coordinates": [ [ -77.112, 38.883 ], [ -77.081, 38.875 ] ] } },
{ "type": "Feature", "properties": { "type": "edge", "id": null, "source": 137.0, "target": 160.0 }, "geometry": { "type": "LineString", "coordinates": [ [ -77.112, 38.883 ], [ -77.135, 38.854 ] ] } },
{ "type": "Feature", "properties": { "type": "edge", "id": null, "source": 137.0, "target": 162.0 }, "geometry": { "type": "LineString", "coordinates": [ [ -77.112, 38.883 ], [ -77.146, 38.869 ] ] } },
{ "type": "Feature", "properties": { "type": "edge", "id": null, "source": 138.0, "target": 143.0 }, "geometry": { "type": "LineString", "coordinates": [ [ -77.123, 38.785 ], [ -77.083, 38.774 ] ] } },
{ "type": "Feature", "properties": { "type": "edge", "id": null, "source": 139.0, "target": 154.0 }, "geometry": { "type": "LineString", "coordinates": [ [ -77.126, 38.897 ], [ -77.173, 38.88 ] ] } },
{ "type": "Feature", "properties": { "type": "edge", "id": null, "source": 139.0, "target": 158.0 }, "geometry": { "type": "LineString", "coordinates": [ [ -77.126, 38.897 ], [ -77.205, 38.902 ] ] } },
{ "type": "Feature", "properties": { "type": "edge", "id": null, "source": 139.0, "target": 225.0 }, "geometry": { "type": "LineString", "coordinates": [ [ -77.126, 38.897 ], [ -77.071, 38.92 ] ] } },
{ "type": "Feature", "properties": { "type": "edge", "id": null, "source": 140.0, "target": 142.0 }, "geometry": { "type": "LineString", "coordinates": [ [ -77.447, 38.869 ], [ -77.428, 38.894 ] ] } },
{ "type": "Feature", "properties": { "type": "edge", "id": null, "source": 140.0, "target": 144.0 }, "geometry": { "type": "LineString", "coordinates": [ [ -77.447, 38.869 ], [ -77.443, 38.889 ] ] } },
{ "type": "Feature", "properties": { "type": "edge", "id": null, "source": 140.0, "target": 148.0 }, "geometry": { "type": "LineString", "coordinates": [ [ -77.447, 38.869 ], [ -77.413, 38.834 ] ] } },
{ "type": "Feature", "properties": { "type": "edge", "id": null, "source": 140.0, "target": 163.0 }, "geometry": { "type": "LineString", "coordinates": [ [ -77.447, 38.869 ], [ -77.395, 38.858 ] ] } },
{ "type": "Feature", "properties": { "type": "edge", "id": null, "source": 140.0, "target": 182.0 }, "geometry": { "type": "LineString", "coordinates": [ [ -77.447, 38.869 ], [ -77.521, 38.925 ] ] } },
{ "type": "Feature", "properties": { "type": "edge", "id": null, "source": 140.0, "target": 185.0 }, "geometry": { "type": "LineString", "coordinates": [ [ -77.447, 38.869 ], [ -77.55, 38.94 ] ] } },
{ "type": "Feature", "properties": { "type": "edge", "id": null, "source": 141.0, "target": 160.0 }, "geometry": { "type": "LineString", "coordinates": [ [ -77.139, 38.816 ], [ -77.135, 38.854 ] ] } },
{ "type": "Feature", "properties": { "type": "edge", "id": null, "source": 142.0, "target": 144.0 }, "geometry": { "type": "LineString", "coordinates": [ [ -77.428, 38.894 ], [ -77.443, 38.889 ] ] } },
{ "type": "Feature", "properties": { "type": "edge", "id": null, "source": 142.0, "target": 163.0 }, "geometry": { "type": "LineString", "coordinates": [ [ -77.428, 38.894 ], [ -77.395, 38.858 ] ] } },
{ "type": "Feature", "properties": { "type": "edge", "id": null, "source": 142.0, "target": 170.0 }, "geometry": { "type": "LineString", "coordinates": [ [ -77.428, 38.894 ], [ -77.406, 38.908 ] ] } },
{ "type": "Feature", "properties": { "type": "edge", "id": null, "source": 142.0, "target": 171.0 }, "geometry": { "type": "LineString", "coordinates": [ [ -77.428, 38.894 ], [ -77.41, 38.951 ] ] } },
{ "type": "Feature", "properties": { "type": "edge", "id": null, "source": 142.0, "target": 195.0 }, "geometry": { "type": "LineString", "coordinates": [ [ -77.428, 38.894 ], [ -77.451, 38.963 ] ] } },
{ "type": "Feature", "properties": { "type": "edge", "id": null, "source": 143.0, "target": 146.0 }, "geometry": { "type": "LineString", "coordinates": [ [ -77.083, 38.774 ], [ -77.085, 38.744 ] ] } },
{ "type": "Feature", "properties": { "type": "edge", "id": null, "source": 144.0, "target": 182.0 }, "geometry": { "type": "LineString", "coordinates": [ [ -77.443, 38.889 ], [ -77.521, 38.925 ] ] } },
{ "type": "Feature", "properties": { "type": "edge", "id": null, "source": 144.0, "target": 195.0 }, "geometry": { "type": "LineString", "coordinates": [ [ -77.443, 38.889 ], [ -77.451, 38.963 ] ] } },
{ "type": "Feature", "properties": { "type": "edge", "id": null, "source": 145.0, "target": 146.0 }, "geometry": { "type": "LineString", "coordinates": [ [ -77.141, 38.754 ], [ -77.085, 38.744 ] ] } },
{ "type": "Feature", "properties": { "type": "edge", "id": null, "source": 145.0, "target": 147.0 }, "geometry": { "type": "LineString", "coordinates": [ [ -77.141, 38.754 ], [ -77.126, 38.721 ] ] } },
{ "type": "Feature", "properties": { "type": "edge", "id": null, "source": 145.0, "target": 155.0 }, "geometry": { "type": "LineString", "coordinates": [ [ -77.141, 38.754 ], [ -77.144, 38.706 ] ] } },
{ "type": "Feature", "properties": { "type": "edge", "id": null, "source": 145.0, "target": 186.0 }, "geometry": { "type": "LineString", "coordinates": [ [ -77.141, 38.754 ], [ -77.177, 38.771 ] ] } },
{ "type": "Feature", "properties": { "type": "edge", "id": null, "source": 145.0, "target": 191.0 }, "geometry": { "type": "LineString", "coordinates": [ [ -77.141, 38.754 ], [ -77.213, 38.74 ] ] } },
{ "type": "Feature", "properties": { "type": "edge", "id": null, "source": 146.0, "target": 147.0 }, "geometry": { "type": "LineString", "coordinates": [ [ -77.085, 38.744 ], [ -77.126, 38.721 ] ] } },
{ "type": "Feature", "properties": { "type": "edge", "id": null, "source": 147.0, "target": 155.0 }, "geometry": { "type": "LineString", "coordinates": [ [ -77.126, 38.721 ], [ -77.144, 38.706 ] ] } },
{ "type": "Feature", "properties": { "type": "edge", "id": null, "source": 147.0, "target": 159.0 }, "geometry": { "type": "LineString", "coordinates": [ [ -77.126, 38.721 ], [ -77.144, 38.697 ] ] } },
{ "type": "Feature", "properties": { "type": "edge", "id": null, "source": 148.0, "target": 151.0 }, "geometry": { "type": "LineString", "coordinates": [ [ -77.413, 38.834 ], [ -77.257, 38.728 ] ] } },
{ "type": "Feature", "properties": { "type": "edge", "id": null, "source": 148.0, "target": 157.0 }, "geometry": { "type": "LineString", "coordinates": [ [ -77.413, 38.834 ], [ -77.336, 38.855 ] ] } },
{ "type": "Feature", "properties": { "type": "edge", "id": null, "source": 148.0, "target": 161.0 }, "geometry": { "type": "LineString", "coordinates": [ [ -77.413, 38.834 ], [ -77.309, 38.842 ] ] } },
{ "type": "Feature", "properties": { "type": "edge", "id": null, "source": 148.0, "target": 163.0 }, "geometry": { "type": "LineString", "coordinates": [ [ -77.413, 38.834 ], [ -77.395, 38.858 ] ] } },
{ "type": "Feature", "properties": { "type": "edge", "id": null, "source": 148.0, "target": 166.0 }, "geometry": { "type": "LineString", "coordinates": [ [ -77.413, 38.834 ], [ -77.276, 38.817 ] ] } },
{ "type": "Feature", "properties": { "type": "edge", "id": null, "source": 148.0, "target": 185.0 }, "geometry": { "type": "LineString", "coordinates": [ [ -77.413, 38.834 ], [ -77.55, 38.94 ] ] } },
{ "type": "Feature", "properties": { "type": "edge", "id": null, "source": 148.0, "target": 188.0 }, "geometry": { "type": "LineString", "coordinates": [ [ -77.413, 38.834 ], [ -77.265, 38.752 ] ] } },
{ "type": "Feature", "properties": { "type": "edge", "id": null, "source": 149.0, "target": 150.0 }, "geometry": { "type": "LineString", "coordinates": [ [ -77.497, 38.962 ], [ -77.523, 38.936 ] ] } },
{ "type": "Feature", "properties": { "type": "edge", "id": null, "source": 149.0, "target": 182.0 }, "geometry": { "type": "LineString", "coordinates": [ [ -77.497, 38.962 ], [ -77.521, 38.925 ] ] } },
{ "type": "Feature", "properties": { "type": "edge", "id": null, "source": 149.0, "target": 195.0 }, "geometry": { "type": "LineString", "coordinates": [ [ -77.497, 38.962 ], [ -77.451, 38.963 ] ] } },
{ "type": "Feature", "properties": { "type": "edge", "id": null, "source": 150.0, "target": 182.0 }, "geometry": { "type": "LineString", "coordinates": [ [ -77.523, 38.936 ], [ -77.521, 38.925 ] ] } },
{ "type": "Feature", "properties": { "type": "edge", "id": null, "source": 150.0, "target": 185.0 }, "geometry": { "type": "LineString", "coordinates": [ [ -77.523, 38.936 ], [ -77.55, 38.94 ] ] } },
{ "type": "Feature", "properties": { "type": "edge", "id": null, "source": 151.0, "target": 175.0 }, "geometry": { "type": "LineString", "coordinates": [ [ -77.257, 38.728 ], [ -77.214, 38.713 ] ] } },
{ "type": "Feature", "properties": { "type": "edge", "id": null, "source": 151.0, "target": 188.0 }, "geometry": { "type": "LineString", "coordinates": [ [ -77.257, 38.728 ], [ -77.265, 38.752 ] ] } },
{ "type": "Feature", "properties": { "type": "edge", "id": null, "source": 151.0, "target": 191.0 }, "geometry": { "type": "LineString", "coordinates": [ [ -77.257, 38.728 ], [ -77.213, 38.74 ] ] } },
{ "type": "Feature", "properties": { "type": "edge", "id": null, "source": 152.0, "target": 153.0 }, "geometry": { "type": "LineString", "coordinates": [ [ -77.296, 38.862 ], [ -77.303, 38.846 ] ] } },
{ "type": "Feature", "properties": { "type": "edge", "id": null, "source": 152.0, "target": 157.0 }, "geometry": { "type": "LineString", "coordinates": [ [ -77.296, 38.862 ], [ -77.336, 38.855 ] ] } },
{ "type": "Feature", "properties": { "type": "edge", "id": null, "source": 152.0, "target": 164.0 }, "geometry": { "type": "LineString", "coordinates": [ [ -77.296, 38.862 ], [ -77.241, 38.874 ] ] } },
{ "type": "Feature", "properties": { "type": "edge", "id": null, "source": 152.0, "target": 166.0 }, "geometry": { "type": "LineString", "coordinates": [ [ -77.296, 38.862 ], [ -77.276, 38.817 ] ] } },
{ "type": "Feature", "properties": { "type": "edge", "id": null, "source": 152.0, "target": 178.0 }, "geometry": { "type": "LineString", "coordinates": [ [ -77.296, 38.862 ], [ -77.303, 38.88 ] ] } },
{ "type": "Feature", "properties": { "type": "edge", "id": null, "source": 152.0, "target": 198.0 }, "geometry": { "type": "LineString", "coordinates": [ [ -77.296, 38.862 ], [ -77.268, 38.899 ] ] } },
{ "type": "Feature", "properties": { "type": "edge", "id": null, "source": 153.0, "target": 157.0 }, "geometry": { "type": "LineString", "coordinates": [ [ -77.303, 38.846 ], [ -77.336, 38.855 ] ] } },
{ "type": "Feature", "properties": { "type": "edge", "id": null, "source": 153.0, "target": 161.0 }, "geometry": { "type": "LineString", "coordinates": [ [ -77.303, 38.846 ], [ -77.309, 38.842 ] ] } },
{ "type": "Feature", "properties": { "type": "edge", "id": null, "source": 153.0, "target": 166.0 }, "geometry": { "type": "LineString", "coordinates": [ [ -77.303, 38.846 ], [ -77.276, 38.817 ] ] } },
{ "type": "Feature", "properties": { "type": "edge", "id": null, "source": 154.0, "target": 158.0 }, "geometry": { "type": "LineString", "coordinates": [ [ -77.173, 38.88 ], [ -77.205, 38.902 ] ] } },
{ "type": "Feature", "properties": { "type": "edge", "id": null, "source": 154.0, "target": 162.0 }, "geometry": { "type": "LineString", "coordinates": [ [ -77.173, 38.88 ], [ -77.146, 38.869 ] ] } },
{ "type": "Feature", "properties": { "type": "edge", "id": null, "source": 154.0, "target": 165.0 }, "geometry": { "type": "LineString", "coordinates": [ [ -77.173, 38.88 ], [ -77.197, 38.865 ] ] } },
{ "type": "Feature", "properties": { "type": "edge", "id": null, "source": 154.0, "target": 167.0 }, "geometry": { "type": "LineString", "coordinates": [ [ -77.173, 38.88 ], [ -77.198, 38.876 ] ] } },
{ "type": "Feature", "properties": { "type": "edge", "id": null, "source": 155.0, "target": 159.0 }, "geometry": { "type": "LineString", "coordinates": [ [ -77.144, 38.706 ], [ -77.144, 38.697 ] ] } },
{ "type": "Feature", "properties": { "type": "edge", "id": null, "source": 155.0, "target": 175.0 }, "geometry": { "type": "LineString", "coordinates": [ [ -77.144, 38.706 ], [ -77.214, 38.713 ] ] } },
{ "type": "Feature", "properties": { "type": "edge", "id": null, "source": 155.0, "target": 191.0 }, "geometry": { "type": "LineString", "coordinates": [ [ -77.144, 38.706 ], [ -77.213, 38.74 ] ] } },
{ "type": "Feature", "properties": { "type": "edge", "id": null, "source": 156.0, "target": 201.0 }, "geometry": { "type": "LineString", "coordinates": [ [ -77.081, 38.875 ], [ -77.048, 38.894 ] ] } },
{ "type": "Feature", "properties": { "type": "edge", "id": null, "source": 157.0, "target": 161.0 }, "geometry": { "type": "LineString", "coordinates": [ [ -77.336, 38.855 ], [ -77.309, 38.842 ] ] } },
{ "type": "Feature", "properties": { "type": "edge", "id": null, "source": 157.0, "target": 163.0 }, "geometry": { "type": "LineString", "coordinates": [ [ -77.336, 38.855 ], [ -77.395, 38.858 ] ] } },
{ "type": "Feature", "properties": { "type": "edge", "id": null, "source": 157.0, "target": 170.0 }, "geometry": { "type": "LineString", "coordinates": [ [ -77.336, 38.855 ], [ -77.406, 38.908 ] ] } },
{ "type": "Feature", "properties": { "type": "edge", "id": null, "source": 157.0, "target": 172.0 }, "geometry": { "type": "LineString", "coordinates": [ [ -77.336, 38.855 ], [ -77.375, 38.928 ] ] } },
{ "type": "Feature", "properties": { "type": "edge", "id": null, "source": 157.0, "target": 178.0 }, "geometry": { "type": "LineString", "coordinates": [ [ -77.336, 38.855 ], [ -77.303, 38.88 ] ] } },
{ "type": "Feature", "properties": { "type": "edge", "id": null, "source": 158.0, "target": 164.0 }, "geometry": { "type": "LineString", "coordinates": [ [ -77.205, 38.902 ], [ -77.241, 38.874 ] ] } },
{ "type": "Feature", "properties": { "type": "edge", "id": null, "source": 158.0, "target": 167.0 }, "geometry": { "type": "LineString", "coordinates": [ [ -77.205, 38.902 ], [ -77.198, 38.876 ] ] } },
{ "type": "Feature", "properties": { "type": "edge", "id": null, "source": 158.0, "target": 200.0 }, "geometry": { "type": "LineString", "coordinates": [ [ -77.205, 38.902 ], [ -77.237, 38.915 ] ] } },
{ "type": "Feature", "properties": { "type": "edge", "id": null, "source": 159.0, "target": 175.0 }, "geometry": { "type": "LineString", "coordinates": [ [ -77.144, 38.697 ], [ -77.214, 38.713 ] ] } },
{ "type": "Feature", "properties": { "type": "edge", "id": null, "source": 160.0, "target": 162.0 }, "geometry": { "type": "LineString", "coordinates": [ [ -77.135, 38.854 ], [ -77.146, 38.869 ] ] } },
{ "type": "Feature", "properties": { "type": "edge", "id": null, "source": 161.0, "target": 166.0 }, "geometry": { "type": "LineString", "coordinates": [ [ -77.309, 38.842 ], [ -77.276, 38.817 ] ] } },
{ "type": "Feature", "properties": { "type": "edge", "id": null, "source": 162.0, "target": 165.0 }, "geometry": { "type": "LineString", "coordinates": [ [ -77.146, 38.869 ], [ -77.197, 38.865 ] ] } },
{ "type": "Feature", "properties": { "type": "edge", "id": null, "source": 163.0, "target": 170.0 }, "geometry": { "type": "LineString", "coordinates": [ [ -77.395, 38.858 ], [ -77.406, 38.908 ] ] } },
{ "type": "Feature", "properties": { "type": "edge", "id": null, "source": 164.0, "target": 165.0 }, "geometry": { "type": "LineString", "coordinates": [ [ -77.241, 38.874 ], [ -77.197, 38.865 ] ] } },
{ "type": "Feature", "properties": { "type": "edge", "id": null, "source": 164.0, "target": 166.0 }, "geometry": { "type": "LineString", "coordinates": [ [ -77.241, 38.874 ], [ -77.276, 38.817 ] ] } },
{ "type": "Feature", "properties": { "type": "edge", "id": null, "source": 164.0, "target": 167.0 }, "geometry": { "type": "LineString", "coordinates": [ [ -77.241, 38.874 ], [ -77.198, 38.876 ] ] } },
{ "type": "Feature", "properties": { "type": "edge", "id": null, "source": 164.0, "target": 193.0 }, "geometry": { "type": "LineString", "coordinates": [ [ -77.241, 38.874 ], [ -77.254, 38.81 ] ] } },
{ "type": "Feature", "properties": { "type": "edge", "id": null, "source": 164.0, "target": 198.0 }, "geometry": { "type": "LineString", "coordinates": [ [ -77.241, 38.874 ], [ -77.268, 38.899 ] ] } },
{ "type": "Feature", "properties": { "type": "edge", "id": null, "source": 164.0, "target": 200.0 }, "geometry": { "type": "LineString", "coordinates": [ [ -77.241, 38.874 ], [ -77.237, 38.915 ] ] } },
{ "type": "Feature", "properties": { "type": "edge", "id": null, "source": 165.0, "target": 167.0 }, "geometry": { "type": "LineString", "coordinates": [ [ -77.197, 38.865 ], [ -77.198, 38.876 ] ] } },
{ "type": "Feature", "properties": { "type": "edge", "id": null, "source": 166.0, "target": 188.0 }, "geometry": { "type": "LineString", "coordinates": [ [ -77.276, 38.817 ], [ -77.265, 38.752 ] ] } },
{ "type": "Feature", "properties": { "type": "edge", "id": null, "source": 166.0, "target": 193.0 }, "geometry": { "type": "LineString", "coordinates": [ [ -77.276, 38.817 ], [ -77.254, 38.81 ] ] } },
{ "type": "Feature", "properties": { "type": "edge", "id": null, "source": 168.0, "target": 180.0 }, "geometry": { "type": "LineString", "coordinates": [ [ -77.288, 38.997 ], [ -77.331, 38.939 ] ] } },
{ "type": "Feature", "properties": { "type": "edge", "id": null, "source": 168.0, "target": 181.0 }, "geometry": { "type": "LineString", "coordinates": [ [ -77.288, 38.997 ], [ -77.368, 38.954 ] ] } },
{ "type": "Feature", "properties": { "type": "edge", "id": null, "source": 168.0, "target": 187.0 }, "geometry": { "type": "LineString", "coordinates": [ [ -77.288, 38.997 ], [ -77.404, 38.998 ] ] } },
{ "type": "Feature", "properties": { "type": "edge", "id": null, "source": 168.0, "target": 189.0 }, "geometry": { "type": "LineString", "coordinates": [ [ -77.288, 38.997 ], [ -77.358, 39.041 ] ] } },
{ "type": "Feature", "properties": { "type": "edge", "id": null, "source": 168.0, "target": 200.0 }, "geometry": { "type": "LineString", "coordinates": [ [ -77.288, 38.997 ], [ -77.237, 38.915 ] ] } },
{ "type": "Feature", "properties": { "type": "edge", "id": null, "source": 169.0, "target": 171.0 }, "geometry": { "type": "LineString", "coordinates": [ [ -77.402, 38.958 ], [ -77.41, 38.951 ] ] } },
{ "type": "Feature", "properties": { "type": "edge", "id": null, "source": 169.0, "target": 172.0 }, "geometry": { "type": "LineString", "coordinates": [ [ -77.402, 38.958 ], [ -77.375, 38.928 ] ] } },
{ "type": "Feature", "properties": { "type": "edge", "id": null, "source": 169.0, "target": 181.0 }, "geometry": { "type": "LineString", "coordinates": [ [ -77.402, 38.958 ], [ -77.368, 38.954 ] ] } },
{ "type": "Feature", "properties": { "type": "edge", "id": null, "source": 169.0, "target": 194.0 }, "geometry": { "type": "LineString", "coordinates": [ [ -77.402, 38.958 ], [ -77.41, 38.977 ] ] } },
{ "type": "Feature", "properties": { "type": "edge", "id": null, "source": 170.0, "target": 171.0 }, "geometry": { "type": "LineString", "coordinates": [ [ -77.406, 38.908 ], [ -77.41, 38.951 ] ] } },
{ "type": "Feature", "properties": { "type": "edge", "id": null, "source": 170.0, "target": 172.0 }, "geometry": { "type": "LineString", "coordinates": [ [ -77.406, 38.908 ], [ -77.375, 38.928 ] ] } },
{ "type": "Feature", "properties": { "type": "edge", "id": null, "source": 171.0, "target": 172.0 }, "geometry": { "type": "LineString", "coordinates": [ [ -77.41, 38.951 ], [ -77.375, 38.928 ] ] } },
{ "type": "Feature", "properties": { "type": "edge", "id": null, "source": 171.0, "target": 194.0 }, "geometry": { "type": "LineString", "coordinates": [ [ -77.41, 38.951 ], [ -77.41, 38.977 ] ] } },
{ "type": "Feature", "properties": { "type": "edge", "id": null, "source": 171.0, "target": 195.0 }, "geometry": { "type": "LineString", "coordinates": [ [ -77.41, 38.951 ], [ -77.451, 38.963 ] ] } },
{ "type": "Feature", "properties": { "type": "edge", "id": null, "source": 171.0, "target": 196.0 }, "geometry": { "type": "LineString", "coordinates": [ [ -77.41, 38.951 ], [ -77.446, 38.965 ] ] } },
{ "type": "Feature", "properties": { "type": "edge", "id": null, "source": 172.0, "target": 178.0 }, "geometry": { "type": "LineString", "coordinates": [ [ -77.375, 38.928 ], [ -77.303, 38.88 ] ] } },
{ "type": "Feature", "properties": { "type": "edge", "id": null, "source": 172.0, "target": 180.0 }, "geometry": { "type": "LineString", "coordinates": [ [ -77.375, 38.928 ], [ -77.331, 38.939 ] ] } },
{ "type": "Feature", "properties": { "type": "edge", "id": null, "source": 172.0, "target": 181.0 }, "geometry": { "type": "LineString", "coordinates": [ [ -77.375, 38.928 ], [ -77.368, 38.954 ] ] } },
{ "type": "Feature", "properties": { "type": "edge", "id": null, "source": 173.0, "target": 174.0 }, "geometry": { "type": "LineString", "coordinates": [ [ -77.562, 39.08 ], [ -77.564, 39.106 ] ] } },
{ "type": "Feature", "properties": { "type": "edge", "id": null, "source": 173.0, "target": 176.0 }, "geometry": { "type": "LineString", "coordinates": [ [ -77.562, 39.08 ], [ -77.552, 39.111 ] ] } },
{ "type": "Feature", "properties": { "type": "edge", "id": null, "source": 173.0, "target": 177.0 }, "geometry": { "type": "LineString", "coordinates": [ [ -77.562, 39.08 ], [ -77.526, 39.099 ] ] } },
{ "type": "Feature", "properties": { "type": "edge", "id": null, "source": 173.0, "target": 179.0 }, "geometry": { "type": "LineString", "coordinates": [ [ -77.562, 39.08 ], [ -77.705, 39.136 ] ] } },
{ "type": "Feature", "properties": { "type": "edge", "id": null, "source": 174.0, "target": 176.0 }, "geometry": { "type": "LineString", "coordinates": [ [ -77.564, 39.106 ], [ -77.552, 39.111 ] ] } },
{ "type": "Feature", "properties": { "type": "edge", "id": null, "source": 174.0, "target": 179.0 }, "geometry": { "type": "LineString", "coordinates": [ [ -77.564, 39.106 ], [ -77.705, 39.136 ] ] } },
{ "type": "Feature", "properties": { "type": "edge", "id": null, "source": 175.0, "target": 191.0 }, "geometry": { "type": "LineString", "coordinates": [ [ -77.214, 38.713 ], [ -77.213, 38.74 ] ] } },
{ "type": "Feature", "properties": { "type": "edge", "id": null, "source": 176.0, "target": 177.0 }, "geometry": { "type": "LineString", "coordinates": [ [ -77.552, 39.111 ], [ -77.526, 39.099 ] ] } },
{ "type": "Feature", "properties": { "type": "edge", "id": null, "source": 176.0, "target": 179.0 }, "geometry": { "type": "LineString", "coordinates": [ [ -77.552, 39.111 ], [ -77.705, 39.136 ] ] } },
{ "type": "Feature", "properties": { "type": "edge", "id": null, "source": 178.0, "target": 180.0 }, "geometry": { "type": "LineString", "coordinates": [ [ -77.303, 38.88 ], [ -77.331, 38.939 ] ] } },
{ "type": "Feature", "properties": { "type": "edge", "id": null, "source": 178.0, "target": 198.0 }, "geometry": { "type": "LineString", "coordinates": [ [ -77.303, 38.88 ], [ -77.268, 38.899 ] ] } },
{ "type": "Feature", "properties": { "type": "edge", "id": null, "source": 179.0, "target": 185.0 }, "geometry": { "type": "LineString", "coordinates": [ [ -77.705, 39.136 ], [ -77.55, 38.94 ] ] } },
{ "type": "Feature", "properties": { "type": "edge", "id": null, "source": 180.0, "target": 181.0 }, "geometry": { "type": "LineString", "coordinates": [ [ -77.331, 38.939 ], [ -77.368, 38.954 ] ] } },
{ "type": "Feature", "properties": { "type": "edge", "id": null, "source": 180.0, "target": 198.0 }, "geometry": { "type": "LineString", "coordinates": [ [ -77.331, 38.939 ], [ -77.268, 38.899 ] ] } },
{ "type": "Feature", "properties": { "type": "edge", "id": null, "source": 180.0, "target": 200.0 }, "geometry": { "type": "LineString", "coordinates": [ [ -77.331, 38.939 ], [ -77.237, 38.915 ] ] } },
{ "type": "Feature", "properties": { "type": "edge", "id": null, "source": 181.0, "target": 187.0 }, "geometry": { "type": "LineString", "coordinates": [ [ -77.368, 38.954 ], [ -77.404, 38.998 ] ] } },
{ "type": "Feature", "properties": { "type": "edge", "id": null, "source": 181.0, "target": 194.0 }, "geometry": { "type": "LineString", "coordinates": [ [ -77.368, 38.954 ], [ -77.41, 38.977 ] ] } },
{ "type": "Feature", "properties": { "type": "edge", "id": null, "source": 182.0, "target": 185.0 }, "geometry": { "type": "LineString", "coordinates": [ [ -77.521, 38.925 ], [ -77.55, 38.94 ] ] } },
{ "type": "Feature", "properties": { "type": "edge", "id": null, "source": 182.0, "target": 195.0 }, "geometry": { "type": "LineString", "coordinates": [ [ -77.521, 38.925 ], [ -77.451, 38.963 ] ] } },
{ "type": "Feature", "properties": { "type": "edge", "id": null, "source": 183.0, "target": 184.0 }, "geometry": { "type": "LineString", "coordinates": [ [ -77.235, 38.781 ], [ -77.187, 38.781 ] ] } },
{ "type": "Feature", "properties": { "type": "edge", "id": null, "source": 183.0, "target": 188.0 }, "geometry": { "type": "LineString", "coordinates": [ [ -77.235, 38.781 ], [ -77.265, 38.752 ] ] } },
{ "type": "Feature", "properties": { "type": "edge", "id": null, "source": 183.0, "target": 191.0 }, "geometry": { "type": "LineString", "coordinates": [ [ -77.235, 38.781 ], [ -77.213, 38.74 ] ] } },
{ "type": "Feature", "properties": { "type": "edge", "id": null, "source": 183.0, "target": 193.0 }, "geometry": { "type": "LineString", "coordinates": [ [ -77.235, 38.781 ], [ -77.254, 38.81 ] ] } },
{ "type": "Feature", "properties": { "type": "edge", "id": null, "source": 184.0, "target": 186.0 }, "geometry": { "type": "LineString", "coordinates": [ [ -77.187, 38.781 ], [ -77.177, 38.771 ] ] } },
{ "type": "Feature", "properties": { "type": "edge", "id": null, "source": 184.0, "target": 191.0 }, "geometry": { "type": "LineString", "coordinates": [ [ -77.187, 38.781 ], [ -77.213, 38.74 ] ] } },
{ "type": "Feature", "properties": { "type": "edge", "id": null, "source": 186.0, "target": 191.0 }, "geometry": { "type": "LineString", "coordinates": [ [ -77.177, 38.771 ], [ -77.213, 38.74 ] ] } },
{ "type": "Feature", "properties": { "type": "edge", "id": null, "source": 187.0, "target": 189.0 }, "geometry": { "type": "LineString", "coordinates": [ [ -77.404, 38.998 ], [ -77.358, 39.041 ] ] } },
{ "type": "Feature", "properties": { "type": "edge", "id": null, "source": 187.0, "target": 190.0 }, "geometry": { "type": "LineString", "coordinates": [ [ -77.404, 38.998 ], [ -77.417, 39.009 ] ] } },
{ "type": "Feature", "properties": { "type": "edge", "id": null, "source": 187.0, "target": 192.0 }, "geometry": { "type": "LineString", "coordinates": [ [ -77.404, 38.998 ], [ -77.435, 38.979 ] ] } },
{ "type": "Feature", "properties": { "type": "edge", "id": null, "source": 187.0, "target": 194.0 }, "geometry": { "type": "LineString", "coordinates": [ [ -77.404, 38.998 ], [ -77.41, 38.977 ] ] } },
{ "type": "Feature", "properties": { "type": "edge", "id": null, "source": 187.0, "target": 199.0 }, "geometry": { "type": "LineString", "coordinates": [ [ -77.404, 38.998 ], [ -77.409, 39.037 ] ] } },
{ "type": "Feature", "properties": { "type": "edge", "id": null, "source": 188.0, "target": 191.0 }, "geometry": { "type": "LineString", "coordinates": [ [ -77.265, 38.752 ], [ -77.213, 38.74 ] ] } },
{ "type": "Feature", "properties": { "type": "edge", "id": null, "source": 188.0, "target": 193.0 }, "geometry": { "type": "LineString", "coordinates": [ [ -77.265, 38.752 ], [ -77.254, 38.81 ] ] } },
{ "type": "Feature", "properties": { "type": "edge", "id": null, "source": 189.0, "target": 199.0 }, "geometry": { "type": "LineString", "coordinates": [ [ -77.358, 39.041 ], [ -77.409, 39.037 ] ] } },
{ "type": "Feature", "properties": { "type": "edge", "id": null, "source": 190.0, "target": 192.0 }, "geometry": { "type": "LineString", "coordinates": [ [ -77.417, 39.009 ], [ -77.435, 38.979 ] ] } },
{ "type": "Feature", "properties": { "type": "edge", "id": null, "source": 190.0, "target": 197.0 }, "geometry": { "type": "LineString", "coordinates": [ [ -77.417, 39.009 ], [ -77.421, 39.026 ] ] } },
{ "type": "Feature", "properties": { "type": "edge", "id": null, "source": 190.0, "target": 199.0 }, "geometry": { "type": "LineString", "coordinates": [ [ -77.417, 39.009 ], [ -77.409, 39.037 ] ] } },
{ "type": "Feature", "properties": { "type": "edge", "id": null, "source": 192.0, "target": 194.0 }, "geometry": { "type": "LineString", "coordinates": [ [ -77.435, 38.979 ], [ -77.41, 38.977 ] ] } },
{ "type": "Feature", "properties": { "type": "edge", "id": null, "source": 192.0, "target": 195.0 }, "geometry": { "type": "LineString", "coordinates": [ [ -77.435, 38.979 ], [ -77.451, 38.963 ] ] } },
{ "type": "Feature", "properties": { "type": "edge", "id": null, "source": 192.0, "target": 196.0 }, "geometry": { "type": "LineString", "coordinates": [ [ -77.435, 38.979 ], [ -77.446, 38.965 ] ] } },
{ "type": "Feature", "properties": { "type": "edge", "id": null, "source": 194.0, "target": 196.0 }, "geometry": { "type": "LineString", "coordinates": [ [ -77.41, 38.977 ], [ -77.446, 38.965 ] ] } },
{ "type": "Feature", "properties": { "type": "edge", "id": null, "source": 195.0, "target": 196.0 }, "geometry": { "type": "LineString", "coordinates": [ [ -77.451, 38.963 ], [ -77.446, 38.965 ] ] } },
{ "type": "Feature", "properties": { "type": "edge", "id": null, "source": 197.0, "target": 199.0 }, "geometry": { "type": "LineString", "coordinates": [ [ -77.421, 39.026 ], [ -77.409, 39.037 ] ] } },
{ "type": "Feature", "properties": { "type": "edge", "id": null, "source": 198.0, "target": 200.0 }, "geometry": { "type": "LineString", "coordinates": [ [ -77.268, 38.899 ], [ -77.237, 38.915 ] ] } },
{ "type": "Feature", "properties": { "type": "edge", "id": null, "source": 201.0, "target": 211.0 }, "geometry": { "type": "LineString", "coordinates": [ [ -77.048, 38.894 ], [ -77.03, 38.895 ] ] } },
{ "type": "Feature", "properties": { "type": "edge", "id": null, "source": 201.0, "target": 217.0 }, "geometry": { "type": "LineString", "coordinates": [ [ -77.048, 38.894 ], [ -77.038, 38.902 ] ] } },
{ "type": "Feature", "properties": { "type": "edge", "id": null, "source": 201.0, "target": 220.0 }, "geometry": { "type": "LineString", "coordinates": [ [ -77.048, 38.894 ], [ -77.05, 38.901 ] ] } },
{ "type": "Feature", "properties": { "type": "edge", "id": null, "source": 201.0, "target": 224.0 }, "geometry": { "type": "LineString", "coordinates": [ [ -77.048, 38.894 ], [ -77.046, 38.903 ] ] } },
{ "type": "Feature", "properties": { "type": "edge", "id": null, "source": 201.0, "target": 227.0 }, "geometry": { "type": "LineString", "coordinates": [ [ -77.048, 38.894 ], [ -77.051, 38.897 ] ] } },
{ "type": "Feature", "properties": { "type": "edge", "id": null, "source": 201.0, "target": 254.0 }, "geometry": { "type": "LineString", "coordinates": [ [ -77.048, 38.894 ], [ -77.032, 38.89 ] ] } },
{ "type": "Feature", "properties": { "type": "edge", "id": null, "source": 202.0, "target": 204.0 }, "geometry": { "type": "LineString", "coordinates": [ [ -77.005, 38.887 ], [ -77.004, 38.877 ] ] } },
{ "type": "Feature", "properties": { "type": "edge", "id": null, "source": 202.0, "target": 212.0 }, "geometry": { "type": "LineString", "coordinates": [ [ -77.005, 38.887 ], [ -76.985, 38.867 ] ] } },
{ "type": "Feature", "properties": { "type": "edge", "id": null, "source": 202.0, "target": 214.0 }, "geometry": { "type": "LineString", "coordinates": [ [ -77.005, 38.887 ], [ -76.982, 38.9 ] ] } },
{ "type": "Feature", "properties": { "type": "edge", "id": null, "source": 202.0, "target": 221.0 }, "geometry": { "type": "LineString", "coordinates": [ [ -77.005, 38.887 ], [ -77.008, 38.877 ] ] } },
{ "type": "Feature", "properties": { "type": "edge", "id": null, "source": 202.0, "target": 244.0 }, "geometry": { "type": "LineString", "coordinates": [ [ -77.005, 38.887 ], [ -77.019, 38.895 ] ] } },
{ "type": "Feature", "properties": { "type": "edge", "id": null, "source": 202.0, "target": 245.0 }, "geometry": { "type": "LineString", "coordinates": [ [ -77.005, 38.887 ], [ -77.019, 38.884 ] ] } },
{ "type": "Feature", "properties": { "type": "edge", "id": null, "source": 202.0, "target": 250.0 }, "geometry": { "type": "LineString", "coordinates": [ [ -77.005, 38.887 ], [ -77.01, 38.901 ] ] } },
{ "type": "Feature", "properties": { "type": "edge", "id": null, "source": 202.0, "target": 251.0 }, "geometry": { "type": "LineString", "coordinates": [ [ -77.005, 38.887 ], [ -77.006, 38.903 ] ] } },
{ "type": "Feature", "properties": { "type": "edge", "id": null, "source": 203.0, "target": 205.0 }, "geometry": { "type": "LineString", "coordinates": [ [ -77.034, 38.903 ], [ -77.027, 38.9 ] ] } },
{ "type": "Feature", "properties": { "type": "edge", "id": null, "source": 203.0, "target": 207.0 }, "geometry": { "type": "LineString", "coordinates": [ [ -77.034, 38.903 ], [ -77.022, 38.906 ] ] } },
{ "type": "Feature", "properties": { "type": "edge", "id": null, "source": 203.0, "target": 208.0 }, "geometry": { "type": "LineString", "coordinates": [ [ -77.034, 38.903 ], [ -77.041, 38.905 ] ] } },
{ "type": "Feature", "properties": { "type": "edge", "id": null, "source": 203.0, "target": 213.0 }, "geometry": { "type": "LineString", "coordinates": [ [ -77.034, 38.903 ], [ -77.033, 38.901 ] ] } },
{ "type": "Feature", "properties": { "type": "edge", "id": null, "source": 203.0, "target": 216.0 }, "geometry": { "type": "LineString", "coordinates": [ [ -77.034, 38.903 ], [ -77.038, 38.912 ] ] } },
{ "type": "Feature", "properties": { "type": "edge", "id": null, "source": 203.0, "target": 217.0 }, "geometry": { "type": "LineString", "coordinates": [ [ -77.034, 38.903 ], [ -77.038, 38.902 ] ] } },
{ "type": "Feature", "properties": { "type": "edge", "id": null, "source": 203.0, "target": 218.0 }, "geometry": { "type": "LineString", "coordinates": [ [ -77.034, 38.903 ], [ -77.04, 38.904 ] ] } },
{ "type": "Feature", "properties": { "type": "edge", "id": null, "source": 204.0, "target": 212.0 }, "geometry": { "type": "LineString", "coordinates": [ [ -77.004, 38.877 ], [ -76.985, 38.867 ] ] } },
{ "type": "Feature", "properties": { "type": "edge", "id": null, "source": 204.0, "target": 221.0 }, "geometry": { "type": "LineString", "coordinates": [ [ -77.004, 38.877 ], [ -77.008, 38.877 ] ] } },
{ "type": "Feature", "properties": { "type": "edge", "id": null, "source": 205.0, "target": 207.0 }, "geometry": { "type": "LineString", "coordinates": [ [ -77.027, 38.9 ], [ -77.022, 38.906 ] ] } },
{ "type": "Feature", "properties": { "type": "edge", "id": null, "source": 205.0, "target": 213.0 }, "geometry": { "type": "LineString", "coordinates": [ [ -77.027, 38.9 ], [ -77.033, 38.901 ] ] } },
{ "type": "Feature", "properties": { "type": "edge", "id": null, "source": 205.0, "target": 248.0 }, "geometry": { "type": "LineString", "coordinates": [ [ -77.027, 38.9 ], [ -77.029, 38.897 ] ] } },
{ "type": "Feature", "properties": { "type": "edge", "id": null, "source": 205.0, "target": 252.0 }, "geometry": { "type": "LineString", "coordinates": [ [ -77.027, 38.9 ], [ -77.024, 38.897 ] ] } },
{ "type": "Feature", "properties": { "type": "edge", "id": null, "source": 206.0, "target": 221.0 }, "geometry": { "type": "LineString", "coordinates": [ [ -77.018, 38.878 ], [ -77.008, 38.877 ] ] } },
{ "type": "Feature", "properties": { "type": "edge", "id": null, "source": 206.0, "target": 239.0 }, "geometry": { "type": "LineString", "coordinates": [ [ -77.018, 38.878 ], [ -77.025, 38.884 ] ] } },
{ "type": "Feature", "properties": { "type": "edge", "id": null, "source": 206.0, "target": 245.0 }, "geometry": { "type": "LineString", "coordinates": [ [ -77.018, 38.878 ], [ -77.019, 38.884 ] ] } },
{ "type": "Feature", "properties": { "type": "edge", "id": null, "source": 206.0, "target": 253.0 }, "geometry": { "type": "LineString", "coordinates": [ [ -77.018, 38.878 ], [ -77.017, 38.84 ] ] } },
{ "type": "Feature", "properties": { "type": "edge", "id": null, "source": 207.0, "target": 210.0 }, "geometry": { "type": "LineString", "coordinates": [ [ -77.022, 38.906 ], [ -77.004, 38.908 ] ] } },
{ "type": "Feature", "properties": { "type": "edge", "id": null, "source": 207.0, "target": 216.0 }, "geometry": { "type": "LineString", "coordinates": [ [ -77.022, 38.906 ], [ -77.038, 38.912 ] ] } },
{ "type": "Feature", "properties": { "type": "edge", "id": null, "source": 207.0, "target": 222.0 }, "geometry": { "type": "LineString", "coordinates": [ [ -77.022, 38.906 ], [ -77.032, 38.917 ] ] } },
{ "type": "Feature", "properties": { "type": "edge", "id": null, "source": 207.0, "target": 226.0 }, "geometry": { "type": "LineString", "coordinates": [ [ -77.022, 38.906 ], [ -77.022, 38.921 ] ] } },
{ "type": "Feature", "properties": { "type": "edge", "id": null, "source": 207.0, "target": 244.0 }, "geometry": { "type": "LineString", "coordinates": [ [ -77.022, 38.906 ], [ -77.019, 38.895 ] ] } },
{ "type": "Feature", "properties": { "type": "edge", "id": null, "source": 207.0, "target": 250.0 }, "geometry": { "type": "LineString", "coordinates": [ [ -77.022, 38.906 ], [ -77.01, 38.901 ] ] } },
{ "type": "Feature", "properties": { "type": "edge", "id": null, "source": 207.0, "target": 252.0 }, "geometry": { "type": "LineString", "coordinates": [ [ -77.022, 38.906 ], [ -77.024, 38.897 ] ] } },
{ "type": "Feature", "properties": { "type": "edge", "id": null, "source": 208.0, "target": 216.0 }, "geometry": { "type": "LineString", "coordinates": [ [ -77.041, 38.905 ], [ -77.038, 38.912 ] ] } },
{ "type": "Feature", "properties": { "type": "edge", "id": null, "source": 208.0, "target": 218.0 }, "geometry": { "type": "LineString", "coordinates": [ [ -77.041, 38.905 ], [ -77.04, 38.904 ] ] } },
{ "type": "Feature", "properties": { "type": "edge", "id": null, "source": 208.0, "target": 223.0 }, "geometry": { "type": "LineString", "coordinates": [ [ -77.041, 38.905 ], [ -77.045, 38.909 ] ] } },
{ "type": "Feature", "properties": { "type": "edge", "id": null, "source": 208.0, "target": 224.0 }, "geometry": { "type": "LineString", "coordinates": [ [ -77.041, 38.905 ], [ -77.046, 38.903 ] ] } },
{ "type": "Feature", "properties": { "type": "edge", "id": null, "source": 209.0, "target": 230.0 }, "geometry": { "type": "LineString", "coordinates": [ [ -77.028, 38.968 ], [ -77.002, 38.959 ] ] } },
{ "type": "Feature", "properties": { "type": "edge", "id": null, "source": 209.0, "target": 236.0 }, "geometry": { "type": "LineString", "coordinates": [ [ -77.028, 38.968 ], [ -77.059, 38.936 ] ] } },
{ "type": "Feature", "properties": { "type": "edge", "id": null, "source": 209.0, "target": 237.0 }, "geometry": { "type": "LineString", "coordinates": [ [ -77.028, 38.968 ], [ -77.025, 38.937 ] ] } },
{ "type": "Feature", "properties": { "type": "edge", "id": null, "source": 209.0, "target": 249.0 }, "geometry": { "type": "LineString", "coordinates": [ [ -77.028, 38.968 ], [ -77.076, 38.965 ] ] } },
{ "type": "Feature", "properties": { "type": "edge", "id": null, "source": 210.0, "target": 226.0 }, "geometry": { "type": "LineString", "coordinates": [ [ -77.004, 38.908 ], [ -77.022, 38.921 ] ] } },
{ "type": "Feature", "properties": { "type": "edge", "id": null, "source": 210.0, "target": 235.0 }, "geometry": { "type": "LineString", "coordinates": [ [ -77.004, 38.908 ], [ -76.991, 38.933 ] ] } },
{ "type": "Feature", "properties": { "type": "edge", "id": null, "source": 210.0, "target": 246.0 }, "geometry": { "type": "LineString", "coordinates": [ [ -77.004, 38.908 ], [ -76.998, 38.907 ] ] } },
{ "type": "Feature", "properties": { "type": "edge", "id": null, "source": 210.0, "target": 250.0 }, "geometry": { "type": "LineString", "coordinates": [ [ -77.004, 38.908 ], [ -77.01, 38.901 ] ] } },
{ "type": "Feature", "properties": { "type": "edge", "id": null, "source": 210.0, "target": 251.0 }, "geometry": { "type": "LineString", "coordinates": [ [ -77.004, 38.908 ], [ -77.006, 38.903 ] ] } },
{ "type": "Feature", "properties": { "type": "edge", "id": null, "source": 211.0, "target": 213.0 }, "geometry": { "type": "LineString", "coordinates": [ [ -77.03, 38.895 ], [ -77.033, 38.901 ] ] } },
{ "type": "Feature", "properties": { "type": "edge", "id": null, "source": 211.0, "target": 217.0 }, "geometry": { "type": "LineString", "coordinates": [ [ -77.03, 38.895 ], [ -77.038, 38.902 ] ] } },
{ "type": "Feature", "properties": { "type": "edge", "id": null, "source": 211.0, "target": 244.0 }, "geometry": { "type": "LineString", "coordinates": [ [ -77.03, 38.895 ], [ -77.019, 38.895 ] ] } },
{ "type": "Feature", "properties": { "type": "edge", "id": null, "source": 211.0, "target": 248.0 }, "geometry": { "type": "LineString", "coordinates": [ [ -77.03, 38.895 ], [ -77.029, 38.897 ] ] } },
{ "type": "Feature", "properties": { "type": "edge", "id": null, "source": 211.0, "target": 252.0 }, "geometry": { "type": "LineString", "coordinates": [ [ -77.03, 38.895 ], [ -77.024, 38.897 ] ] } },
{ "type": "Feature", "properties": { "type": "edge", "id": null, "source": 211.0, "target": 254.0 }, "geometry": { "type": "LineString", "coordinates": [ [ -77.03, 38.895 ], [ -77.032, 38.89 ] ] } },
{ "type": "Feature", "properties": { "type": "edge", "id": null, "source": 212.0, "target": 214.0 }, "geometry": { "type": "LineString", "coordinates": [ [ -76.985, 38.867 ], [ -76.982, 38.9 ] ] } },
{ "type": "Feature", "properties": { "type": "edge", "id": null, "source": 212.0, "target": 215.0 }, "geometry": { "type": "LineString", "coordinates": [ [ -76.985, 38.867 ], [ -76.981, 38.846 ] ] } },
{ "type": "Feature", "properties": { "type": "edge", "id": null, "source": 212.0, "target": 221.0 }, "geometry": { "type": "LineString", "coordinates": [ [ -76.985, 38.867 ], [ -77.008, 38.877 ] ] } },
{ "type": "Feature", "properties": { "type": "edge", "id": null, "source": 212.0, "target": 229.0 }, "geometry": { "type": "LineString", "coordinates": [ [ -76.985, 38.867 ], [ -76.965, 38.86 ] ] } },
{ "type": "Feature", "properties": { "type": "edge", "id": null, "source": 212.0, "target": 232.0 }, "geometry": { "type": "LineString", "coordinates": [ [ -76.985, 38.867 ], [ -76.96, 38.87 ] ] } },
{ "type": "Feature", "properties": { "type": "edge", "id": null, "source": 212.0, "target": 253.0 }, "geometry": { "type": "LineString", "coordinates": [ [ -76.985, 38.867 ], [ -77.017, 38.84 ] ] } },
{ "type": "Feature", "properties": { "type": "edge", "id": null, "source": 213.0, "target": 217.0 }, "geometry": { "type": "LineString", "coordinates": [ [ -77.033, 38.901 ], [ -77.038, 38.902 ] ] } },
{ "type": "Feature", "properties": { "type": "edge", "id": null, "source": 213.0, "target": 248.0 }, "geometry": { "type": "LineString", "coordinates": [ [ -77.033, 38.901 ], [ -77.029, 38.897 ] ] } },
{ "type": "Feature", "properties": { "type": "edge", "id": null, "source": 214.0, "target": 232.0 }, "geometry": { "type": "LineString", "coordinates": [ [ -76.982, 38.9 ], [ -76.96, 38.87 ] ] } },
{ "type": "Feature", "properties": { "type": "edge", "id": null, "source": 214.0, "target": 235.0 }, "geometry": { "type": "LineString", "coordinates": [ [ -76.982, 38.9 ], [ -76.991, 38.933 ] ] } },
{ "type": "Feature", "properties": { "type": "edge", "id": null, "source": 214.0, "target": 238.0 }, "geometry": { "type": "LineString", "coordinates": [ [ -76.982, 38.9 ], [ -76.95, 38.895 ] ] } },
{ "type": "Feature", "properties": { "type": "edge", "id": null, "source": 214.0, "target": 246.0 }, "geometry": { "type": "LineString", "coordinates": [ [ -76.982, 38.9 ], [ -76.998, 38.907 ] ] } },
{ "type": "Feature", "properties": { "type": "edge", "id": null, "source": 214.0, "target": 251.0 }, "geometry": { "type": "LineString", "coordinates": [ [ -76.982, 38.9 ], [ -77.006, 38.903 ] ] } },
{ "type": "Feature", "properties": { "type": "edge", "id": null, "source": 215.0, "target": 229.0 }, "geometry": { "type": "LineString", "coordinates": [ [ -76.981, 38.846 ], [ -76.965, 38.86 ] ] } },
{ "type": "Feature", "properties": { "type": "edge", "id": null, "source": 215.0, "target": 253.0 }, "geometry": { "type": "LineString", "coordinates": [ [ -76.981, 38.846 ], [ -77.017, 38.84 ] ] } },
{ "type": "Feature", "properties": { "type": "edge", "id": null, "source": 216.0, "target": 222.0 }, "geometry": { "type": "LineString", "coordinates": [ [ -77.038, 38.912 ], [ -77.032, 38.917 ] ] } },
{ "type": "Feature", "properties": { "type": "edge", "id": null, "source": 216.0, "target": 223.0 }, "geometry": { "type": "LineString", "coordinates": [ [ -77.038, 38.912 ], [ -77.045, 38.909 ] ] } },
{ "type": "Feature", "properties": { "type": "edge", "id": null, "source": 216.0, "target": 228.0 }, "geometry": { "type": "LineString", "coordinates": [ [ -77.038, 38.912 ], [ -77.042, 38.922 ] ] } },
{ "type": "Feature", "properties": { "type": "edge", "id": null, "source": 217.0, "target": 218.0 }, "geometry": { "type": "LineString", "coordinates": [ [ -77.038, 38.902 ], [ -77.04, 38.904 ] ] } },
{ "type": "Feature", "properties": { "type": "edge", "id": null, "source": 217.0, "target": 224.0 }, "geometry": { "type": "LineString", "coordinates": [ [ -77.038, 38.902 ], [ -77.046, 38.903 ] ] } },
{ "type": "Feature", "properties": { "type": "edge", "id": null, "source": 218.0, "target": 224.0 }, "geometry": { "type": "LineString", "coordinates": [ [ -77.04, 38.904 ], [ -77.046, 38.903 ] ] } },
{ "type": "Feature", "properties": { "type": "edge", "id": null, "source": 219.0, "target": 230.0 }, "geometry": { "type": "LineString", "coordinates": [ [ -76.978, 38.946 ], [ -77.002, 38.959 ] ] } },
{ "type": "Feature", "properties": { "type": "edge", "id": null, "source": 219.0, "target": 234.0 }, "geometry": { "type": "LineString", "coordinates": [ [ -76.978, 38.946 ], [ -77.001, 38.941 ] ] } },
{ "type": "Feature", "properties": { "type": "edge", "id": null, "source": 219.0, "target": 235.0 }, "geometry": { "type": "LineString", "coordinates": [ [ -76.978, 38.946 ], [ -76.991, 38.933 ] ] } },
{ "type": "Feature", "properties": { "type": "edge", "id": null, "source": 220.0, "target": 223.0 }, "geometry": { "type": "LineString", "coordinates": [ [ -77.05, 38.901 ], [ -77.045, 38.909 ] ] } },
{ "type": "Feature", "properties": { "type": "edge", "id": null, "source": 220.0, "target": 224.0 }, "geometry": { "type": "LineString", "coordinates": [ [ -77.05, 38.901 ], [ -77.046, 38.903 ] ] } },
{ "type": "Feature", "properties": { "type": "edge", "id": null, "source": 220.0, "target": 225.0 }, "geometry": { "type": "LineString", "coordinates": [ [ -77.05, 38.901 ], [ -77.071, 38.92 ] ] } },
{ "type": "Feature", "properties": { "type": "edge", "id": null, "source": 220.0, "target": 227.0 }, "geometry": { "type": "LineString", "coordinates": [ [ -77.05, 38.901 ], [ -77.051, 38.897 ] ] } },
{ "type": "Feature", "properties": { "type": "edge", "id": null, "source": 221.0, "target": 245.0 }, "geometry": { "type": "LineString", "coordinates": [ [ -77.008, 38.877 ], [ -77.019, 38.884 ] ] } },
{ "type": "Feature", "properties": { "type": "edge", "id": null, "source": 221.0, "target": 253.0 }, "geometry": { "type": "LineString", "coordinates": [ [ -77.008, 38.877 ], [ -77.017, 38.84 ] ] } },
{ "type": "Feature", "properties": { "type": "edge", "id": null, "source": 222.0, "target": 226.0 }, "geometry": { "type": "LineString", "coordinates": [ [ -77.032, 38.917 ], [ -77.022, 38.921 ] ] } },
{ "type": "Feature", "properties": { "type": "edge", "id": null, "source": 222.0, "target": 228.0 }, "geometry": { "type": "LineString", "coordinates": [ [ -77.032, 38.917 ], [ -77.042, 38.922 ] ] } },
{ "type": "Feature", "properties": { "type": "edge", "id": null, "source": 222.0, "target": 233.0 }, "geometry": { "type": "LineString", "coordinates": [ [ -77.032, 38.917 ], [ -77.033, 38.931 ] ] } },
{ "type": "Feature", "properties": { "type": "edge", "id": null, "source": 223.0, "target": 224.0 }, "geometry": { "type": "LineString", "coordinates": [ [ -77.045, 38.909 ], [ -77.046, 38.903 ] ] } },
{ "type": "Feature", "properties": { "type": "edge", "id": null, "source": 223.0, "target": 225.0 }, "geometry": { "type": "LineString", "coordinates": [ [ -77.045, 38.909 ], [ -77.071, 38.92 ] ] } },
{ "type": "Feature", "properties": { "type": "edge", "id": null, "source": 223.0, "target": 228.0 }, "geometry": { "type": "LineString", "coordinates": [ [ -77.045, 38.909 ], [ -77.042, 38.922 ] ] } },
{ "type": "Feature", "properties": { "type": "edge", "id": null, "source": 225.0, "target": 228.0 }, "geometry": { "type": "LineString", "coordinates": [ [ -77.071, 38.92 ], [ -77.042, 38.922 ] ] } },
{ "type": "Feature", "properties": { "type": "edge", "id": null, "source": 225.0, "target": 236.0 }, "geometry": { "type": "LineString", "coordinates": [ [ -77.071, 38.92 ], [ -77.059, 38.936 ] ] } },
{ "type": "Feature", "properties": { "type": "edge", "id": null, "source": 225.0, "target": 240.0 }, "geometry": { "type": "LineString", "coordinates": [ [ -77.071, 38.92 ], [ -77.079, 38.948 ] ] } },
{ "type": "Feature", "properties": { "type": "edge", "id": null, "source": 226.0, "target": 233.0 }, "geometry": { "type": "LineString", "coordinates": [ [ -77.022, 38.921 ], [ -77.033, 38.931 ] ] } },
{ "type": "Feature", "properties": { "type": "edge", "id": null, "source": 226.0, "target": 234.0 }, "geometry": { "type": "LineString", "coordinates": [ [ -77.022, 38.921 ], [ -77.001, 38.941 ] ] } },
{ "type": "Feature", "properties": { "type": "edge", "id": null, "source": 226.0, "target": 235.0 }, "geometry": { "type": "LineString", "coordinates": [ [ -77.022, 38.921 ], [ -76.991, 38.933 ] ] } },
{ "type": "Feature", "properties": { "type": "edge", "id": null, "source": 226.0, "target": 237.0 }, "geometry": { "type": "LineString", "coordinates": [ [ -77.022, 38.921 ], [ -77.025, 38.937 ] ] } },
{ "type": "Feature", "properties": { "type": "edge", "id": null, "source": 228.0, "target": 231.0 }, "geometry": { "type": "LineString", "coordinates": [ [ -77.042, 38.922 ], [ -77.038, 38.931 ] ] } },
{ "type": "Feature", "properties": { "type": "edge", "id": null, "source": 228.0, "target": 233.0 }, "geometry": { "type": "LineString", "coordinates": [ [ -77.042, 38.922 ], [ -77.033, 38.931 ] ] } },
{ "type": "Feature", "properties": { "type": "edge", "id": null, "source": 228.0, "target": 236.0 }, "geometry": { "type": "LineString", "coordinates": [ [ -77.042, 38.922 ], [ -77.059, 38.936 ] ] } },
{ "type": "Feature", "properties": { "type": "edge", "id": null, "source": 229.0, "target": 232.0 }, "geometry": { "type": "LineString", "coordinates": [ [ -76.965, 38.86 ], [ -76.96, 38.87 ] ] } },
{ "type": "Feature", "properties": { "type": "edge", "id": null, "source": 230.0, "target": 234.0 }, "geometry": { "type": "LineString", "coordinates": [ [ -77.002, 38.959 ], [ -77.001, 38.941 ] ] } },
{ "type": "Feature", "properties": { "type": "edge", "id": null, "source": 230.0, "target": 237.0 }, "geometry": { "type": "LineString", "coordinates": [ [ -77.002, 38.959 ], [ -77.025, 38.937 ] ] } },
{ "type": "Feature", "properties": { "type": "edge", "id": null, "source": 231.0, "target": 233.0 }, "geometry": { "type": "LineString", "coordinates": [ [ -77.038, 38.931 ], [ -77.033, 38.931 ] ] } },
{ "type": "Feature", "properties": { "type": "edge", "id": null, "source": 231.0, "target": 236.0 }, "geometry": { "type": "LineString", "coordinates": [ [ -77.038, 38.931 ], [ -77.059, 38.936 ] ] } },
{ "type": "Feature", "properties": { "type": "edge", "id": null, "source": 231.0, "target": 237.0 }, "geometry": { "type": "LineString", "coordinates": [ [ -77.038, 38.931 ], [ -77.025, 38.937 ] ] } },
{ "type": "Feature", "properties": { "type": "edge", "id": null, "source": 232.0, "target": 238.0 }, "geometry": { "type": "LineString", "coordinates": [ [ -76.96, 38.87 ], [ -76.95, 38.895 ] ] } },
{ "type": "Feature", "properties": { "type": "edge", "id": null, "source": 232.0, "target": 241.0 }, "geometry": { "type": "LineString", "coordinates": [ [ -76.96, 38.87 ], [ -76.937, 38.889 ] ] } },
{ "type": "Feature", "properties": { "type": "edge", "id": null, "source": 233.0, "target": 237.0 }, "geometry": { "type": "LineString", "coordinates": [ [ -77.033, 38.931 ], [ -77.025, 38.937 ] ] } },
{ "type": "Feature", "properties": { "type": "edge", "id": null, "source": 234.0, "target": 235.0 }, "geometry": { "type": "LineString", "coordinates": [ [ -77.001, 38.941 ], [ -76.991, 38.933 ] ] } },
{ "type": "Feature", "properties": { "type": "edge", "id": null, "source": 234.0, "target": 237.0 }, "geometry": { "type": "LineString", "coordinates": [ [ -77.001, 38.941 ], [ -77.025, 38.937 ] ] } },
{ "type": "Feature", "properties": { "type": "edge", "id": null, "source": 235.0, "target": 246.0 }, "geometry": { "type": "LineString", "coordinates": [ [ -76.991, 38.933 ], [ -76.998, 38.907 ] ] } },
{ "type": "Feature", "properties": { "type": "edge", "id": null, "source": 236.0, "target": 237.0 }, "geometry": { "type": "LineString", "coordinates": [ [ -77.059, 38.936 ], [ -77.025, 38.937 ] ] } },
{ "type": "Feature", "properties": { "type": "edge", "id": null, "source": 236.0, "target": 240.0 }, "geometry": { "type": "LineString", "coordinates": [ [ -77.059, 38.936 ], [ -77.079, 38.948 ] ] } },
{ "type": "Feature", "properties": { "type": "edge", "id": null, "source": 236.0, "target": 249.0 }, "geometry": { "type": "LineString", "coordinates": [ [ -77.059, 38.936 ], [ -77.076, 38.965 ] ] } },
{ "type": "Feature", "properties": { "type": "edge", "id": null, "source": 238.0, "target": 241.0 }, "geometry": { "type": "LineString", "coordinates": [ [ -76.95, 38.895 ], [ -76.937, 38.889 ] ] } },
{ "type": "Feature", "properties": { "type": "edge", "id": null, "source": 238.0, "target": 243.0 }, "geometry": { "type": "LineString", "coordinates": [ [ -76.95, 38.895 ], [ -76.933, 38.899 ] ] } },
{ "type": "Feature", "properties": { "type": "edge", "id": null, "source": 239.0, "target": 244.0 }, "geometry": { "type": "LineString", "coordinates": [ [ -77.025, 38.884 ], [ -77.019, 38.895 ] ] } },
{ "type": "Feature", "properties": { "type": "edge", "id": null, "source": 239.0, "target": 245.0 }, "geometry": { "type": "LineString", "coordinates": [ [ -77.025, 38.884 ], [ -77.019, 38.884 ] ] } },
{ "type": "Feature", "properties": { "type": "edge", "id": null, "source": 239.0, "target": 254.0 }, "geometry": { "type": "LineString", "coordinates": [ [ -77.025, 38.884 ], [ -77.032, 38.89 ] ] } },
{ "type": "Feature", "properties": { "type": "edge", "id": null, "source": 240.0, "target": 247.0 }, "geometry": { "type": "LineString", "coordinates": [ [ -77.079, 38.948 ], [ -77.086, 38.959 ] ] } },
{ "type": "Feature", "properties": { "type": "edge", "id": null, "source": 240.0, "target": 249.0 }, "geometry": { "type": "LineString", "coordinates": [ [ -77.079, 38.948 ], [ -77.076, 38.965 ] ] } },
{ "type": "Feature", "properties": { "type": "edge", "id": null, "source": 241.0, "target": 243.0 }, "geometry": { "type": "LineString", "coordinates": [ [ -76.937, 38.889 ], [ -76.933, 38.899 ] ] } },
{ "type": "Feature", "properties": { "type": "edge", "id": null, "source": 242.0, "target": 253.0 }, "geometry": { "type": "LineString", "coordinates": [ [ -77.018, 38.823 ], [ -77.017, 38.84 ] ] } },
{ "type": "Feature", "properties": { "type": "edge", "id": null, "source": 244.0, "target": 245.0 }, "geometry": { "type": "LineString", "coordinates": [ [ -77.019, 38.895 ], [ -77.019, 38.884 ] ] } },
{ "type": "Feature", "properties": { "type": "edge", "id": null, "source": 244.0, "target": 250.0 }, "geometry": { "type": "LineString", "coordinates": [ [ -77.019, 38.895 ], [ -77.01, 38.901 ] ] } },
{ "type": "Feature", "properties": { "type": "edge", "id": null, "source": 244.0, "target": 252.0 }, "geometry": { "type": "LineString", "coordinates": [ [ -77.019, 38.895 ], [ -77.024, 38.897 ] ] } },
{ "type": "Feature", "properties": { "type": "edge", "id": null, "source": 244.0, "target": 254.0 }, "geometry": { "type": "LineString", "coordinates": [ [ -77.019, 38.895 ], [ -77.032, 38.89 ] ] } },
{ "type": "Feature", "properties": { "type": "edge", "id": null, "source": 246.0, "target": 251.0 }, "geometry": { "type": "LineString", "coordinates": [ [ -76.998, 38.907 ], [ -77.006, 38.903 ] ] } },
{ "type": "Feature", "properties": { "type": "edge", "id": null, "source": 247.0, "target": 249.0 }, "geometry": { "type": "LineString", "coordinates": [ [ -77.086, 38.959 ], [ -77.076, 38.965 ] ] } },
{ "type": "Feature", "properties": { "type": "edge", "id": null, "source": 248.0, "target": 252.0 }, "geometry": { "type": "LineString", "coordinates": [ [ -77.029, 38.897 ], [ -77.024, 38.897 ] ] } },
{ "type": "Feature", "properties": { "type": "edge", "id": null, "source": 250.0, "target": 251.0 }, "geometry": { "type": "LineString", "coordinates": [ [ -77.01, 38.901 ], [ -77.006, 38.903 ] ] } }
]
}
